00B3B	2K5/3P4/5b2/p1B5/P7/3k4/6p1/8 w - - 7 77	d7d8q f6d8 c8d8 d3c4	1429	94	endgame
00ghH	5r1k/6p1/1Q2pq1p/P4r2/3P4/2P1R3/6PP/4R1K1 w - - 1 39	d4d5 f5f1 e1f1 f6f1	698	100	endgame mate mateIn2
00wUm	5rk1/pR1Q1ppp/4N3/3p1n2/8/7P/q1r2PP1/4R1K1 b - - 0 28	c2f2 d7f7 f8f7 b7b8 f7f8 b8f8	1499	97	mate mateIn3 sacrifice
01M89	8/2p5/1p2B3/p7/5r2/P4pN1/1PP4k/1K4R1 w - - 1 59	g3e2 f3e2 g1e1 f4f1 b1c1 f1e1	1158	94	advancedPawn endgame hangingPiece pin
01k4m	r1bqr1k1/1p2bppp/p4n2/3p2B1/8/2PB1N1P/PP2Q1P1/RN2R1K1 w - - 4 15	b1d2 e7c5 g1h1 e8e2	1303	93	discoveredAttack
01naC	r1bq1b1r/1ppk1Qp1/p1n1p2p/3n1p2/3PN3/2PB2B1/PP3PPP/R3K1NR b KQ - 3 11	f8e7 e4c5	1247	93	mate mateIn1
01z4c	3QN1k1/1p3pb1/2r1p1p1/3pP3/3P3p/1B5P/PP3KP1/2r2n2 b - - 5 31	c6c8 e8f6	937	100	doubleCheck mate mateIn1
02jvv	3rr1k1/ppp1qp1p/6p1/7P/4BQ2/P4N2/1bP2PP1/3R1RK1 b - - 0 27	e7e4 f4e4 e8e4 d1d8	1713	86	
03U5L	r1b1k2N/pppp2pp/2n5/3Qp3/2B5/8/PPP4P/RNB1q1Kn w q - 2 12	c4f1 e1f2 g1h1 f2f1	942	100	deflection kingsideAttack mate mateIn2
03Ws6	8/2k1N3/8/2Pp1p1p/3P1P1P/8/1pK5/2b5 b - - 1 56	c1e3 e7d5 c7c6 d5e3 b2b1q c2b1	801	100	endgame fork
03mei	r1bk3r/ppp2ppp/8/8/8/4P1P1/PP1P1bBP/R1Bn1K1R b - - 0 11	h8e8 f1e2 c8g4 g2f3	1195	93	defensiveMove
03rAq	8/8/4p3/1pPp1k1p/p1p4P/P1P1PK2/1P6/8 b - - 0 41	e6e5 e3e4 d5e4 f3e3	2058	92	endgame pawnEndgame
04ilU	8/4k3/6pp/1P3p2/4p3/5bP1/5P1P/4K1N1 b - - 5 40	e7d7 g1f3 e4f3 e1d2 d7d6 d2e3	1508	93	endgame
04tyQ	3qk1nr/p2rbpp1/1p2p2p/2p1P2Q/2Pn4/1PN1B1PN/P4P1P/3R1RK1 w k - 6 18	c3b5 g7g6 h5g4 h6h5 g4e4 d4e2 g1g2 d7d1 f1d1 d8d1	1920	96	discoveredAttack
05fvE	5k2/6pp/2PP4/1p2p3/1n2b3/4q3/P3B1PP/2RQK3 w - - 0 30	e1f1 b4d3 e2d3 e4d3 d1d3 e3d3	1916	93	endgame
06bKN	3r1rk1/pppn1ppp/8/2b4b/2N5/1BPq3P/PP2RPP1/R1B1Q1K1 w - - 9 21	c4e5 d3e2 e1e2 h5e2 e5d7 d8d7	1645	91	
06q6Y	7Q/p2P4/5rk1/5q1p/8/2P5/P4PPP/3R2K1 w - - 2 34	d7d8q f5f2 g1h1 f2f1 d1f1 f6f1	695	100	backRankMate endgame mate mateIn3 sacrifice
07AKC	8/8/8/8/p2B4/2Pk4/5K2/8 w - - 0 66	f2e1 a4a3 d4e5 d3c4 e5f6 a3a2 e1e2 a2a1q	1967	93	advancedPawn bishopEndgame endgame promotion
07VjD	8/8/pp3p2/8/Pk2P2K/8/5PP1/8 b - - 0 43	b4a4 f2f4 b6b5 e4e5 f6e5 f4e5 a4a5 e5e6 b5b4 e6e7	2363	95	advancedPawn endgame pawnEndgame quietMove
099s4	5kb1/8/2p3PK/p3P3/1ppP4/2P5/PP6/8 b - - 5 40	f8e7 h6g7 b4c3 b2c3 g8d5 g7h8 c6c5 d4c5	1981	91	bishopEndgame endgame
09ZOa	3r2k1/1Q3p1p/p5p1/4P3/5P1b/P4P1P/2r5/6RK w - - 0 30	b7e4 d8d2 e4c2 d2c2	1364	93	endgame quietMove
0AZKQ	7k/1p2r1b1/1p1R1rpp/2p1p3/4R3/2P3BP/PP3PP1/6K1 w - - 2 27	g3e5 f6d6 e5g7 e7g7	1641	91	endgame
0ArIk	8/7p/1p4pk/3B4/p7/P4RP1/2nr1PKP/2N5 w - - 2 32	f3d3 c2e1 g2g1 e1d3	1168	98	endgame fork
0BWoI	rn1qkb1r/pp2pppp/2p2n2/5b2/4N3/2N5/PPPPQPPP/R1B1KB1R b KQkq - 0 6	g7g6 e4f6	887	99	mate mateIn1 pin
0BlLJ	3rr1k1/ppp1qppp/1b2b3/4B3/3Pp3/1BP5/PPQ3PP/4RR1K w - - 1 17	c2e4 e6b3 a2b3 f7f6 e4b7 f6e5	1839	89	
0CwF4	6k1/p4p1p/5Qp1/4p3/3b4/P5P1/2r2PKP/8 w - - 4 33	g3g4 c2f2 f6f2 d4f2	664	100	endgame fork
0EuGV	1r1r2k1/3bbppp/3qp3/2B5/p3Q3/P1R5/BPP3PP/5R1K b - - 2 24	d6a6 a2c4 d7c6 c4a6 c6e4 c5e7	2080	95	
0GBbz	1r6/4pk1r/pp1nb1p1/2p2pP1/2P2N2/1P1RPB2/P4P2/3R2K1 b - - 6 29	b8h8 d3d6 e7d6 d1d6	2223	87	
0GX9N	4r1k1/1p3npp/p7/7q/3R4/2PQ2P1/P2B2KP/8 w - - 4 32	d4h4 h5e2 d3e2 e8e2 g2f3 e2d2	1956	95	endgame fork
0GXJp	8/3P4/5pk1/8/8/1p1KP1p1/1P1N4/3r4 b - - 2 58	d1d2 d3d2 g3g2 d7d8q g2g1q d8g8	1025	98	advancedPawn endgame hangingPiece promotion
0Gc7q	5r2/5kpQ/p1p4p/3P2b1/1P2r3/P3qP2/1B4PP/2R4K w - - 0 31	h7e4 e3e4 f3e4 g5c1	1226	93	discoveredAttack endgame
0HY7v	8/8/3p2pk/qKp4p/1b3P1P/1Q3N2/6PB/8 w - - 10 41	b5c4 a5a6 c4d5 a6a8 d5d6 c5c4 b3b4 a8f8 d6e5 f8b4	2427	94	discoveredAttack endgame sacrifice skewer
0HayW	r1r3k1/4ppb1/3p2p1/ppnP3p/2R1P3/1P2BP2/P2RBKPP/8 w - - 0 22	c4c1 c5e4 f3e4 c8c1	1796	95	discoveredAttack
0Ihc5	4qr2/Q1Rb2pk/3P2n1/1p2p3/1P2p3/PB3PP1/1B5K/8 w - - 0 33	f3e4 g6f4 b3d1 e8e6	2503	92	quietMove
0LdRN	r5k1/1p2rR2/p1p1q2p/3pN1pQ/1P1Pn3/P6P/6P1/5RK1 b - - 7 31	e4g3 f7e7 g3h5 e7e6	1623	90	
0M1xW	r1b2rk1/ppQ3pp/8/3p3N/3q4/8/PP3PPP/R4RK1 b - - 0 19	d4b2 a1b1 b2d4 b1b4	2296	98	
0MJU7	3k4/8/2PP2p1/3K1pP1/8/p7/8/8 w - - 1 53	d6d7 d8e7 c6c7 e7d7 c7c8q d7c8	2315	95	endgame pawnEndgame
0NsGS	8/5bpp/2P5/p7/B2K1P2/7P/5kP1/8 w - - 1 39	a4b3 f7b3 f4f5 b3a4 c6c7 a4d7	1951	94	bishopEndgame endgame hangingPiece
0OaLr	8/5r1k/7p/p1PQ2p1/1P1Bp1PK/P1P2b1P/5R2/6q1 w - - 0 37	h4h5 f3g4 h3g4 g1h1 f2h2 h1h2	1374	97	endgame mate mateIn3 sacrifice
0OvAb	r7/2p1k1Q1/ppn1P2p/3p4/8/8/PP3qPP/4R2K b - - 2 32	e7d6 g7d7 d6c5 e1c1	1243	97	endgame
0P4nU	5r1k/pp1R2pp/6p1/8/1P6/P3b1P1/1B4KP/8 b - - 2 27	h7h5 b2g7 h8g8 g7f8	820	100	endgame fork
0RHQx	5rk1/2p1n2p/p1q1p1p1/6P1/P1P2PN1/5R2/3r4/5RQK b - - 5 31	d2d3 g4e5 c6b7 e5d3	1668	98	fork
0RQXL	rnbq1rk1/pp4pp/2p5/3p1p2/3PnB2/2PBQN2/P1P2PPP/R3K2R w KQ - 0 11	f3e5 g7g5 d3e4 g5f4	2027	92	
0SErg	r1r5/p4p1k/1pq1pPpp/8/5PP1/4R2Q/PPP4P/R5K1 b - - 2 25	c6c2 h3h6 h7h6 e3h3	1826	94	attraction endgame mate mateIn2 sacrifice
0SYzh	rn3r2/1bp2pbk/pp1pp1pp/4P3/2PP2q1/2NB1PB1/PP1Q2K1/R4R2 b - - 0 16	g4d4 d3g6 f7g6 d2d4	995	89	discoveredAttack
0T46W	8/5k2/ppp3p1/5PK1/3r3P/P7/1P1r1R2/5R2 b - - 2 35	d2f2 f5g6 f7g8 f1f2	1448	94	endgame intermezzo pin rookEndgame
0Tbmu	8/5R2/7k/1p1p4/pr3pK1/5N2/8/8 b - - 1 57	a4a3 g4f5 b4e4 f3g5 e4e5 f5e5	2232	92	endgame
0TeyF	8/p5pk/5bRp/1p5P/P1p3R1/3p4/8/7K w - - 1 42	a4b5 d3d2 g4g1 c4c3 g1d1 c3c2 g6g1 f6g5	2247	95	advancedPawn defensiveMove endgame
0Tudi	2r2rk1/pp3ppp/4b3/3N4/2B5/1K2PP2/6PP/B6R b - - 4 22	b7b5 d5e7 g8h8 c4e6	1787	97	discoveredAttack fork
0VqjC	r1b1k2r/p3bppp/1qpp4/8/4NBn1/8/PPP2PPP/R2QKB1R w KQkq - 2 11	e4d6 e7d6 d1e2 d6e7	1559	94	defensiveMove
0Xh1Y	6K1/1p1k1P2/p6R/8/PP6/8/5r1p/8 b - - 4 62	d7e7 h6h2 f2h2 f7f8q	1803	95	advancedPawn deflection endgame promotion rookEndgame
0Xuss	8/2p5/ppk3p1/5pN1/P1P2P1p/5PnP/5QK1/2Bq4 w - - 0 45	c1e3 d1h1	952	98	endgame mate mateIn1
0Y8xG	5r1k/R6p/4Q1pb/1P2P3/8/8/1P4PP/6K1 w - - 1 36	b5b6 h6e3 g1h1 f8f1	892	97	backRankMate endgame mate mateIn2
0YMtM	r3r1k1/p1b2p2/1p4n1/2Pq1NQ1/1P1p3R/P4PP1/4n1KP/5R2 b - - 0 33	c7d8 h4h8 g8h8 g5h6 h8g8 h6g7	1602	95	attraction kingsideAttack mate mateIn3 pin sacrifice
0Zy6z	r1n4r/1pk5/p1p2p2/2P3p1/1PpN3p/P4P2/4R3/4R2K b - - 0 29	b7b6 e2e7 c8e7 e1e7 c7c8 c5b6 a8b8 e7c7 c8d8 d4c6	2276	93	deflection endgame sacrifice
0aI9t	8/5p2/2B2kpp/p7/7P/1P4P1/n3KP2/8 w - - 2 39	c6d5 a2c3 e2e3 c3d5	663	100	endgame fork
0asv3	4r2k/p2q2pp/1p4p1/5nP1/4NPQb/2PP3P/PP6/3R1RK1 w - - 5 25	f1f3 e8e4 d3e4 d7d1 f3f1 d1f1 g1f1 f5e3 f1e2 e3g4	2161	90	attraction exposedKing fork
0att6	2kr3r/pp1q1pb1/2pp4/4n3/1PP1B3/3P4/P3P2p/1RBQ1R1K b - - 1 18	d8g8 e4f5 d7f5 f1f5	975	98	pin
0bUa4	8/6k1/p1bpB1p1/1p6/1P1Rp1rp/P1P3P1/4QP1K/2q5 b - - 5 45	e4e3 d4d1 h4g3 f2g3 g4h4 g3h4	2038	92	endgame
0bsp8	r4k2/8/1p4R1/2pp1pN1/2nP1Pp1/P1P1r3/4K1P1/7R w - - 0 27	e2f2 g4g3 f2f1 c4d2 f1g1 e3e1	1260	92	endgame mate mateIn3
0cZ3f	8/3b3k/2pN1qpp/2Pp2p1/6P1/4QP1P/6K1/8 b - - 0 41	f6f4 e3e7 h7g8 e7d8 f4f8 d8d7	2109	93	endgame fork
0cjOf	r4rk1/pp1b3p/2n1pqpQ/3pp2P/3P4/2PB3R/PP1N3P/R1B3K1 w - - 1 18	h5g6 f6f2 g1h1 f2e1	1307	92	kingsideAttack
0cw5p	2r2rk1/1b2qpp1/pp6/3p2R1/3p1n2/P1P5/1PQ1B2P/6RK b - - 0 28	d4c3 g5g7 g8h8 g7h7	1061	99	kingsideAttack mate mateIn2
0db6n	N1bk2nr/1p1p1ppp/p2Qp3/8/4P3/6P1/1Pn1KP1P/2qN1B1R b - - 1 14	c2a1 d6f8	1413	91	mate mateIn1
0dz2E	6k1/p5pp/2b5/2P2p2/4p3/1P2Q1P1/Pq1p3P/3R3K w - - 2 30	d1d2 b2c1 h1g2 c1d2 e3d2 e4e3 g2f1 e3d2	2479	95	advancedPawn attraction discoveredAttack endgame sacrifice
0e989	3q1r1k/5p1p/p1R1pp1B/3n4/3P4/6Q1/r4PPP/2R3K1 b - - 1 23	f8g8 c6c8 d8c8 h6g7 g8g7 c1c8 g7g8 c8g8	2505	92	mate mateIn4 sacrifice
0eDLW	1k1r3r/bpp1nppp/4qn2/pP2p3/P3P3/2P4P/2QNBPP1/R1B2RK1 w - - 1 16	e2c4 d8d2 c1d2 e6c4	1423	91	capturingDefender
0fAu4	3r2k1/1R3pp1/2p4n/3pP1q1/3P4/3B2NP/1Q3PK1/4r3 b - - 0 32	g5c1 b7b8 e1g1 g2h2	2195	93	
0gKfQ	8/p4pk1/1p2p1p1/3q3p/7P/2P1Q1P1/PP3PK1/8 w - - 2 38	g2h3 d5h1	1293	85	endgame mate mateIn1 queenEndgame
0gNbl	8/n2k3p/3n2b1/3p4/1N4pP/2RPP1P1/5K2/5B2 w - - 1 44	d3d4 d6e4 f2e1 e4c3	716	100	endgame fork
0gQH6	7R/r6P/8/8/8/k7/1p6/1K6 b - - 1 52	a7e7 h8a8 a3b3 a8b8	1831	93	endgame rookEndgame
0gugF	6k1/1p3p2/4p3/2P4p/3Pn1p1/1R1NP1P1/5P1P/3r1K2 w - - 2 33	f1g2 e4d2 b3c3 d2f3 c3c1 d1d3	1831	92	discoveredAttack endgame
0gyoe	8/p4ppp/1p2k3/2p3P1/P1P2K2/4P2P/P7/8 w - - 1 33	h3h4 f7f6 g5f6 e6f6	2449	94	endgame pawnEndgame
0iWER	3k3r/pBNnppbp/6p1/8/8/P7/1P1r1PPP/2R2RK1 b - - 0 19	g7b2 c7e6 f7e6 c1c8	696	100	clearance mate mateIn2 sacrifice
0ien1	4r1k1/p1p2pp1/2nq3p/4p3/2RP1r2/P1B1R1QP/5PP1/6K1 b - - 2 29	c6d4 g3f4 e5f4 e3e8 g8h7 c3d4	2502	91	kingsideAttack
0iqc6	6N1/1p6/1Kpnk3/2P2p2/n2B2p1/8/8/7B w - - 0 49	b6c7 d6b5 c7b7 b5d4	1103	97	endgame fork
0jOW7	6r1/1k3p2/1p2p1p1/pP1p1n1p/P1pP1K2/2P2P2/7P/R3R3 w - - 4 40	e1e5 g6g5	939	100	endgame mate mateIn1
0jg3P	3q4/pb3pkp/1p2p1p1/4P3/3n1QN1/n1N4P/P4PP1/1B4K1 b - - 3 26	a3b1 f4h6 g7h8 g4f6	1659	93	
0kA8P	r5k1/pp3ppp/1b6/3Qq3/P4N1P/6P1/P4P2/2R3K1 b - - 0 25	b6f2 g1f2 e5b2 f4e2	1239	87	defensiveMove endgame hangingPiece
0kLnY	2r5/1p3pk1/5np1/2q1p2p/4P3/pbP2P2/P1PQ2P1/K3R1R1 w - - 0 31	a2b3 c8d8 d2e3 d8d1 a1a2 c5e3	2089	94	endgame exposedKing
0kMYr	kr2Q3/pp3Qpp/8/8/5P2/q7/2P5/2K5 w - - 2 43	c1d1 a3d6 d1c1 b8e8 f7e8 d6b8	2019	92	endgame
0kU8p	8/1p3p2/p3p1pp/3kP2P/5PP1/4K1b1/PP1N4/8 b - - 2 31	g3h4 g4g5 h6g5 h5h6	2166	96	endgame
0moip	6rk/pp1q2pp/1b1P4/2P3N1/8/2Q5/PB4PP/7K b - - 0 29	b6d8 c3h3 d8g5 h3d7	2226	93	endgame
0o4VB	Q1bqr1k1/p1p2pp1/5n1p/b7/8/PQ2PN2/2B2PPP/q1B2RK1 w - - 0 15	c1b2 a1f1 g1f1 c8a6 f1g1 d8a8	1488	96	attraction discoveredAttack sacrifice
0pKiO	8/1pQ5/3p2k1/4q3/8/1PKP4/2P5/8 w - - 6 45	c3c4 d6d5 c4b4 e5c7	1657	94	discoveredAttack endgame queenEndgame
0rNIp	r6r/pR2Bppp/4p1k1/8/3PQ1n1/2PpP3/5P1P/4KNq1 b - - 5 24	g6h5 b7b5 g7g5 b5g5	1621	94	
0sKJl	r3brk1/1p5p/p2bq3/1p1pN3/3PpP2/PQ6/1B2P2P/3RR2K b - - 1 25	f8f4 b3g3 e8g6 g3f4	1848	93	fork
0sa3d	3r2k1/p2r1p1p/2n2p2/1p6/1P4b1/P2p1NPP/3RPPB1/3R2K1 w - - 0 25	h3g4 d3e2 d2e2 d7d1	861	100	advancedPawn discoveredAttack kingsideAttack
0t5c3	8/8/8/p5R1/P3k3/2P3K1/r7/8 b - - 0 41	a2a4 g5g4 e4d3 g4a4	852	100	endgame rookEndgame skewer
0u7RK	1r1q1rk1/ppp1b1pp/2n2np1/3N4/3P4/1Q1BP3/PP3PPP/R1B2RK1 b - - 0 12	d8d5 d3c4 d5c4 b3c4	1216	87	pin
0umsZ	r7/p5k1/3p2r1/4p1qp/2PpPp2/1P3Ppb/P2QB1P1/5RRK w - - 0 28	g2h3 g3g2 g1g2 g5g2	830	100	advancedPawn fork mate mateIn2
0urF2	2kr4/ppp2ppp/2n5/8/1P1PrP2/q4bP1/P3N2P/1R1Q1RBK w - - 1 18	f1f3 a3f3	934	97	hangingPiece kingsideAttack mate mateIn1
0wMUa	r1b1k2r/ppp2ppp/8/3pP3/3b3q/8/PP2BRPP/RNBQ2K1 w kq - 0 11	g2g3 d4f2 g1f2 h4h2	981	96	attraction kingsideAttack
0wdxc	r2qkb1r/pb3ppp/1p6/2PQ4/1n6/6P1/PPP1NPBP/R1B1K2R w KQkq - 1 12	d5b7 b4c2 e1f1 d8d1	1389	97	fork mate mateIn2
0xdlA	3rr1k1/2p2pp1/2n4p/p3p3/2q1n3/3PNN1P/1P2Q1P1/3R1R1K w - - 0 22	d3c4 e4g3 h1h2 g3e2	1038	98	fork
0ynLH	8/1kpq4/1p1p1pn1/pP3Nr1/P3P1PQ/2P5/5PK1/R3R3 w - - 2 27	h4h3 g6f4 g2g3 f4h3	826	98	fork
0ywds	2R5/8/1p5r/8/4B3/P4Pkp/1P6/1K6 w - - 0 41	c8c6 h6c6 e4c6 g3f4	1871	96	endgame
0zs91	r3k2r/pbppqppp/1pn1pn2/8/2PP4/P4NP1/1P1NPPBP/R2Q1RK1 b kq - 0 9	c6d4 f3d4 b7g2 g1g2	781	98	hangingPiece
10XsL	r5k1/1p3Qbp/p2N2p1/2pP4/2P2nq1/8/PP3PbP/4RBK1 b - - 0 24	g8h8 e1e8 a8e8 f7e8 g7f8 e8f8	1140	94	kingsideAttack mate mateIn3
11oW2	3r4/7k/6p1/p1R1K2p/1r1pp3/1P2R2P/P4PP1/8 w - - 0 46	e3e4 d4d3 e4b4 d3d2 b4b7 h7h6 c5c8 d2d1q c8d8 d1d8	2204	98	advancedPawn defensiveMove endgame promotion rookEndgame sacrifice
12kmb	8/2kbR3/6p1/p1K2p2/P1pp1P1P/2P2B2/3r4/8 w - - 0 58	c3d4 c4c3 f3c6 c3c2 e7d7 c7c8 c5b6 c2c1q	1422	94	advancedPawn endgame promotion sacrifice
14ssy	8/R4pkp/5np1/1p2N3/pP3KP1/r6P/5P2/8 b - - 1 35	a3a2 a7f7 g7g8 f7f6 a2f2 e5f3	2260	92	defensiveMove deflection endgame
14vVk	2B1R3/6k1/5p2/3p4/p2P2P1/2P2P2/r3p3/4K3 w - - 0 42	e8e2 a2e2 e1e2 a4a3 c8e6 a3a2 e6d5 a2a1q	1431	91	advancedPawn endgame promotion
16BPL	1b1r2k1/5ppp/2pq4/6n1/4P2P/1P1p1N2/P3QPP1/R2R2K1 w - - 0 26	d1d3 g5f3 e2f3 d6d3	2186	95	kingsideAttack
16vpw	r3k2r/1p3ppp/1q2p3/2bp1b2/p2P1Pn1/3P1N2/PP1BB1PP/R2Q1R1K b kq - 0 15	c5d4 f3d4 b6d4 e2g4	1629	91	discoveredAttack
17q9M	r1b2rk1/p1pq4/1p4PQ/3PR3/2P2p2/2N5/PPn3PP/R5K1 b - - 0 23	c2a1 g6g7 d7g7 e5g5 g7g5 h6g5	2116	93	advancedPawn kingsideAttack pin
17tAw	5rk1/pp2b1pp/8/2ppn3/8/1NN1q1PQ/PPP4P/5R1K b - - 1 23	f8f2 h3e6 g8f8 e6e7 f8e7 c3d5 e7d7 d5e3	2393	95	attraction fork pin sacrifice
17uUi	r5k1/4rppp/2p5/p1p1P3/3p1Q2/3P2Pq/PPP5/2R2RK1 b - - 1 24	e7e6 f4f7 g8h8 f7f8 a8f8 f1f8	777	100	backRankMate endgame mate mateIn3 sacrifice
18yBn	8/5ppk/5n1p/3P4/4P3/3q1PP1/2R2Q1P/r4BK1 w - - 9 37	g1g2 a1f1 f2f1 d3c2	1307	94	deflection endgame
197jj	6k1/pN5p/4p2q/4r3/6p1/2N4P/PPP3QK/8 w - - 0 30	b7d6 h6f4 g2g3 f4d2	1704	93	endgame
19XPl	3R4/p4p1k/4b1pp/4B3/5P2/1r4q1/6P1/3Q2K1 b - - 5 41	g6g5 d8h8 h7g6 f4f5 g6f5 e5g3	2455	93	discoveredAttack endgame
19vpE	8/2p5/1pPp2p1/3Ppk2/PP4R1/2K2P1r/8/8 w - - 1 43	g4g2 e5e4 c3d4 e4f3	2505	92	endgame pin rookEndgame
1A67Y	r2q1rk1/pp3p1p/2nbbp2/1Bp3B1/8/3P1N2/PPP2PPP/R2QK2R w KQ - 0 11	g5h4 d8a5 d1d2 a5b5	1207	86	fork
1BBK5	r1b3rk/ppp2p2/2npq2p/2b1p3/4Pp1B/3P1NPP/PPPQBP1K/R4R2 w - - 1 15	g3f4 e6h3	725	100	mate mateIn1
1Bfdz	3q1rk1/pp3pp1/3b2bP/3P3n/1P2p2P/4QP2/1PP5/N1KR1B1R w - - 0 20	f3e4 d6f4 e3f4 h5f4	1031	97	pin
1C5kv	2kr2r1/ppp2p1p/3p1P2/3Nn1b1/2P1Q1Pq/7P/PPP1R1K1/5R2 b - - 11 25	h7h5 d5e7 c8b8 e7f5 g5f6 f5h4	2188	95	fork trappedPiece
1D9ec	r2qkb1r/pp1n1ppp/2p1pn2/4N1P1/2BP3P/2N2Q2/PPb5/R1B1K2R b KQkq - 0 12	f6d5 f3f7	610	100	mate mateIn1
1DLYH	3q3r/Q4pkp/3p2p1/4n3/4b3/1N6/PPP2PPP/R4RK1 w - - 0 21	c2c3 e5f3 g1h1 d8h4 a7d4 f3d4	2368	91	
1DVDa	8/2b5/4p3/1PP4p/2K1k1p1/6P1/7P/8 b - - 0 41	h5h4 b5b6 h4g3 b6c7	2466	96	advancedPawn bishopEndgame endgame
1FW8z	8/1p4p1/4p3/1n1rk1R1/1R5P/3pp3/8/4K3 b - - 1 63	e5d6 g5d5 e6d5 b4b5	1377	86	endgame
1G8hs	7k/p4RrP/1p2p3/3rq2Q/3p2p1/3B2P1/PPP3K1/8 b - - 0 37	e5h5 f7f8 g7g8 h7g8q	620	100	advancedPawn endgame mate mateIn2 promotion
1IS2e	2k5/2b2p2/2Q5/4p3/2N5/P5q1/KP6/8 b - - 5 46	g3g6 c4b6 c8d8 c6d7	1613	94	endgame mate mateIn2
1K1Wt	3rr3/p1k1bppp/2p5/2Pp4/8/PR2BP2/5P1P/1R4K1 b - - 3 22	d8c8 b3b7 c7d8 e3d2 e7c5 d2a5 c5b6 b1b6	2527	92	endgame quietMove
1KNri	3rkb1r/pp4pp/5p2/2qNn3/4QP2/8/PPPB2PP/R3K2R w KQk - 1 16	d2b4 c5d5 e4d5 f8b4	2051	93	capturingDefender deflection discoveredAttack sacrifice
1L7Np	r4rk1/2q1bppp/p2p1P2/1p1b4/3B4/P7/1PP3PP/R2Q1RK1 b - - 0 17	g7f6 d1g4 g8h8 f1f6	1723	98	intermezzo kingsideAttack
1LHzP	6k1/1r3pp1/3Bb2p/p2p1q2/2p5/P1P4P/3RNPP1/3Q2K1 w - - 0 29	d1c1 b7b1 d2d1 b1c1	957	95	pin
1LPmA	5rk1/7p/p1RRP1p1/1p5q/2p2Q2/6P1/5P2/r1B3K1 w - - 1 30	d6d8 a1c1 f4c1 f8d8	1714	94	
1LcIq	8/6pp/p1p2p2/1PP2k2/P1P2P1P/4K3/8/5b2 b - - 0 41	a6b5 a4a5 b5b4 a5a6 b4b3 e3d2 b3b2 d2c2	2284	94	bishopEndgame endgame quietMove
1Mg5n	8/7b/B7/3kp3/p7/2P5/1P1K4/8 b - - 0 40	d5e4 a6d3 e4d5 d3h7	1170	98	bishopEndgame endgame skewer
1MtF1	7b/8/4N1p1/pp6/1k1p1P2/1P1K2P1/2P4P/8 w - - 2 37	e6d4 h8d4 d3d4 a5a4 f4f5 g6f5	2016	91	endgame
1OYbl	3R4/8/2P5/4p3/8/4k3/2K5/r7 b - - 0 67	a1a6 d8d3 e3e4 c6c7 a6c6 d3c3 c6c7 c3c7	2413	91	advancedPawn endgame rookEndgame
1Owmr	4k2r/1p2p2p/p2p2pP/4qb2/P3N2b/2P4P/2P1QP2/R4RK1 w k - 0 23	e4g3 h4g3 e2e5 g3e5	1465	94	
1PEAZ	8/6pp/2N1pp2/3k4/3P4/r2K4/2R3PP/8 w - - 8 37	c2c3 a3c3 d3c3 d5c6	711	99	endgame
1PPZy	8/P5kp/2B1ppp1/q2p4/3Q4/8/b1r2PPP/R5K1 b - - 0 37	e6e5 d4a4 a5c3 a1f1	2511	92	defensiveMove endgame
1QNZH	2r1k2r/1b3pp1/p3p2P/1pbq3P/3N4/1P2Qn2/P1P1N3/1KBR3R b k - 0 23	f3d4 h6g7 h8g8 h5h6	2127	94	advancedPawn
1Qdth	2kr2r1/pppb1Qbp/2n1B1p1/6q1/8/B1P5/P1PP1PPP/1R3RK1 b - - 0 13	d7e6 f7e6 d8d7 e6g8	976	97	deflection
1Qrjy	R1br2k1/2N1bppp/8/3p2n1/4p3/1P4P1/1P1N1PK1/5R2 w - - 2 25	c7d5 c8h3 g2h2 d8a8	1721	95	discoveredAttack
1S9nV	r1bq1rk1/2p2pb1/p2p2n1/1p1Pp2Q/1PP5/P4NP1/B5PP/2R2RK1 b - - 0 20	e5e4 f3g5 d8g5 h5g5	941	98	
1T9oP	r4rk1/p1p2p1p/1p2p3/3q2p1/8/1NP2nPK/PPQ2P2/R1B2R2 w - - 0 19	b3d4 g5g4 h3g4 f3h2 g4h3 h2f1	2144	93	attraction fork
1TPws	r1b1k2r/pp2ppb1/1qpp4/3Pn3/2P1P3/1P3NP1/PBQ1BNP1/4R1K1 b kq - 0 20	e5g4 c4c5 b6c5 c2c5 d6c5 b2g7	2011	94	
1ThxX	8/2Q1k1pp/4b2q/p4p2/1p3NP1/1P4K1/7P/8 b - - 2 40	e7f8 c7d8 f8f7 g4g5 h6g5 d8g5	2211	92	endgame trappedPiece
1UBmG	5k2/8/p4n2/1p2RPN1/3P1r2/7K/8/8 b - - 6 42	b5b4 g5e6 f8f7 e6f4	1223	100	endgame fork
1WkhM	5k1r/3Q1ppp/4p3/8/1p2PP2/3p2P1/3q1KBP/7R w - - 3 32	f2f3 d2e2	958	95	endgame mate mateIn1
1X3G4	r5k1/1p3ppp/p7/2rB4/P4P2/8/1PP3PP/3R2K1 b - - 0 21	a8d8 d5f7 g8f7 d1d8	636	100	discoveredAttack endgame
1XFHh	8/1Q6/3k3p/8/8/P2pq2P/1P4P1/7K w - - 1 53	b7a6 d6e5 a6a5 e5f4 a5c7 e3e5	2310	86	defensiveMove endgame queenEndgame
1XT7M	1q2rk2/1b2b1pp/pQ6/8/1n2P3/2NP3P/1PP3P1/R3R1K1 w - - 3 25	b6e6 e7c5 g1h1 e8e6	1089	90	discoveredAttack
1XXE3	8/2r5/4Qp2/1kp2P2/3pP1p1/KP3p2/2q5/3R3R w - - 11 48	e6c4 c2c4 b3c4 b5c4	668	99	endgame
1XduS	r2q1r1k/pb4b1/np2B1Qp/2p1P3/3P4/7R/PP3PPP/RN4K1 b - - 0 18	d8d4 h3h6 g7h6 g6h6	972	100	kingsideAttack mate mateIn2
1Xi2P	8/7B/6p1/4k3/7P/6K1/5RP1/2r4r b - - 2 46	h1h4 g3h4 c1h1 h4g5	1632	92	endgame hangingPiece
1YKCR	5R2/pp1b2pk/2p4p/3p3q/4pN2/8/PPP3P1/5RK1 b - - 3 28	h5e5 f8h8 h7h8 f4g6 h8h7 g6e5	1167	99	attraction endgame fork sacrifice
1awoN	2r3k1/4R2p/6pP/Kp3pP1/8/8/r4P2/4R3 w - - 0 42	a5b5 a2b2 b5a6 c8a8 e7a7 b2a2	1268	94	endgame rookEndgame
1bBBD	3r1k1r/pp3ppp/2n1bN2/q7/2B5/2Np2Q1/PP3PPP/R3R1K1 b - - 0 18	e6c4 g3d6 d8d6 e1e8	1825	93	mate mateIn2 sacrifice
1c8JL	1r4rk/4P2n/1p5Q/p1pP1pB1/P1P1p2P/2q5/2B5/1R4RK w - - 0 39	b1c1 c3h3	683	100	mate mateIn1
1cIsD	4r1k1/6p1/p1n4p/1p3p1Q/5q2/2P2N1P/PP1pr1R1/6RK b - - 5 37	e2g2 h5e8 g8h7 h1g2	2405	92	fork hangingPiece intermezzo
1d6V8	3r4/6bk/3PN1pp/2Q5/6q1/8/6P1/5B1K w - - 0 44	e6d8 g4h4 h1g1 g7d4 c5d4 h4d4	1151	96	endgame fork
1dmPZ	2r2rk1/pp3ppp/4pn2/q2p4/1P1P4/P1b1P1PP/R2N1PB1/1bBQR1K1 b - - 0 16	c3b4 a2b2 c8c1 d1c1	2212	100	
1dr3U	r2q1rk1/5pp1/p4n1N/2nP2NQ/4p3/8/P2B1PPP/b5K1 b - - 0 28	g8h8 h6f7 h8g8 h5h8	1606	96	doubleCheck fork mate mateIn2
1dvBe	r2qr2k/2p1bQ1p/p2p1N2/8/3n4/5P2/PP3P1P/2R1R1K1 b - - 0 19	d4f3 g1h1 f3g5 f7e8 d8e8 f6e8 a8e8 c1c7	2092	91	defensiveMove
1fn4L	5r2/4pp2/3p2k1/p1rP2R1/1p1R2pP/8/PPP3P1/1K6 b - - 2 32	g6f6 d4f4	902	99	endgame mate mateIn1 rookEndgame
1fyk4	r1b1rnk1/pp1q1p2/1b2pQnP/2ppP1B1/3P4/8/PPP2PP1/RN2K2R b KQ - 1 18	f8h7 f6g7	860	100	mate mateIn1
1gMpC	r5k1/2qb1pp1/3bpn1p/4N3/1pNn1P2/3Q4/1PB3PP/2B2RK1 w - - 0 20	d3d4 d6c5 d4c5 c7c5	1065	100	pin
1gwYW	8/2p3R1/8/pp5P/2p5/2P1k1KP/Pr6/8 b - - 0 37	b5b4 h5h6 b4c3 h6h7 b2b8 g7g8	2176	91	advancedPawn endgame rookEndgame
1heHU	2r1r1k1/5pp1/p1pBp3/3p2qp/Q2P4/3bPP2/PP4PP/2R1R2K w - - 0 22	c1c6 d3b5 c6c8 b5a4	1645	90	fork
1hrxW	5Q2/5pk1/p1p2p2/1p1q2p1/1B1P3p/P1Pn1P1P/1P4P1/6K1 b - - 9 28	g7g6 f8g8 g6f5 g8h7 f5e6 h7d3	1592	94	endgame skewer
1ic0H	4k3/1pp5/p5q1/nPb1pN1R/P1P1PpKR/2Q2n2/1B5r/8 w - - 3 36	g4f3 g6g2	1001	91	mate mateIn1
1izO0	6rk/qb5r/p2p1p1p/1p2pPbQ/4P1N1/2PB3R/PP2K3/7R b - - 6 29	h8g7 h5g6 g7h8 h3h6 g5h6 g6f6	2331	93	deflection discoveredAttack sacrifice
1jUoE	6b1/p6k/1p3B2/5PP1/4q3/2Q3K1/8/8 b - - 2 55	e4f5 c3c7 h7g6 c7g7 g6h5 g7h6	1295	95	endgame exposedKing fork mate mateIn3
1jm6u	r5r1/4b1p1/B1k1P2p/5p2/R2Bb2P/8/1PP5/2K2R2 w - - 3 30	a4c4 c6d5 c4a4 a8a6 a4a6 d5d4	1748	93	defensiveMove deflection
1k37I	2k1r1nN/pbpp2pp/1p1b1q2/8/2BP4/2P2p2/PP4PP/RNBQ1RK1 w - - 1 12	h8f7 d6h2 g1h2 f6h4 h2g1 f3g2	2042	94	advancedPawn attraction kingsideAttack sacrifice
1kfH8	r5k1/ppp1b1p1/7p/3P1q1n/2P1R3/1P3N1P/P1Q2P2/R5K1 b - - 0 27	f5f3 e4e7 h5f4 c2e4 f4h3 g1h2	2195	91	hangingPiece
1ldcX	5k2/3Q2p1/p3pq1p/3p4/8/8/Pr3PPP/1B2R1K1 w - - 2 29	b1h7 f6f2 g1h1 f2e1	773	100	endgame fork mate mateIn2
1lhRF	8/8/2p1p3/1p5p/pP1P1K2/P1P3Pk/8/8 w - - 8 49	f4g5 h3g3 g5h5 g3f4 h5g6 e6e5 g6f7 e5e4	2272	94	defensiveMove endgame pawnEndgame
1m05B	8/2P5/1K6/5R2/8/8/5k2/6q1 b - - 0 56	f2e1 f5c5 g1e3 c7c8q	1492	94	advancedPawn defensiveMove endgame promotion queenRookEndgame
1mkmA	1b6/1ppk4/1PP1r1pp/p3p3/P3N3/4nN2/6PP/2R3K1 b - - 0 31	e6c6 f3e5 d7c8 e5c6	1574	94	endgame fork
1nIQw	1b1r2k1/3P1ppp/8/4p3/1PqnN3/6P1/5P1P/2BQ1RK1 w - - 1 24	d1g4 f7f5 g4h5 d4e2 g1g2 c4e4	2580	91	discoveredAttack fork
1naGt	rn1q1rk1/4bp2/2p1pnB1/pp1p2P1/3P1B2/2P1PP2/PPQ3P1/R3K2R b KQ - 0 14	f7g6 c2g6	850	99	kingsideAttack mate mateIn1
1pBRa	8/8/8/3pkp2/2RNb3/4K3/r1P3P1/8 w - - 0 38	c4c8 f5f4 e3e2 e5d4	1715	89	deflection endgame
1qakP	2r1rbk1/1b1n1p1p/pq1ppnp1/1p4N1/3PN3/2PQ3P/PP3PPB/1BR1R1K1 b - - 3 19	h7h6 e4f6 d7f6 g5f7 b7e4 e1e4	2102	95	kingsideAttack
1rvn0	r3k2r/pp1qbppp/2pP1n2/4R3/1PP5/8/P4PPP/RN1Q2K1 b kq - 0 16	f6g4 e5e7 d7e7 d6e7	983	90	advancedPawn fork
1sjWB	r3k2r/pbp2ppp/1p1bp3/6Nq/2Pn4/3P1N2/PP3PPP/R1BQ1R1K w kq - 5 13	f3d4 h5h2	783	98	kingsideAttack mate mateIn1
1ukq1	r4rk1/pp4pp/2n1qN2/1Bp3p1/5B2/3P1Q2/PPP3PP/R5K1 b - - 0 18	f8f6 b5c4 e6c4 d3c4	1304	98	pin
1vCJG	6k1/5p1p/6p1/1p1R2q1/8/pPPQ2P1/P5PP/1K2r3 w - - 0 26	b1c2 g5c1	698	100	endgame mate mateIn1
1vHTM	rnb1kbnr/1p2pp1p/p5p1/8/2Bpq3/N1P1BN2/PP3PPP/R2QK2R b KQkq - 3 8	d4e3 c4f7 e8f7 f3g5 f7g7 g5e4	1923	93	attraction fork sacrifice
1vLXB	2rqk2r/pQ3ppp/8/4P3/1bp1n1b1/2N5/PP3PPP/R3KBNR w KQk - 3 13	b7b4 d8d2	884	100	mate mateIn1
1vgsN	r4rk1/2p4p/p2p1pq1/1pb1p1N1/4Pn1Q/2PP3P/PPKN1P2/3R2R1 b - - 0 20	f6g5 g1g5 g8h8 g5g6	1153	96	pin
1w8JS	6k1/1p2rppp/2p3n1/6q1/Q2P4/P1PB4/1P3P2/1K1R4 b - - 0 26	g6f4 a4a8 e7e8 a8e8	752	95	endgame mate mateIn2
1x6A2	6n1/4pkP1/3p4/3P2KN/8/8/8/8 b - - 8 52	g8f6 h5f6 e7f6 g5h6 f7g8 h6g6 f6f5 g6f5	1257	93	endgame knightEndgame
1xDYQ	1k6/p5p1/8/PK2p1p1/6P1/5P1P/8/8 b - - 4 46	b8b7 a5a6 b7c7 b5c5 c7d7 c5d5	1368	96	endgame pawnEndgame zugzwang
1xDjV	8/1k6/1P3p2/1P3Kpp/8/5PP1/5P2/8 w - - 0 46	f5f6 h5h4 f3f4 h4h3 f4g5 h3h2 g5g6 h2h1q	1435	95	advancedPawn endgame pawnEndgame promotion
1xzF8	r6r/5RQ1/1k2p3/pP6/2BP3q/2P1P3/P5Pb/3b1K2 b - - 4 28	a5a4 f7b7 b6a5 b7a7 a8a7 g7a7	1771	93	exposedKing mate mateIn3
1y2wA	kr5q/1b6/p3rp2/3n2p1/2NP1n2/Q1P1N3/P1B2PPP/1R3RK1 w - - 7 28	e3d5 f4e2 g1h1 h8h2 h1h2 b8h8 c2h7 h8h7	1470	91	anastasiaMate attraction kingsideAttack mate mateIn4 sacrifice
1yhQy	6k1/2p2pp1/pq4p1/1p6/3b2P1/4RQ1P/P4K2/8 b - - 0 34	g8f8 f3a8 b6b8 a8b8	813	100	endgame mate mateIn2
1zhl1	r3r1k1/1p3ppp/pq1b1n2/2pp4/P4P2/2NP1Q2/1PPB2PP/R3R2K b - - 2 16	b6b2 e1b1 b2c2 a1a2 c2b1 c3b1	2042	93	trappedPiece
22ROk	r2q1rk1/pp1n1ppp/2p2b2/4pB2/3P4/5Q2/PPP2PPP/R1B1R1K1 b - - 3 14	e5d4 f3h3 g7g6 f5d7	1826	93	
248b5	r1bqkb1r/pp3ppp/2np4/2ppP3/3P4/4BN2/PPP2PPP/R2QKB1R w KQkq - 2 8	f1b5 d8a5 c2c3 a5b5	925	96	fork
256eQ	1r4k1/p3rppp/2n1bn2/7P/N2p2P1/bP3P2/P2P4/BK1R1BNR w - - 0 21	g4g5 e6f5 d2d3 f6d5	2307	87	defensiveMove
25N5T	rnb2rk1/pp2ppbp/3q2p1/2p5/2BP4/5N2/PPP3PP/RNBQ1RK1 w - - 0 10	d4c5 d6c5 f1f2 c5c4	1283	95	fork
266Qr	4r1k1/5pPp/p2p1q1N/1p1P3Q/1P2p3/2P3P1/1P1b3P/5RK1 b - - 3 28	f6h6 h5f7	900	90	endgame kingsideAttack mate mateIn1
26rVp	2r2r2/4pp1k/n2q2p1/3Pb2p/1p2PB1Q/1B5P/PP2R1P1/2R3K1 w - - 9 33	f4e5 c8c1 e2e1 c1e1	1489	86	hangingPiece kingsideAttack
27NFc	4k2r/1r1bbpp1/pq2pn2/2p1B2p/B7/2N2P2/PPP1Q1P1/1K1R3R w k - 3 23	e5f6 b6b2	631	100	mate mateIn1 queensideAttack
2A0W1	8/6Q1/8/5p2/5q2/2PK1k2/8/8 w - - 8 54	g7b7 f4e4 b7e4 f5e4 d3d2 f3f2 c3c4 e4e3	1632	92	endgame queenEndgame
2Bial	r3r1k1/1p6/p2P1B1p/2p2p2/P3q3/1Q5P/1P4P1/3R2K1 b - - 2 31	e4e6 b3g3 g8f7 g3g7	2009	98	endgame mate mateIn2
2D4y0	rnbk4/pp3q1p/6p1/2bN4/4p3/1Q1P4/PPP1N1PP/R1B3K1 w - - 1 19	g1h1 f7f1 e2g1 f1g1	763	100	fork mate mateIn2
2DfjX	6rk/p4P1p/1p2Q1p1/3p4/r7/5PKP/8/8 b - - 0 41	g8f8 e6f6	1073	100	endgame mate mateIn1 queenRookEndgame
2EudT	8/8/5k2/5pp1/6P1/4KP2/8/8 b - - 1 63	f5f4 e3d4 f6e6 d4e4	1975	94	defensiveMove endgame pawnEndgame zugzwang
2GXTw	3r2k1/5p2/p5pp/1pPq4/1Pb2P2/P3Q2P/2Bp1KP1/3R4 w - - 5 36	e3e4 d5e4 c2e4 c4b3	1780	95	endgame
2I3kD	5rk1/3Q2p1/p5q1/1p5r/3P3p/2N3bP/PP3PP1/R1B2R1K w - - 6 27	f2g3 f8f1 h1h2 h4g3	1066	99	hangingPiece intermezzo kingsideAttack mate mateIn2
2IOfg	1r4k1/5ppp/p3P3/2ppP3/P2N2P1/3q3P/5Q1K/B7 b - - 0 30	c5d4 e6f7 g8f8 a1d4 b8c8 e5e6	2451	92	advancedPawn endgame intermezzo
2IwC9	4rrk1/pp3q2/2p3p1/3p4/5PQ1/2P5/PP3P1P/R3R1K1 b - - 0 25	f7f4 g4g6 g8h8 g6h5 h8g7 e1e8 f4f2 g1h1 f2f3 h5f3	2401	92	endgame exposedKing
2JMMo	r5k1/2p4p/1p2R1pQ/2q5/6P1/1pB5/2KP3P/3R4 w - - 0 31	c2b1 a8a1 b1a1 c5a3 a1b1 a3a2 b1c1 a2c2	1580	93	attraction endgame exposedKing mate mateIn4 sacrifice
2LFDM	2r5/4np1k/3p2pp/q2P2N1/p3P1PP/r1BK4/8/2R4R b - - 4 32	h6g5 h4g5 h7g8 h1h8	925	97	discoveredAttack mate mateIn2
2NaoX	5qk1/2Q3pp/1p2R3/8/8/2P4P/1r3PP1/6K1 w - - 0 26	e6e7 f8f2 g1h2 f2g2	887	99	endgame mate mateIn2
2Nxkw	r3r1k1/1b3ppp/3p4/p7/3P3Q/5Nn1/PP3PPP/R4qKR w - - 8 31	a1f1 g3e2	905	98	mate mateIn1 smotheredMate
2OHdl	8/PR3p2/5kpp/1K6/8/8/r7/8 b - - 4 41	h6h5 b7b6 f6f5 b6a6	1317	100	endgame rookEndgame
2SLuN	6kn/p2R1p1p/1b3p2/5P2/8/P5P1/r3r1NP/2B2R1K w - - 3 35	g2f4 e2h2	631	100	mate mateIn1
2UROb	8/R5pk/1pbr1q1p/2p5/4p3/1P2Q3/P4PPP/3R2K1 w - - 1 30	d1d6 f6a1 d6d1 a1d1 e3e1 d1e1	982	100	endgame mate mateIn3
2VIHn	Q7/5ppk/2Br1q1p/4p1n1/8/5N1b/PP3PP1/2R3K1 w - - 1 26	g2h3 g5f3 c6f3 f6g5 f3g4 g5c1	2346	95	fork
2VN0f	2r3k1/p1q2ppp/2R5/8/3P4/PQ1nP1P1/7P/5RK1 b - - 0 28	c7c6 b3f7 g8h8 f7f8 c8f8 f1f8	862	98	backRankMate endgame mate mateIn3 sacrifice
2VQx6	2q2r1k/5ppp/3pbn2/1p1Np3/3nP2P/3BNP2/PP1Q2P1/1K5R w - - 0 22	d5f6 e6a2 b1a2 c8a6 a2b1 f8a8	2275	94	attraction clearance defensiveMove sacrifice
2VhX1	3r1rk1/pp3pp1/1q2nN1p/1b2P1NQ/1b6/4R1PP/5PB1/2R3K1 b - - 1 26	g7f6 e5f6 e6g5 h5h6 b6f6 h6f6	2039	91	
2Wg6j	3r1r1k/ppp2Bpp/1b6/1q2P3/6b1/2Q5/PBPN4/R1K2R2 w - - 3 21	f7c4 f8f1 c4f1 b5f1 d2f1 d8d1	1288	97	mate mateIn3 sacrifice xRayAttack
2Y8U7	r6k/1pp3pn/1p1pQ1rp/7q/3B1PP1/2P4P/PP6/4RRK1 w - - 1 23	e6f7 g6g4 h3g4 h5f7	1430	95	discoveredAttack
2YS17	6Q1/8/7P/8/4q3/2k5/6K1/8 w - - 1 68	g2h3 e4h1 h3g3 h1g1 g3f4 g1g8	1740	94	endgame exposedKing queenEndgame skewer
2YevV	3q2rr/ppk2p2/1npb4/8/2P1QP1P/PP4PB/3N1P2/R4RK1 w - - 1 24	a1d1 d8h4 e4f5 h4h3 f5h3 h8h3	2374	93	pin
2Z2m7	r4rk1/ppq3p1/2nb4/3p2Np/5pb1/2P3P1/PP2BK1P/R1BQ3R w - - 0 18	e2g4 f4g3 f2g2 f8f2 g2h3 h5g4	1920	88	doubleCheck
2ZT1Y	8/8/3kPb2/p2B1p2/1pP2K1p/1P6/6P1/8 b - - 1 37	a5a4 b3a4 b4b3 f4f5 b3b2 d5e4	2178	92	bishopEndgame defensiveMove endgame
2aWJa	4r1k1/pp2qppp/1bn5/3Q1p2/8/5B2/PP3P1P/3R1K1R w - - 4 20	d5d7 e7d7 d1d7 c6e5 d7d5 e5f3	1902	92	fork
2asD1	2k5/pppbqpp1/2nbp3/3P4/2P3nr/4PN2/PB3PBP/R2Q1RK1 w - - 2 16	f3h4 d6h2 g1h1 e7h4 d1g4 h4g4	1793	92	intermezzo kingsideAttack
2bs1K	r4rk1/p1pnqpb1/1p2p1p1/4PnNp/2PP2P1/5N1Q/PP5P/R1B2RK1 b - - 0 18	h5g4 h3h7	774	99	mate mateIn1
2buzP	4R3/p4p2/2pK1k2/3p4/2r5/P1P2R2/2r5/8 b - - 7 43	f6g5 e8g8 g5h4 f3f1 c4g4 f1h1 h4g3 h1g1	2524	92	endgame rookEndgame
2ctII	r4rk1/p2qbpp1/2p1b2p/3p3n/5B1P/2NB1Q2/PPP2PP1/R3R1K1 b - - 5 16	e6g4 e1e7 d7e7 f3g4 h5f4 g4f4	1481	95	deflection
2efTC	r4rk1/p4pp1/4b3/2p1P1N1/1q4pQ/2p5/PP2nPPP/3R1R1K b - - 1 23	f7f6 h4h7	870	93	mate mateIn1
2fkVB	1k6/1p6/p3Q2p/nP4p1/P2q1r2/4p2P/4BnPK/2R5 b - - 1 37	d4f6 c1c8 b8a7 b5b6	1778	93	mate mateIn2 queensideAttack
2gUqf	6k1/5pp1/1q5p/4Q3/1P6/2P5/3r1PPP/3B1RK1 w - - 1 31	f1e1 b6f2 g1h1 f2g2	1150	96	endgame mate mateIn2
2i9U0	7k/1B2r1pp/3B1p2/2p2b2/1b6/4P3/5PPP/R5K1 b - - 2 28	e7d7 a1a8 d7d8 a8d8	667	100	backRankMate endgame mate mateIn2
2iT4j	2kr3r/ppp2ppp/1n6/3nN2b/3P3b/2N4P/PPPB2P1/R3KB1R w KQ - 2 15	g2g3 h4g3	683	100	doubleBishopMate mate mateIn1
2kUr4	8/r3p3/3p1b2/2pP2pN/PnP1k3/1P3R1P/3K2P1/8 b - - 1 54	f6d4 h5g3 e4e5 f3f5	1155	97	endgame mate mateIn2
2lCT9	N2k4/pp3pp1/7p/2p5/2Bn1b2/3P1P1P/PqP1rPK1/2RQ3R w - - 3 18	h1e1 e2d2 e1e4 d2d1	2553	91	trappedPiece
2lDla	3r2k1/2p2p1p/p1N2pb1/1pP5/8/8/P4PPP/4R1K1 b - - 0 25	d8d5 c6e7 g8g7 e7d5	1188	97	endgame fork
2mZaK	1Q6/1pr1ppk1/3p1bp1/1PqP3p/2P5/6P1/R4P1P/5BK1 b - - 0 30	h5h4 a2a8 c7c8 b8c8 c5c8 a8c8	1359	93	endgame quietMove
2nLAS	1r4k1/6p1/p1p3Pp/q2p4/2nQ4/B3P3/1PP4P/2K4R w - - 0 30	d4f4 a5d2 c1b1 c4a3 b1a2 b8f8	2494	93	endgame pin queensideAttack
2nkE7	6R1/8/8/7b/8/3p2pk/3K4/8 w - - 10 66	g8g5 h5g4 g5g4 h3g4	1934	92	endgame quietMove
2oIkP	r5k1/2P1Qppp/4p3/4P3/8/7P/p4PPK/r7 b - - 0 36	a1c1 e7d8 a8d8 c7d8q	1144	95	advancedPawn backRankMate endgame mate mateIn2 promotion queenRookEndgame
2oVAS	8/5pp1/p1p4p/2K5/4P1kP/3P4/PP6/8 b - - 1 40	g4h4 d3d4 g7g5 d4d5 c6d5 e4d5 g5g4 d5d6 h4h3 d6d7	2142	92	advancedPawn endgame pawnEndgame quietMove
2pAzR	r4r1k/qp3ppp/8/p2Np2P/2RbP3/1P1P2Q1/P6K/5B2 b - - 0 28	f7f5 c4c7 f8g8 h5h6 g7h6 d5f6 d4g1 h2h1	2581	93	defensiveMove
2pZvy	2R5/p4pk1/6pp/2p5/1Pp2P2/1n4PP/5K2/8 w - - 0 36	b4c5 c4c3 c8e8 c3c2 e8e1 b3c5 f2e3 c5b3	2263	93	advancedPawn defensiveMove endgame
2pdPl	r4rk1/1B3ppp/4p3/p1Nn2q1/2QP2P1/Pp4B1/3K3P/R6R w - - 1 28	d2d3 g5e3	1115	87	mate mateIn1
2pnIy	5r1k/pp6/6Q1/3pP3/8/6P1/Pq4PP/3R2K1 w - - 2 32	e5e6 b2f2 g1h1 f2f1 d1f1 f8f1	1000	89	backRankMate endgame mate mateIn3 sacrifice
2rCqA	6R1/8/8/6k1/r6p/7P/5K2/8 b - - 5 52	g5f4 g8g4 f4e5 g4a4	965	98	endgame rookEndgame skewer
2rNZB	6k1/Q4pp1/5b2/3Kp3/2r3P1/4P1B1/P1r4P/8 b - - 2 30	c4c5 a7c5 c2c5 d5c5	999	95	endgame
2rRRi	R5k1/3r1ppp/1ppNpn2/8/8/8/PP4PP/6K1 b - - 1 29	f6e8 a8e8	768	100	endgame hangingPiece mate mateIn1
2rgVO	6k1/1pp2pp1/p1qr1n1p/3b1N2/8/P1P4P/1PB2PP1/R4QK1 b - - 1 26	d6e6 f5d4 c6b6 d4e6	1749	90	fork
2tcCo	1k1r3r/ppq2pp1/3bpnp1/2n5/3P1P2/3B2N1/PP1B2PP/2RQ1RK1 w - - 5 17	d4c5 d6c5 g1h1 d8d3	1104	96	discoveredAttack
2tlCK	4rr2/5pk1/p2p4/1ppP1PPp/4P1Q1/2q3P1/P4R2/1R5K w - - 0 27	g4h5 f8h8 f5f6 g7g8	1406	94	defensiveMove endgame pin
2v9zj	5rk1/2p2ppp/p1pPp3/4B3/2P1b1Pq/P3P2P/5r1K/R2Q1R2 w - - 0 21	f1f2 h4f2	624	100	mate mateIn1
2wMQd	3q4/5k2/4br2/6Q1/8/P2B1PP1/1P3K1P/6R1 w - - 2 39	g1d1 f6f3 f2f3 d8g5	1789	94	discoveredAttack endgame
2xjOc	1k3r1r/p1p5/1p6/3Q4/P2P3p/2P1P3/4Nqp1/1RBK2R1 w - - 0 30	a4a5 f2f1 d1c2 f1e2 c1d2 f8f2	2508	92	defensiveMove deflection exposedKing
2yJG0	2b2r1k/r6p/2p2P1Q/1pq2P2/8/1pP3R1/P1P3PP/5R1K b - - 0 23	b3c2 g3g7 c5f5 f1f5 c2c1r h6c1	1878	94	
2ys9X	2r4k/p1q2rp1/3b2pp/1Q4n1/2p1B1P1/P1B1P2P/1P3P2/2R2RK1 w - - 2 26	e4g6 g5f3 g1g2 f3h4	2411	92	kingsideAttack
2yzmd	4kb2/4ppp1/p2p2b1/3q2Br/2r5/6QP/PP3PP1/3RR1K1 b - - 2 20	d5g5 g3d6 f7f6 d6d7 e8f7 d7e6	2006	94	pin
2zFDl	r7/pk3q2/1p2n3/1P2NPp1/P2p4/3B4/5K2/2R5 b - - 1 43	f7e7 d3e4 b7b8 e5c6 b8c7 c6e7	1316	99	discoveredAttack endgame fork
30XA9	r1b2rk1/1pp3b1/p2p2qp/3Pn1p1/2PNB3/1P2P1p1/P1QN1K1P/BR2R3 w - - 0 24	f2g2 g6h5 d2f1 f8f2	2443	95	
314Ds	1r3k2/p4p1p/3b2p1/2p2b2/3n4/2N1Q1Pq/PPP1BP1P/3R1RK1 w - - 1 22	c3d5 b8e8 d1d4 e8e3 d5e3 c5d4	2018	92	
31Kuy	3r1r2/pp3ppk/2p2q1p/5P1R/4Q3/8/PPP2P2/1K4R1 b - - 0 22	f6d4 f5f6 g7g6 h5h6 h7h6 e4h1 d4h4 h1h4	2257	95	attraction deflection discoveredAttack endgame mate mateIn4 sacrifice
31Qdg	6k1/p5pp/2N5/2P5/1P2B1n1/6P1/r7/5K2 b - - 0 32	h7h5 e4d5 g8f8 d5a2	1469	95	endgame fork
32BP8	2r2rk1/1bq1bppp/p4P2/1p2pBP1/4P3/PPp4Q/1P5P/R4RK1 b - - 1 24	g7g6 h3h6 e7f6 g5f6 c7b6 f1f2 b6f6 f5c8	2174	91	
3320u	8/2r1Q1pk/2r1pP1p/pp1pP3/3P4/2Pq2P1/P6P/R1R3K1 w - - 1 31	e7e8 c6c3 c1c3 d3c3	2554	91	endgame
33hF4	2r5/p5kp/1pP3p1/6p1/2Qp4/7P/P1P2qP1/5R1K b - - 2 29	c8c6 c4b5 f2f1 b5f1	1970	92	endgame
33lgG	5r1k/pp4p1/2p3p1/7p/3P2nP/1Br3N1/P5K1/R1B4R w - - 0 28	c1b2 f8f2 g2h3 f2b2	1615	94	fork
34ngi	2kr1b1r/1p3p1n/p4P1P/q2pp2R/4P1P1/NbP2Q2/1P1BB3/2K3R1 w - - 0 26	c3c4 a5d2 c1d2 d5e4 d2c3 e4f3	2074	94	discoveredAttack queensideAttack sacrifice
34oJ8	6k1/1p4p1/p3q3/1p2p3/4P3/2Pr1PP1/7Q/K6R b - - 2 30	d3f3 h2h8 g8f7 h8h5 f7e7 h5f3	1087	99	endgame fork
34qRg	r2nk2r/pb1pnpp1/1p1Bp2p/4P2q/P6Q/2PB1N1P/5PP1/R2R2K1 b kq - 4 18	b7f3 h4e7	676	100	mate mateIn1
392QQ	4r1k1/3qrppp/1pp2n2/p3P3/P2P4/2PQ3P/3B2P1/4RRK1 b - - 0 24	e7e5 e1e5 e8e5 d3g3 e5e8 f1f6	2501	92	pin
39iDL	3rr1k1/pp2q1p1/2pp1n1p/5b2/2P2P1n/1PN1PB1P/PB4P1/2QRR1K1 w - - 3 22	g1h2 h4f3 g2f3 f6h5 c1d2 e7h4	2384	92	clearance
39qip	8/4PR2/6kp/2K1rp2/6pP/1B6/8/8 w - - 1 61	b3d5 e5d5 c5d5 g6f7 e7e8q f7e8	1475	94	endgame
3A5Cf	2r1r3/p4q1k/2pQ2pp/4Rp2/2BPp3/P7/5P1P/6K1 b - - 7 37	f7c7 d6c7 c8c7 e5e8	1543	90	endgame
3BTJb	8/3k4/6Rp/4p2r/8/4P1K1/7P/8 b - - 4 37	d7e7 e3e4 e7f7 g6g4 h5g5 g4g5	2522	92	endgame quietMove rookEndgame
3CFZD	1r6/p4pk1/5n2/2rB1b2/5N2/1PN3p1/PKP2bP1/3R1R2 w - - 1 24	f4d3 c5c3 b2c3 f6d5	2203	93	attraction capturingDefender
3CSdn	r2qr1k1/pp3pbp/3p2p1/2pn4/1n2PP2/2N1BQ1P/PP4P1/RB3RK1 w - - 0 15	e4d5 e8e3 f3e3 g7d4	1722	96	pin sacrifice
3Ck1S	4r1k1/4p1b1/p2q4/1p1p3Q/3rn1p1/P3N1P1/1P2RPP1/4R1K1 b - - 5 32	e4f6 h5g6 d6d7 e3f5 e7e5 f5d4	2377	92	
3EaB5	k7/2R5/pr2p1p1/3bP3/8/3QP3/1PK3P1/6r1 w - - 4 48	d3d4 d5b3 c2c3 g1c1 c3d3 c1d1	2215	88	endgame
3FEXP	1rq3k1/4br2/2p1p1pp/2NnPp2/3P1P2/4B1PP/1R1Q3K/1R6 b - - 0 30	e7c5 b2b8 c8b8 b1b8	658	100	pin
3FO1h	3k4/6N1/7p/3p4/R1nP4/2P2P2/2K4r/8 w - - 4 53	c2d1 c4b2 d1c1 b2a4	1281	92	endgame fork
3FqNN	4rbk1/1R3Rpp/p7/2p2p2/5B2/2P4P/PPr3P1/6K1 w - - 1 22	f4d6 e8e1 g1h2 f8d6	1132	99	endgame mate mateIn2
3GSAJ	7k/7p/8/NP1p1p2/P4Kp1/1Pb3P1/4R2P/r7 w - - 1 44	e2e3 a1f1 f4g5 c3d2 g5f6 d2e3	2084	93	endgame fork pin
3GTJR	8/p1p2k2/2p5/8/P4rpp/1PB5/2P3K1/4R3 w - - 0 34	e1f1 h4h3 g2g1 h3h2 g1h2 f4f1	1472	100	endgame
3GWg9	2Q5/8/1p1r2pk/pBb1qp1p/2Pp3P/1P4P1/7K/3R4 b - - 3 50	d6e6 d1e1 e6e8 c8e8	2038	94	endgame
3GhA5	6k1/1pp5/3p2p1/5r2/p3Nb1P/P7/1PP5/1K1R4 b - - 1 27	f5h5 e4f6 g8g7 f6h5	771	100	endgame fork
3HrR3	8/8/1Rbb4/P2k4/1p5P/5p2/2P2P2/6K1 w - - 5 43	a5a6 d5c5 b6b7 c6b7	1823	93	endgame trappedPiece
3IZWi	r2r3k/5p1p/p5q1/2p1p3/1p6/3P1P2/P1PQ1K2/6RR b - - 3 28	g6f5 d2h6 d8g8 h1h5 g8g1 h5f5	2429	94	endgame
3Isjc	3b4/kp5Q/p2p4/1b1PpBp1/8/1P6/PKP2r2/8 b - - 3 34	d8b6 f5c8 b6d4 b2a3	1374	94	defensiveMove endgame
3J9to	5rk1/p3pp1R/8/3BP1N1/5Pp1/q1p5/PrP5/K1Q5 w - - 2 30	c1h1 b2a2 d5a2 a3b2	1497	92	clearance mate mateIn2 sacrifice
3LWPu	4r3/8/2p5/5Np1/1n3k2/1P5P/1PPR2P1/1K6 w - - 5 41	g2g4 e8e1 d2d1 e1d1	676	100	endgame mate mateIn2
3LlQP	2krr3/2p2qn1/1p1p2N1/p2Ppp1p/2Q3p1/2P5/P1P5/KR3R2 b - - 3 30	f7g6 c4c6 g6f7 b1b6 f7d5 c6d5	2399	90	pin
3M3I0	7k/6pp/b7/2qB4/4Q3/6P1/1r5P/4R2K b - - 3 33	a6b5 e4e8 b5e8 e1e8 c5f8 e8f8	663	100	backRankMate endgame mate mateIn3 sacrifice
3MdXJ	r4rk1/pbp1qppp/1p2pR2/3nN3/3PQ3/2NB4/PPP3PP/3R2K1 b - - 0 14	d5c3 e4h7	1379	87	kingsideAttack mate mateIn1
3MnX2	r1b2rk1/5ppp/2p1p3/pp1nP3/1q2N1Q1/bP1R4/P1P2PPP/BK3B1R w - - 2 17	d3g3 b4e1 g4d1 e1d1	901	100	mate mateIn2 queensideAttack
3OD06	Q7/1pp2R2/pkn5/8/3Pp3/P3P1r1/1qPK4/3R4 w - - 0 30	f7f2 c6d4 f2f6 b6a5 f6a6 b7a6	2449	91	endgame
3Ow64	6b1/7p/3k4/5PPK/2p5/2B5/8/8 b - - 3 54	d6d5 h5h6 d5e4 f5f6	1874	92	bishopEndgame endgame
3PBOh	1rb2rk1/1pq1bppp/p2ppn2/8/2PQN3/1P4P1/PB2PPBP/3R1RK1 b - - 3 13	f6e4 d4g7	691	100	kingsideAttack mate mateIn1
3Pvcq	1r3r2/p3ppkp/b1p3p1/q5P1/3Pn3/p6P/1PP4R/1NKRQ1N1 w - - 0 19	e1a5 a3b2	1321	93	advancedPawn mate mateIn1 queensideAttack
3QmA2	r1bqk1nr/pp1p1pbp/6p1/3Pp3/2Pn4/2N2N2/PP3PPP/R1BQKB1R w KQkq - 1 8	c1g5 d4f3 d1f3 d8g5	1196	92	
3QyuA	6k1/pp2Q1p1/3p3p/PP1P1r2/2P3b1/5pPq/3N1P1P/6RK w - - 3 35	e7d6 h3h2 h1h2 f5h5	1370	91	attraction endgame kingsideAttack mate mateIn2 sacrifice
3RYac	r3r1k1/p2pbp2/1pq2npB/3N4/2PQp3/6P1/PP2PP1P/R4RK1 b - - 2 18	f6d5 d4g7	740	100	mate mateIn1
3RhzO	3r2k1/5p2/3qp1pp/8/R2PQ3/6PP/5PK1/8 w - - 2 37	e4e3 d6c6 d4d5 c6a4	1218	100	endgame fork
3Rvip	2rr2k1/5pb1/p2Bb1pp/1p2N3/2p5/2P5/PP3PPP/3RR1K1 w - - 6 27	d6e7 d8d1 e1d1 g7e5	960	97	
3SaQ1	1rbR4/5k2/1p2p1p1/pPq1Pp2/P7/4P1P1/5K1P/3R4 b - - 1 29	c8b7 d1d7 c5e7 d7e7 f7e7 d8b8	1239	94	endgame
3TVmP	7k/p3p2p/r3Pr2/3p1b2/1qpQ3R/2N5/PPP5/K5R1 w - - 1 35	c3d5 a6a2 a1b1 a2a1 b1a1 b4a4 a1b1 a4c2 b1a1 c2a4	2101	98	attraction mate mateIn5 sacrifice
3Tf1y	8/1pp2q2/p6k/3pp3/7P/2PPQ3/PPK5/8 b - - 6 38	h6h5 e3g5	1023	100	endgame mate mateIn1 queenEndgame
3UK2k	8/1p6/1bp2Q2/8/3P1k2/8/5PK1/q7 b - - 2 41	f4e4 f6f3 e4d4 f3f6 d4c4 f6a1	2038	95	endgame skewer
3V8VC	4nk2/3b1r1p/2qb1p1P/1p1r1p1N/p4Pp1/P1P1R1P1/1PB1Q2K/2B1R3 b - - 12 40	c6c4 e3e8 d7e8 e2e8	689	99	mate mateIn2
3VqZv	5Bk1/p4ppp/8/8/5Pnq/1PP5/P1QN2K1/R4R2 w - - 3 23	d2f3 g4e3 g2g1 h4g3 g1h1 e3c2	1684	93	exposedKing fork
3YKFE	r4r2/pp2pkbQ/2p5/3pB3/3P2q1/2N1P3/PPP5/2K4R b - - 2 22	f8h8 h1f1 f7e6 h7g7 g4g7 e5g7	1599	88	deflection
3ZHqa	r1bq1k1r/pp1n1pp1/2pb1n1p/5P2/2BP2PB/2P5/PPN1Q2P/4RRK1 b - - 2 17	f8g8 c4f7 g8f7 e2e6 f7f8 e6d6	1905	93	attraction fork sacrifice
3Zn2L	1r5k/p5p1/5NQp/2p1q3/2B5/3P1R1P/P5PK/8 w - - 4 30	f3f4 e5f4 g6g3 f4g3 h2g3 g7f6	1824	93	endgame hangingPiece
3ZpIw	r1bqkb1r/1p3ppp/pn1p4/2pn4/P7/1P3N2/1BP2PPP/RN1QKB1R b KQkq - 0 9	c8g4 a4a5 d8e7 f1e2 g4f3 g2f3	1962	93	defensiveMove
3Zsdz	7r/3Rbkpp/p1B2p2/8/3p4/6P1/PP4PP/6K1 w - - 1 31	d7d4 e7c5 g1f1 c5d4	688	100	endgame pin
3ai3W	r5k1/pbp3qp/1p2p2p/1B2n3/4N3/2PP1r1P/PP2QP2/3R1R1K w - - 0 22	f1g1 f3h3	870	98	kingsideAttack mate mateIn1
3c8mG	6Q1/3k4/3P4/4P3/3K4/2P5/3q4/8 w - - 5 57	d4c4 d2a2 c4d4 a2g8	1289	93	endgame queenEndgame skewer
3cgCR	8/8/8/5kP1/7P/4K3/3n1P2/8 b - - 8 47	d2f1 e3e2 f1h2 f2f3 f5g6 e2f2	2110	94	defensiveMove endgame knightEndgame quietMove
3d6M0	6k1/1pp3p1/7p/pP6/P1PP3P/2Q4R/4rq1P/3n2RK w - - 3 34	c3g3 f2d4 g3g7 d4g7 g1g7 g8g7	2571	91	endgame
3dCzV	8/5p1k/p6p/1p3N1K/1P4P1/P2b4/8/8 w - - 7 50	f5h6 d3g6 h5g5 f7f6 g5f6 h7h6	1091	100	deflection endgame
3dYvS	r4r1k/1Q3B1p/p7/5p2/8/P3qP2/6PP/1R5K b - - 1 25	e3a7 b7b2 a7d4 b2d4	1211	88	endgame mate mateIn2
3eXMj	4k3/8/R6P/1p6/8/8/pr4PK/8 b - - 0 46	e8f8 a6a8 f8f7 h6h7 a2a1q h7h8q b2g2 h2g2 a1h8 a8h8	2449	92	advancedPawn endgame promotion rookEndgame
3gFVb	3rr3/p1R2Q1p/1p4pk/8/8/1P2P3/P3KP2/7q b - - 1 27	h6g5 f7f4 g5h5 c7h7	1341	86	discoveredAttack endgame interference mate mateIn2
3gfrM	2r5/p3kppp/2Bqb3/2Q5/3p4/3P2P1/P1P2P1P/5RK1 w - - 8 22	c5a7 c8c7 c6b7 d6b4	2484	91	defensiveMove endgame fork
3hF6E	8/8/6N1/5p2/5K2/3k4/6bP/8 b - - 0 40	g2h3 f4g3 h3f1 g3f2 f1e2 g6f4 d3e4 f4e2	2488	93	deflection endgame
3hPrZ	6Q1/R7/2pb1k1q/1p2pp2/1n1p4/7P/2P2PP1/6K1 b - - 3 36	h6g6 g8h8 f6e6 a7g7 g6g7 h8g7	2496	91	endgame
3iiBU	8/8/p4B2/3k1p1P/6p1/Pb1K4/8/8 b - - 0 40	f5f4 h5h6 b3a2 d3c2 d5e4 h6h7	1834	100	advancedPawn bishopEndgame endgame
3jLaB	r1q4r/ppp1bpk1/3n1Pp1/3p2P1/7Q/P2BB2R/1PP5/6K1 b - - 0 27	e7f6 g5f6 g7g8 h4h8	1284	94	mate mateIn2
3kC3K	4rk2/R4b1p/8/6B1/7n/PP2p3/B2r2PP/R5K1 w - - 0 35	a1f1 d2g2 g1h1 g2f2 a7f7 f8f7	2571	94	fork
3lgGs	7k/4PQ2/6pp/p7/P1pP2P1/1pP1P1KP/1P6/6q1 w - - 5 61	g3h4 g1e1 f7f2 e1f2	1601	90	endgame mate mateIn2 queenEndgame
3li9W	6k1/5pp1/2P1p2n/7Q/3P1q1P/5N2/r4rP1/2R2RK1 w - - 0 33	h5g5 f4g5 h4g5 f2g2 g1h1 h6f5	2500	93	
3lkPE	5rk1/r3bppp/p3p3/1pp3q1/3P4/4P2R/PPQ1P1B1/2R3K1 b - - 0 21	a7c7 c2h7	694	99	kingsideAttack mate mateIn1
3nkLT	r4rk1/2pqbppp/4p3/p2P4/1pP1b3/4P1Q1/PB2N1PP/R4RK1 b - - 0 17	g7g6 g3e5 f7f6 e5e4	1543	96	
3nyII	r2qk2r/pp2ppbp/2n3p1/8/Q1P4B/P4p1P/1P3P2/RN2R1K1 b kq - 3 15	d8c7 e1e7 c7e7 h4e7	957	98	pin
3oGV4	2bqkbnr/2p2ppp/2Q1p3/1N6/4P3/8/PP3PPP/n1B2KNR b k - 1 11	c8d7 b5c7 d8c7 c6c7	1058	97	
3ofcj	r5k1/5ppp/1pQbp3/3p4/P2P1q2/5N1P/1P4P1/2R3K1 b - - 8 28	a8a4 c6e8 d6f8 c1c8 a4a1 g1f2	1889	95	clearance defensiveMove endgame fork quietMove
3pYeM	r7/5p1k/1p2p1p1/1P2Nq1p/P1Q2P1P/6K1/8/8 b - - 2 36	f7f6 c4c7 h7g8 c7f7 g8h8 e5g6 f5g6 f7g6	1012	98	endgame
3q8Az	3r1rk1/ppp2ppp/6q1/8/1nQP4/4BP2/PP3P2/RN2R1K1 w - - 1 18	g1h2 d8d5 c4d5 b4d5	1966	94	
3rQki	2k1r3/ppp2p2/1q2b1p1/2b1Qp1p/2p5/2P5/PP1R1PPP/4R1K1 b - - 7 22	e6d7 e5e8 d7e8 e1e8	625	100	mate mateIn2 queensideAttack
3rwkB	7k/R6p/8/8/7P/p7/r5RK/5r2 b - - 3 36	f1f2 a7a8 f2f8 a8f8	876	98	endgame mate mateIn2 rookEndgame
3sOsD	4rk2/1p1q1p1r/p1p2Q1p/3P4/8/6R1/PP4PK/5R2 b - - 0 32	d7d5 f6g6 d5e4 f1f5 e4f5 g6f5	2558	91	endgame pin
3uSZR	q5k1/p2b2bp/4p1pn/2BpP3/5rP1/2N5/PPP4P/R2QK2R w KQ - 3 18	h2h3 d5d4 h1f1 f4f1 e1f1 a8h1	2053	91	attraction exposedKing
3uSvA	2q2rk1/ppnb2pp/2pB1b2/3p4/3P4/P1Q2NP1/1P3PBP/1R2r1K1 w - - 0 20	b1e1 c7b5 c3b4 a7a5 b4c5 b7b6 c5b6 b5d6	1863	88	deflection fork
3v9OW	5r2/2rk2p1/2p2p2/3ppP2/1Q4P1/P2B1q1p/1PP1R2P/3K4 b - - 5 39	f3f1 e2e1 f1f3 d3e2 f3f2 b4f8	1325	98	defensiveMove endgame
3w3jE	2r2k2/5pp1/4p1p1/pP1p4/P1pq4/8/2K1Q3/7R b - - 3 34	d4e4 e2e4 d5e4 h1h8 f8e7 h8c8	1089	100	endgame skewer
3xvKt	k7/P1K5/1P6/4p1p1/7p/5P1P/3p2P1/8 b - - 2 51	d2d1q b6b7 a8a7 b7b8q a7a6 b8b6	1000	98	advancedPawn endgame exposedKing mate mateIn3 promotion queenEndgame
3yLT4	1q3r2/1b4kp/5p2/1BR1n1P1/1P2P2P/P5Q1/8/6K1 b - - 1 32	b8d6 g5f6 g7f6 g3f4	2544	92	attraction doubleCheck
3yrWY	3r1rk1/1b3ppp/1p1qp3/p7/PnBP2n1/4BN2/1P3PPP/2RQR1K1 w - - 5 19	e3g5 b7f3 d1f3 d6h2	1304	92	kingsideAttack
3yyTq	4r1k1/p2r2q1/1p2p1pB/7p/8/2P1Q2P/PP4P1/5R1K b - - 1 34	g7h7 e3e6 h7f7 f1f7 d7d1 f7f1 e8e6 f1d1	2273	98	discoveredAttack endgame exposedKing
3z0CV	r3kb1r/3qpppp/8/pN2P3/4n3/BQ2P3/5PPP/R3K2R w KQkq - 1 15	a1c1 d7d2 e1f1 d2f2	1145	96	mate mateIn2
3zoXH	2k2r1r/ppp3p1/5np1/4p3/2Pn2Pb/2NP3P/PP3N1R/R1B1KB2 w Q - 1 19	a1b1 d4f3 e1e2 f3h2	1348	92	fork
40squ	5rk1/p4pp1/6rp/3N1n2/1P3P1q/5Q2/PR4PP/5R1K w - - 1 27	g2g3 f5g3 f3g3 g6g3	1074	98	pin
40xXh	8/8/p6p/1p3p2/1P2pP1k/P3P3/5K1P/8 b - - 4 39	h6h5 f2g2 h4g4 h2h3 g4h4 g2h2 a6a5 b4a5 b5b4 a5a6 b4a3 a6a7 a3a2 a7a8q a2a1q a8d8 a1f6 d8f6	1903	99	advancedPawn endgame mate mateIn5 pawnEndgame promotion
41wTy	4r1k1/pp3P1q/2p3p1/3b4/6QB/8/PPP2bP1/3R3K b - - 0 31	g8f7 g4d7 f7g8 d7e8	1866	92	deflection
42HEe	8/5ppp/4p3/p2kP3/Pp3PPP/1P1K4/8/8 b - - 0 42	h7h6 h4h5 g7g6 g4g5 h6g5 h5h6	2103	94	endgame pawnEndgame quietMove
42xPx	1R6/3kp3/p2p4/1p1n4/8/PK6/1P6/8 w - - 0 46	b8b7 d7c8 b7a7 d5c7	2169	93	defensiveMove endgame
42yXV	2r2k2/1R3pp1/4p2p/3pP3/3P4/1p2P1P1/n1bK2BP/2R5 w - - 4 31	b7b3 a2c1 b3c3 c8c3	1526	93	endgame
441ng	r4rk1/1pR1Rppp/8/p7/1PQ5/q6P/5PP1/6K1 b - - 1 25	a3b4 e7f7 b4e1 g1h2 e1e5 f2f4	2307	90	endgame
44mNQ	r5k1/5ppp/p3p3/2Npn1q1/Q7/P1P3P1/1r3PKP/1R1R4 b - - 1 26	b2e2 a4a6 e2f2 g2f2 e5g4 f2g2	2315	90	defensiveMove
44uxR	Q5k1/5pp1/p6p/2b1p3/8/2P3P1/Pr3qBP/R6K b - - 1 30	g8h7 a1f1 f2g2 a8g2 b2g2 h1g2	2022	91	endgame
45EtC	8/5k2/R4Bp1/3pPp2/p1pP1Pp1/2r3K1/8/8 w - - 0 39	g3h4 c3h3 h4g5 h3h5	679	100	endgame mate mateIn2
45LUV	2b2rk1/p1p1qppp/2B5/2nQP3/8/2N5/P1r2PPP/2R2RK1 b - - 1 15	c8e6 c1c2 e6d5 c3d5 e7e5 c2c5	1993	91	clearance deflection
48G9s	8/1p5p/2k5/1Np2ppr/P4n2/7P/1P3PP1/3R2K1 b - - 0 28	g5g4 d1d6	678	100	endgame hookMate mate mateIn1
48STf	2r1k1r1/p5pp/1p1R4/2p4q/4PQ2/8/PB3PPP/6K1 b - - 0 27	g8f8 d6e6 e8d7 f4d6	1138	96	endgame mate mateIn2
49ocX	1rR5/3nkp2/1p2p1p1/pR1p3p/P2P4/n2NP1PP/5P1K/5B2 b - - 0 30	a3b5 c8b8 d7b8 a4b5	1564	90	endgame intermezzo
49zPU	8/1p6/6kP/6B1/3KPp2/5P2/6n1/8 w - - 3 50	d4e5 g6g5 h6h7 g2h4 h7h8n h4f3	2209	90	endgame hangingPiece
4AIZk	8/8/P3k2p/1N3p1P/2pb1K2/8/8/8 b - - 2 56	d4c5 a6a7 c5a7 b5a7 e6d6 a7b5	1894	92	advancedPawn endgame
4BhSY	1r3k2/5pp1/1pP4p/2p5/8/4P2P/5PP1/3R2K1 b - - 2 35	b6b5 c6c7 b8c8 d1d8 f8e7 d8c8	886	100	advancedPawn endgame rookEndgame
4Dy3t	8/3kp3/3p4/2pP4/1pPb2N1/1P3K1P/1rr2P2/1R3R2 w - - 15 45	g4e3 c2f2 f1f2 b2b1	1935	91	deflection endgame
4F5Zs	6k1/Q5p1/4qb1p/1P6/8/4B3/P1r2PPP/R5K1 w - - 1 25	a7a8 c2c8 a8c8 e6c8	1447	87	defensiveMove endgame
4Fz3i	r1b1kb1r/ppp1qppp/3p1n2/3NP3/3Q4/8/PPP2PPP/R1B1KB1R b KQkq - 2 8	e7e5 d4e5 d6e5 d5c7 e8d8 c7a8	1390	95	fork
4GEde	8/8/6k1/1p1p2p1/p2P2K1/P6P/1P6/8 b - - 3 40	g6h6 h3h4 g5h4 g4h4	2075	95	endgame pawnEndgame zugzwang
4GYam	8/1p6/pnq1p3/4kP2/3p4/P5RP/2r3PK/4Q3 b - - 1 45	e5f5 e1f1 f5e5 g3g5 e5d6 f1f4	2427	94	endgame
4HJoU	4r1k1/2rn1pp1/7p/8/8/3B1P1P/R4P2/4RK2 b - - 3 23	d7c5 e1e8	759	100	endgame hangingPiece mate mateIn1
4I4Uv	7r/p3k3/4p3/3bQ3/5P2/3B3q/PPP3PP/5R1K w - - 7 34	f4f5 h3g2	1126	95	endgame mate mateIn1
4Ir0C	Qbk4r/1p2q3/1PN2p2/2Np1ppb/3P1P2/P3r3/2P3pP/R4RK1 b - - 0 26	b7c6 a8c6 c8d8 c5b7 e7b7 c6b7	2292	93	exposedKing queensideAttack
4IsrR	r4rk1/p1ppqpbp/b1p3p1/4P3/2P2B2/1P6/P4QPP/RN2KB1R w KQ - 1 13	f1e2 g7e5 f2e3 e7b4 e3d2 b4d2	1858	94	exposedKing
4Ix8L	8/6p1/1p2p1k1/3p4/3P1KP1/2P5/1P6/8 b - - 1 38	b6b5 f4e5 g6f7 e5d6	2407	92	endgame pawnEndgame
4J42a	8/8/4R3/4K2k/5Ppp/1P1R3r/8/5n2 w - - 1 44	d3h3 g4h3 e5f6 h3h2	772	99	advancedPawn endgame
4JuOV	1r4rk/p2P1p1p/5p2/1B3N2/4P3/4P1P1/2p4P/2R3K1 w - - 3 43	b5a4 b8b1 g1g2 b1c1	861	99	endgame pin
4K3MJ	r7/1pp1qk2/3p1p1p/pP1P3R/6Q1/P1N1r2P/6PB/6K1 w - - 2 36	h5h6 e3e1 g1f2 e7e3	1060	85	mate mateIn2
4KF1v	3rk2r/2q1bp1p/p4p2/3R1P2/1pn1P3/7Q/PPP1N2P/1K3B1R w k - 3 19	e2f4 c4d2 b1a1 c7f4	2216	91	
4LevS	r1b2rk1/pp4pp/2np2q1/3Np1N1/4Pn2/8/PP1QBPPP/R4RK1 w - - 4 16	g5f3 g6g2	686	100	kingsideAttack mate mateIn1
4LgLu	3q1rk1/1bp3p1/1p5p/4Q3/4p3/r5P1/2N1PPBP/5RK1 b - - 1 22	a3a2 e5e6 g8h8 e6a2	1173	94	fork
4MEqW	3b2k1/3r4/q5p1/2nN4/2PQP3/1p6/P5RP/1KB5 w - - 0 42	c1b2 b3a2 b1c2 a6a4 c2d2 c5b3	2075	96	advancedPawn
4NMDp	3r1rk1/p1b2qpp/1p3pN1/2p1pP1Q/2R5/1P1PR1P1/P4P1P/6K1 b - - 7 24	f8e8 h5h7 g8h7 c4h4 h7g8 h4h8	1749	96	attraction kingsideAttack mate mateIn3 sacrifice
4NdX8	8/pb2k3/1p1p2p1/2pPb3/4Q3/4PBqr/PP4P1/R3R1K1 w - - 0 26	e4g4 h3h1 g1h1 g3h2	1758	96	attraction kingsideAttack mate mateIn2 sacrifice
4Nos8	5rk1/3R1pp1/p5qp/1p1Q4/5P2/4PP2/Bb3K1P/8 w - - 6 35	d7f7 g6f7 d5f7 f8f7	2047	92	endgame
4Nrsd	2r5/6p1/p4k1p/4n3/P3R3/1pPpKPP1/1P1B2P1/8 w - - 5 34	e3d4 e5c4 d4d3 c4b2	2461	95	endgame
4O8ln	r3r1k1/1p3pbp/6p1/pB6/P2P4/B1P2N2/2P2nPP/R2K3R w - - 0 20	d1d2 g7h6 f3g5 h6g5	1552	86	mate mateIn2
4OOli	1k6/ppq5/2p1p2p/2Np2p1/2nP2P1/P1P4P/1P3n2/K1Q3N1 b - - 1 27	b7b6 c5a6 b8c8 a6c7	874	98	endgame fork
4Ood4	8/4nQpk/4p2p/3pN3/3Pp3/2q1r1P1/6PP/5RK1 w - - 6 36	f7e7 e3e1 e7f7 c3d4 f7f2 e1f1	2580	96	endgame fork pin
4Ppx2	6k1/6pp/8/1pN2R2/1Pb2K1P/6P1/5r2/8 w - - 14 49	f4g5 h7h6 g5g6 c4f7 f5f7 f2f7	1646	94	endgame xRayAttack
4R6cn	r1b1r3/2pk1ppp/2pp1q1n/p7/3NP3/2P2P2/PP1Q2PP/RN3RK1 w - - 0 14	d4c6 c8a6 c3c4 d7c6	2309	91	intermezzo
4RDPd	5k2/5pp1/4p2p/1pP5/1P2P2P/Q1p2PPK/3q4/8 w - - 0 31	c5c6 c3c2 a3a8 f8e7	1099	97	advancedPawn endgame queenEndgame
4RedU	3r1r2/2p1qpkp/p1n2np1/1p2p1Q1/5P1N/N1P4P/bPB3P1/3R1RK1 b - - 0 18	d8d1 h4f5 g7g8 f5e7	1547	86	pin
4RgTq	4N3/6R1/7k/1p3P1p/1r6/2n3KP/p5P1/8 b - - 0 42	a2a1q g7g6 h6h7 e8f6 h7h8 g6g8	1231	100	arabianMate endgame mate mateIn3
4S4Hw	r2q1r1k/pp4p1/1nn1B1Qp/3pp1P1/3p4/2P3P1/PP3P2/R1B1K2R b KQ - 0 17	d8e8 h1h6 g7h6 g6h6	1229	99	kingsideAttack mate mateIn2 sacrifice
4S7NN	r3k2r/pp3pp1/1qn1pn1p/3p4/3P3P/2N2Q2/PPP1NP2/2KR2R1 b kq - 5 16	h8g8 f3f6 g7f6 g1g8 e8e7 g8a8	1588	95	capturingDefender skewer
4S7sE	1r4k1/5p1p/4p1p1/3qP3/1b1PN3/1P2P1P1/2Q2K2/8 b - - 1 41	b4f8 e4f6 g8g7 f6d5	853	97	endgame fork
4SI6s	2r2rk1/pp3pb1/3qp1p1/3p2Pp/5P2/P1PQP3/1P1B3P/RN3RK1 w - - 0 18	e3e4 d6b6 d2e3 b6b2	1695	90	
4UzOQ	8/4k3/6r1/4p3/3q2p1/3NR1Pp/5P1P/5RK1 b - - 3 42	d4d5 e3e5 d5e5 d3e5	684	100	endgame
4VGv0	2r2rk1/p1qn1p1p/1p4p1/3np3/8/2BBPP2/PP2KP1P/1Q1R2R1 w - - 2 19	d3g6 d5c3 b2c3 f7g6 g1g6 g8h8	2219	91	defensiveMove intermezzo
4VV1k	r1N2rk1/pp4pp/n3p3/3pN2Q/3q4/7B/P1P4P/2K5 b - - 1 20	a8c8 h3e6 f8f7 h5f7 g8h8 f7g8 c8g8 e5f7	1979	95	fork mate mateIn4 sacrifice smotheredMate
4YKn9	5k2/3r1b2/pp1p2r1/2p1n2R/P7/1PQ1P3/7P/5RK1 w - - 3 39	g1f2 g6f6 f2g1 f6f1 g1f1 f7h5	1848	98	
4Yvv3	8/8/1k6/4pp2/P1K2p1p/5P1P/6P1/8 b - - 1 40	b6a5 c4d5 e5e4 f3e4 f5e4 d5e4	1320	97	endgame pawnEndgame
4ZHHX	8/5pk1/R7/P7/1p3p1p/5Pb1/1r4P1/3R2K1 w - - 1 50	a6a7 g3f2 g1h2 f2a7	1312	97	endgame fork
4a43C	r3rkR1/pp2n2B/3Qbp2/2P5/8/q7/P1P2PPP/4R1K1 b - - 1 23	e6g8 d6f6 g8f7 f6h6	1996	94	mate mateIn2
4a5g0	8/8/8/5pk1/6p1/4R2p/r7/2R2K2 w - - 2 52	e3e2 h3h2 f1f2 g4g3 f2g3 a2e2	2405	95	advancedPawn deflection endgame exposedKing rookEndgame
4afY6	r2qkbnr/p2b1ppp/1N1p4/4p3/2B1P3/1Q6/PPP2PPP/R1B1K2R b KQkq - 0 11	a7b6 c4f7 e8e7 f7g8	2064	89	
4am3M	r1b1k2r/p2p1p2/1pn1p1B1/q6p/2P4P/2P1P3/P1Q1NPP1/R3K2R b KQkq - 0 13	f7g6 c2g6 e8d8 g6f6 d8c7 f6h8	998	97	fork
4b3vC	r1b1k1nr/1p3p2/pb2p3/3pP1N1/1P1p4/P2B2RP/2P1N3/2KR4 b kq - 2 23	c8d7 g5f7 e8f7 d1f1 f7e8 d3g6 e8d8 f1f8	2125	91	attraction sacrifice
4cNVK	k6r/pp6/2p2p2/4q3/PP6/3B2pP/2PQ1bP1/R4R1K w - - 1 31	d2e2 h8h3 g2h3 g3g2 h1g2 e5g3 g2h1 g3h3	1746	93	advancedPawn attraction deflection mate mateIn4 sacrifice
4cwSk	4b3/2R1N1pk/5p1p/p7/r7/6RP/3r2P1/7K b - - 1 35	a4d4 e7d5 e8g6 d5f6 h7h8 g3g6	2509	92	deflection endgame pin
4dDTW	4n3/4Qpk1/1p2p2p/1P1p2p1/2bP2P1/2B1P2P/2q2PBK/8 w - - 5 35	c3b4 c2f2 e7f8 g7h7 b4e1 f2e1	2194	91	endgame
4djh0	8/5pkp/2P2p2/1B3P2/1PNR2P1/1K4r1/7r/8 w - - 1 39	b3a4 h2a2 c4a3 a2a3	784	99	endgame mate mateIn2
4driy	6k1/pp6/5RKP/4q1P1/3p2P1/1P3b2/P7/8 b - - 1 41	f3g4 h6h7 g8h8 f6f8	872	100	advancedPawn endgame mate mateIn2
4e5Jm	8/8/2n3k1/1p5p/5B1K/1P5P/8/8 w - - 13 50	f4d6 c6d4 h4g3 d4f5 g3f3 f5d6	1772	92	endgame fork
4e9vz	1k3r2/1p6/4Q2p/1pq1R1b1/P1Pp4/6P1/1P3P2/6K1 b - - 0 38	c5c4 e6d6 b8a7 d6f8	1168	94	endgame fork
4fJDR	5r2/4rp1p/6pk/q1pppP2/p7/2P2Q1P/PP6/1R2K2R b K - 0 26	d5d4 f5f6 e7e6 f3f2 e6f6 f2f6	2403	93	endgame
4fLee	4n1k1/2q3bp/p1n1p1p1/1pp5/8/P2P1N1P/1PPQ1PP1/4R1K1 b - - 1 22	g7b2 c2c3 b2a3 d2a2 c6d8 a2a3	2194	93	clearance quietMove trappedPiece
4gKHs	8/1Q2kppp/2p1p3/P2p1b2/3P4/8/1nq2PPP/1R4K1 b - - 1 30	e7f6 b7b2 c2b1 b2b1 f5b1 a5a6	1422	94	endgame sacrifice
4iht4	r1b2r1k/6b1/nqpQ2pn/p3p1Np/2B1P2P/3N4/1PP2PP1/R3K2R b KQ - 7 21	a6b4 d6g6 b4d3 c4d3 b6f2 e1d1 c8g4 d1c1	2406	94	defensiveMove
4j0Fu	2r1rb1k/1p4pP/p2p1p1P/3P4/3BR3/1PpQ1N2/q1P2P2/3K4 b - - 1 30	e8e4 d3e4 a2a1 d1e2 a1h1 e4e6	2267	92	
4j3Vs	8/R7/3pB2k/3Pn1pP/6p1/6P1/1r6/6K1 b - - 5 56	h6h5 e6f5 e5f3 g1f1	1985	89	endgame
4jEB3	r2qk2r/pp2ppbp/2b2np1/4N3/3P4/BQP5/5PPP/RN2K2R b KQkq - 0 13	c6g2 b3f7	876	100	mate mateIn1
4jg8m	r3k2r/p2n2pp/3bq3/1Qpp4/4p3/2N5/PPPP1PPP/R1B2RK1 w kq - 4 15	b5c6 d6h2 g1h2 e6c6	1027	97	discoveredAttack
4kuxg	r6k/p4R2/8/2r2PKp/8/5P2/P3n2P/3R4 b - - 0 26	a8g8 g5h6 c5c6 f5f6 c6f6 f7f6	1793	95	defensiveMove endgame
4lFDl	5kB1/1p5p/3P2p1/4Pp2/5P1P/3r2P1/5K2/8 w - - 1 37	g8h7 f8g7 h7g6 g7g6 g3g4 f5g4	1649	86	endgame trappedPiece
4lllU	r2q1rk1/p1p1bppp/bp2p3/2npP3/5B1P/2P1PN2/PPB2PP1/R2QK2R w KQ - 1 13	c2h7 g8h7 f3g5 h7g8 d1h5 a6d3	2444	91	defensiveMove hangingPiece
4lr59	rn2k2r/pbp3p1/1p1p2qp/4pn2/2P5/2NPPN1P/PP1QB1P1/R4RK1 w kq - 0 13	f3e5 g6g2	606	100	kingsideAttack mate mateIn1
4mE3B	6r1/Q4p1p/2pp4/3pk3/4pNr1/1P2P1Pq/P1P2P2/R4RK1 w - - 3 23	a7f7 g4g3 f2g3 h3g3 g1h1 g3h4 f4h3 h4h3	1991	91	kingsideAttack mate mateIn4 sacrifice
4mne6	8/1p1k3B/2b1p3/8/3P4/4P3/PP3r1P/R4R1K w - - 0 30	h1g1 f2g2 g1h1 g2g6 d4d5 c6d5 e3e4 d5e4 f1f3 e4f3	2197	95	discoveredAttack endgame mate mateIn5
4mqNp	1r1q1rk1/Q2n1pbp/6p1/6B1/4n3/3P4/PPP2PPP/2KR2NR w - - 1 14	g5d8 g7b2 c1b1 e4c3	2027	95	mate mateIn2 queensideAttack
4ntNq	3r4/5ppk/1p1r4/2p3q1/2Q1p2p/4n1PP/PP1R1P2/3R1NK1 w - - 0 28	f2e3 d6d2 d1d2 d8d2	1252	97	
4pYjX	r7/4kp1p/p3pBq1/1p6/5R2/6PP/P2r1P2/5QK1 b - - 10 29	e7f8 f1c1 d2d5 c1a3 f8g8 f4g4	2203	95	endgame pin
4qOFa	4N3/4n2p/p4Qp1/6q1/6k1/6P1/PP3PB1/2q1R1K1 w - - 3 34	f2f3 g4g3 f6d6 c1f4	2180	97	
4qTpG	3r2k1/p4p2/1p2p1pp/4B2q/1PP1R3/6RP/P1Qr1PK1/8 w - - 4 37	c2c1 h5f5 c1e1 d2f2 e1f2 f5e4	2157	94	deflection
4qwPy	2r3r1/2k2p2/p1p4Q/8/2P2P2/P6P/5qPK/2R1R3 w - - 2 31	e1g1 f2g3 h2h1 g8h8 h6h8 c8h8	2263	94	endgame
4rEXu	r7/1q4kp/1p1p4/1PpPnRQ1/2P5/6P1/4P2P/r1R3K1 b - - 4 33	e5g6 g5f6 g7g8 c1a1 a8a1 f6a1	1987	92	
4rP5F	r1b2rk1/pp4bp/2pp2p1/3Pq3/4p3/2N4P/PP1BB1P1/R3Q1KR w - - 0 19	e2c4 e5d4 d2e3 d4c4	1128	93	fork
4rR7E	r5k1/1bp2rp1/3qpp1Q/p7/Pp2P3/1B1PP1R1/1PP3PP/R5K1 w - - 1 21	a1f1 d6g3 h2g3 g7h6	1173	91	
4tSgo	8/1R3Kpk/rB6/6Pp/4p2P/2b2b2/1p3P2/8 b - - 1 45	b2b1q g5g6 h7h8 b7b8	959	100	endgame mate mateIn2
4tTmh	1r2k2r/p1q4p/bp1pp2B/2p2p1Q/2P5/2P3P1/P5BP/R5K1 b k - 1 18	c7f7 g2c6 e8e7 h5h4 f7f6 h6g5	2345	91	exposedKing pin
4vFsI	r1bq1k1r/pp2p2p/1n1p4/7Q/2P5/2P5/P4PPP/R1B2RK1 b - - 0 14	d8e8 c1h6 f8g8 h5e8	1171	97	deflection mate mateIn2
4w5ip	8/8/2R3K1/2r5/3k3P/2p5/8/8 w - - 1 57	c6c5 d4c5 h4h5 c3c2 h5h6 c2c1q	933	100	advancedPawn endgame promotion
4xLqC	2b2rk1/5pp1/p1p4p/1pN1Pn2/1P3P2/PB2n2P/1B1r2P1/2R1R1K1 w - - 3 25	g2g4 d2g2 g1h1 f5g3	972	95	fork mate mateIn2
4yUaL	5rk1/p5pp/Rbr5/3p4/3P2P1/1RP1B3/5PK1/8 w - - 8 27	g2g3 b6c7 g3h3 c6a6	1488	97	discoveredAttack endgame
4z96f	6R1/2r5/5pk1/5Np1/4p1P1/4P1K1/1r6/8 b - - 20 56	g6f7 g8g7 f7e6 g7c7	1145	100	endgame skewer
4zsSz	3r2k1/p1p2ppp/1p6/2n5/2KB4/P1P3P1/1r3P1P/3R3R w - - 5 24	d4c5 b6b5	1259	89	endgame mate mateIn1
53IAP	r1b1k2r/1pp1qppp/p1p5/2b5/4P1n1/2NP1N2/PPP2PPP/R1BQK2R w KQkq - 3 9	h2h3 g4f2 d1e2 f2h1	1340	94	fork
53aXi	2q4k/6r1/3p4/2p1p2p/1pP5/1P1PQP2/1B4P1/6K1 b - - 0 36	c8h3 e3h6 h8g8 h6g7 g8g7 g2h3	1467	96	endgame exposedKing
53ncs	r1bq1rk1/p3npp1/1p2p2p/3nN3/3PN3/3Q4/PPB2PPP/R3R1K1 b - - 5 17	d5b4 e4f6 g7f6 d3h7	1322	93	clearance kingsideAttack mate mateIn2 sacrifice
54FMQ	8/8/2pk1p1p/3p2p1/3PP1P1/4K2P/5P2/8 b - - 2 37	c6c5 e4d5 d6d5 d4c5 d5c5 e3e4 c5d6 e4f5 d6e7 f5g6	2134	92	endgame pawnEndgame
54dlK	8/p3rk2/1p1Rp3/2p1Pp2/2P1pPP1/1P2K3/P7/8 b - - 0 34	e7c7 g4f5 e6f5 d6f6 f7e8 f6f5	1613	95	endgame rookEndgame
54elP	r4rk1/5ppp/p3p3/3p4/3Pb1Q1/P5PP/1Pq3P1/R1B1R1K1 w - - 2 20	c1h6 c2g2	654	100	kingsideAttack mate mateIn1
56lfU	5rk1/pp1b2b1/4p1P1/3R4/1q6/2pBB1Q1/P1Pn1NP1/4RK2 w - - 1 28	e3d2 c3d2 e1d1 e6d5	1536	93	advancedPawn
57Ysm	r5k1/ppq2p2/2p1r1pp/8/8/b2B1Q2/2P2PPP/1R2R1K1 b - - 1 20	a8e8 e1e6 e8e6 d3c4 e6e8 f3a3	1658	94	discoveredAttack
57zAO	R7/8/5pp1/8/1k4P1/R1q2P1K/8/8 b - - 0 50	c3a3 a8a3 b4a3 g4g5 f6g5 h3g4 a3a2 g4g5	2437	90	endgame
59jOH	8/3k1p2/5Pp1/3p2Pp/p1rP3P/2PK4/8/1R6 w - - 2 46	b1b4 c4b4 c3b4 d7c6 d3c2 c6b5 c2c3 a4a3 c3b3 a3a2 b3a2 b5b4	2215	97	advancedPawn deflection endgame rookEndgame
5A8Yc	8/8/3pR3/3P1k2/5P2/1p6/rPr1RK2/8 w - - 3 46	e6d6 a2b2 f2f3 c2e2	2042	95	endgame rookEndgame
5Cvde	2b2rk1/r2p2p1/p1p1ppNp/8/4P3/8/P1PRKPPP/R7 b - - 1 17	f8d8 g6e7 g8f8 e7c6 a7c7 c6d8	1763	93	endgame
5D2qE	r2qk2r/1b1nnp1p/4pbpB/1Np5/4P2P/5N2/PPPQ1PP1/1K1R3R b kq - 0 14	b7c6 b5d6	1027	97	mate mateIn1
5D9qo	4kb1r/5pp1/p1p1b2p/3p4/2pq2n1/2NN2Q1/2PK1PPP/RR6 b k - 1 25	f8e7 b1b8 e8d7 b8b7	2258	90	
5Dg92	r1bq1rk1/2pp3p/p4Rn1/n3N3/N1pPP1Q1/2P5/P5PP/R5K1 w - - 3 18	e5g6 f8f6 g6f4 g8h8	2203	90	defensiveMove hangingPiece
5DqEd	5rk1/pb3p2/1pr1p1Rp/3p4/3P1q1P/2PQ4/PP1N4/2K3R1 b - - 0 23	f7g6 d3g6 g8h8 g6g7	985	99	kingsideAttack mate mateIn2
5E4Y4	bqr3k1/4ppbp/5np1/3p4/1p1NP3/1P2BP1P/2PQN1P1/R5K1 w - - 0 23	e3f4 e7e5 a1a8 b8a8	1760	91	fork
5EaEe	6k1/r4p2/2R2pp1/1p2pq2/8/1P6/1PP1QPPP/6K1 w - - 1 30	h2h3 a7a1 e2f1 a1f1	784	99	endgame
5F5kC	7k/p3Qpr1/4p3/4Pp2/2P4p/5P2/P4qPP/6RK w - - 0 28	e7f6 h4h3 f6h6 h8g8 h6h3 g7h7 h3h7 g8h7	1999	92	endgame
5F7fp	3r2k1/5p1p/1Q4p1/1BP5/8/1P4Pq/P2r1P2/5RK1 w - - 0 31	c5c6 d8d5 c6c7 d5h5 c7c8q h3c8	2397	93	endgame
5FV5M	r1b3k1/4p1b1/2q3Bp/1p1pp3/3P4/4PQ1P/1P3PP1/5RK1 b - - 1 24	e5d4 g6f7 g8h7 f7d5	1959	95	
5FhfA	5bk1/2r2p1p/p5p1/4Pb2/8/p1P2N2/1P1R1PPP/2KR4 w - - 0 22	b2a3 f8a3 d2b2 c7c3 c1d2 a3b2	1974	95	endgame exposedKing pin queensideAttack
5Il0H	8/2Q2kq1/p6p/1p6/8/P1P3P1/r2r4/2K4R b - - 6 45	f7e8 h1e1 d2e2 e1e2 a2e2 c7g7	1605	95	endgame exposedKing
5J3vU	rn1qkb1r/pp2n1pp/2pp1p2/4N3/2B1P1b1/P1NP4/1PP2PPP/R1BQK2R b KQkq - 0 7	g4d1 c4f7	853	97	mate mateIn1
5JfC7	8/5pp1/7p/4P3/1Kp5/3k2PP/1P6/8 b - - 0 52	g7g6 b4c5 h6h5 h3h4 d3e4 c5c4	2151	91	endgame pawnEndgame quietMove
5Kmeq	N2k1b1r/1Q3p1p/p5p1/2p1q3/8/P2P4/2PK1P1P/6NR w - - 0 18	g1f3 f8h6 d2d1 e5a1 d1e2 h8e8	1947	93	
5L2PT	2k5/bp5q/p7/3NBP2/3P4/1PP3pr/P5QP/5R1K w - - 0 35	f5f6 h3h2 h1g1 h2g2 g1g2 h7h2 g2f3 g3g2	1444	93	advancedPawn attraction fork
5LwT5	4r2k/1pp3pp/p4q2/8/PP1b1NPP/B1Q5/4pP2/R3K2R w KQ - 0 24	c3f3 d4c3 f3c3 f6c3	1430	94	fork mate mateIn2
5N3x2	8/p7/5K2/R5p1/4Pk2/1P3r2/8/8 w - - 0 43	a5f5 f4e4 f5f3 e4f3 f6g5 a7a5	2595	92	defensiveMove endgame pin rookEndgame
5NqA3	3r4/p1p2P1k/1p1bBp1p/7P/6R1/8/PPP3P1/2K5 w - - 0 26	g4g8 d6f4 c1b1 d8d1	931	100	backRankMate endgame mate mateIn2
5OUiP	r3kb1r/1b1pqpp1/5n1p/p1p5/PpQ1PP2/1B1P3P/1PP3P1/RNB2RK1 w kq - 2 16	c1e3 b7a6 c4f7 e7f7 b3f7 e8f7	1768	92	
5Ofbl	r3n1k1/pp3ppp/2p1r2q/8/2PPp3/1P6/PB1N2Q1/4RRK1 w - - 6 25	e1e4 e6g6 e4g4 g6g4 g2g4 h6d2	1888	91	pin
5PF2O	8/2k1nppB/1rp1p3/4P3/8/1P6/r1PR1KPP/7R b - - 2 21	b6b3 h1d1 b3b2 d2d7 c7b6 d7e7	1563	94	endgame fork quietMove
5PIy4	8/8/8/4p3/2K1k3/2P5/8/8 w - - 0 60	c4c5 e4d3 c3c4 e5e4 c5b5 e4e3 c4c5 e3e2 c5c6 e2e1q	880	100	advancedPawn endgame pawnEndgame promotion quietMove
5R0sz	r4rk1/pp2np1p/2pp2P1/7Q/4qP1b/1B2B2P/PP5K/R5R1 b - - 0 22	h7g6 h5h4 e4e3 a1e1	2353	91	
5RHZe	3r4/1R5p/p2r1Npk/P3Kp2/4p3/6P1/5nBP/8 b - - 7 39	h6g5 h2h4 g5h6 b7h7	1556	94	endgame mate mateIn2
5RUwZ	8/bK6/P3p1p1/5p2/5k1p/5P2/8/R7 b - - 1 44	a7d4 a1a4 f4g3 a4d4	1195	100	endgame pin
5SZ8i	r1r3k1/p3b1pp/4Q3/1p4q1/1n1BP3/1P3P2/P5PP/3R1RK1 b - - 0 23	g8h8 f3f4 g5g6 e6e7	1709	97	
5SkKx	r5k1/pp4pp/2n1b3/q1N1p2Q/2p1p3/BP4P1/P2r3P/R4KR1 b - - 3 21	a8e8 h5e8	652	100	hangingPiece kingsideAttack mate mateIn1
5TEn5	4r1k1/p4pPp/2p1bB2/8/5r2/1P5R/2P1R1PK/8 w - - 0 32	f6e5 e6h3 e5f4 e8e2	869	100	discoveredAttack endgame pin
5TVa3	2qr2k1/5pp1/r1p1b2p/p1RBP3/Pp6/1P1Q2P1/1B5K/2R5 b - - 0 30	e6d5 c5d5 d8d5 d3d5	1580	94	
5UUQg	3r2k1/1p3p1p/p4Pp1/3n2P1/6P1/P5BK/1P6/3R4 w - - 6 42	g3h2 d5f4 h2f4 d8d1	765	98	discoveredAttack endgame
5UzlG	rnb1r1k1/ppp2pp1/3b3p/8/3P4/2NBPN1P/PP3Pq1/R2QK2R w KQ - 0 14	h1g1 e8e3 d3e2 g2f3	1930	91	pin
5V3YR	3r1r1k/pp4pp/1b1Nq3/3RP2b/3N4/P4PP1/1P2Q2P/5RK1 w - - 3 27	e2c4 d8d6 e5d6 h5f7	2569	92	defensiveMove pin sacrifice
5XSLA	rnbq1rk1/pp4pp/2p1pn2/4N3/3P1p2/2PB2PQ/P1P2P1P/R4RK1 b - - 3 15	b8d7 d3h7 f6h7 h3e6 f8f7 e6f7 g8h8 e5g6	2554	92	kingsideAttack mate mateIn4
5XrMF	r3r1k1/pp2bppp/2p2n2/5b2/2Pp1q2/P2P3P/1P2NPP1/1R1QKB1R w K - 0 16	e2f4 e7b4	795	93	doubleCheck mate mateIn1
5ZNnq	3rr1k1/pp3pp1/2b2q1p/2P1p3/4n3/P3PN1P/1PQ2PP1/1BR1R1K1 w - - 2 24	f3h2 d8d2 c2d2 e4d2	1617	93	
5ZTsg	2kr1br1/pbp2p2/1p2pP2/7p/2P3p1/1NNq4/PP3PPP/R2Q1RK1 b - - 2 16	d3h3 d1d8 c8d8 f1d1 d8c8 g2h3	2364	92	attraction sacrifice
5a57L	8/1R3pk1/p2p1qp1/3P2n1/7Q/1P2PB1P/2r2PK1/8 w - - 1 40	h4f4 c2f2 g2f2 g5h3 f2g3 h3f4	1392	96	attraction deflection endgame fork sacrifice
5b8ei	r2qr1Qk/1b1n2p1/2p2n1N/pp6/3P4/PPN5/1B3PPP/1BRR2K1 b - - 2 28	e8g8 h6f7	864	100	mate mateIn1
5bH96	4r1k1/1p1b1pp1/2p2n1p/2PPp3/1q1BP3/1B4NP/2Q2PP1/R5K1 b - - 0 25	b4d4 a1a4 d4a4 b3a4	2007	88	trappedPiece
5bXzY	4r1k1/p1p2ppp/3b1q2/1Pr5/P5b1/2nP1NP1/1BBQPP1P/R3R1K1 w - - 1 24	a1a3 c3e2 e1e2 e8e2 b2f6 e2d2 f3d2 c5c2	2298	91	capturingDefender kingsideAttack
5cDht	3qk3/7Q/2pb2R1/p2p4/P1n5/8/1PP2PK1/4r3 b - - 0 39	d8d7 g6g8 d6f8 g8f8 e8f8 h7d7	1598	94	deflection endgame exposedKing
5e7Sv	r2qr1k1/pp3pp1/2pb1R1p/3p2N1/3P3P/2P1P3/PPQN2P1/R5K1 b - - 0 15	d8f6 c2h7 g8f8 a1f1 h6g5 f1f6	1950	92	
5eGIK	7r/1p3ppp/3k4/2bp4/4pn2/1Q4Pq/PPP2P1P/R3NR1K w - - 6 28	g3f4 h3f1	799	98	hangingPiece kingsideAttack mate mateIn1
5eOSS	r1b3k1/2p3p1/p1P1p1Bp/3pP3/3P2pq/2N4r/PP2QP2/R1B2RK1 w - - 2 20	c1f4 h3h1 g1g2 h4h3	1121	95	kingsideAttack mate mateIn2
5eW0X	4kbr1/1p5p/pqr1p1p1/3RQ3/8/P7/1PP4P/1K1R4 b - - 3 27	f8e7 e5b8 e8f7 d1f1 f7g7 b8e5 g7h6 d5d3	2359	93	defensiveMove exposedKing
5f4wW	r1bq1r2/p1p2pp1/1p2p1k1/3nP1N1/3P3Q/2N5/PP3PP1/2R1K2R b K - 0 16	d8g5 h4h7	1314	97	mate mateIn1
5fNfo	8/1pq1Rpkp/3p2p1/p1pP1pQ1/bnr5/5B1P/1P4PN/6K1 b - - 1 23	c7d8 e7f7 g7f7 g5d8	1015	91	discoveredAttack
5g6Qt	6k1/pp3p1p/2p3p1/8/4P3/2P2BbP/PP1r2P1/4R1K1 w - - 0 27	e1e2 d2d1 e2e1 d1e1	651	100	endgame mate mateIn2
5gdOE	5rr1/pppb1p1R/3p1kpR/3Pp3/4P1P1/5P1N/PPP5/2K5 b - - 10 27	g8g7 g4g5 f6e7 h7g7	1206	90	deflection endgame
5hFzQ	2rq1rk1/p5pp/2p2p2/3p4/P2Pn3/1Q3N2/1P3PPP/2R1R1K1 b - - 0 19	a7a5 e1e4 c8b8 b3a2 b8b2 a2b2	1633	94	pin
5hICU	r1b2r1k/bppq2p1/p1np2Qp/3B4/2PP4/P1N1p1PP/1P2NP2/R4RK1 b - - 0 17	f8f6 f2e3 f6g6 f1f8 h8h7 d5g8	2167	92	sacrifice
5hhxN	2bqr1k1/Q3n1pp/3pPp2/3p4/8/2P1R3/P4PPP/4R1K1 b - - 0 24	e7c6 a7f7 g8h8 e6e7	1461	92	advancedPawn
5ilW0	6k1/3bR2p/p1pNpr2/2P5/1P4n1/P5P1/6KP/8 w - - 0 32	e7d7 g4e3 g2h3 f6h6	1768	94	anastasiaMate endgame mate mateIn2
5jG52	8/1k4pp/1p3p2/1Pp1pN2/2PnP3/2r2P2/6PP/1K1R4 b - - 15 36	c3c4 f5d6 b7c7 d6c4	754	99	endgame fork
5jymz	4R3/ppp3pk/2pb1rqp/8/PP1P1p2/2P2Q1P/2r2PP1/2B1R1K1 b - - 5 25	c2c3 f3c3 f4f3 g2g4	2074	92	defensiveMove hangingPiece
5kKL1	7k/8/PQ3pp1/2p4p/6K1/5PP1/7P/5q2 w - - 0 52	g4h4 g6g5 h4h5 f1h3 h5g6 h3h7 g6f6 h7h6 f6e5 h6b6	1517	94	endgame queenEndgame sacrifice skewer
5mNBK	2kr4/Qpp4p/2p3p1/3q4/2N3P1/1P6/PBPbr2P/2KR4 w - - 0 21	c4d2 d5d2 d1d2 e2e1 d2d1 e1d1	1585	94	mate mateIn3 queensideAttack sacrifice
5mRfr	8/p6R/1bp1pkn1/7p/4P2P/1P1K1P2/P7/8 w - - 9 35	h7h5 g6f4 d3d2 f4h5	856	100	endgame fork
5mTL5	r3k2r/pppq2pp/3b4/3pn3/5Pn1/3B4/PPP1Q1PP/RNB1R1K1 w kq - 1 13	f4e5 d6c5 g1h1 g4f2 e2f2 c5f2	1300	93	kingsideAttack
5nKfV	1k1r4/pp4p1/1b2q3/8/1P1P2Pp/P1BR1p1P/2Q5/4q1KR w - - 0 31	c3e1 e6e1 g1h2 e1g3	1626	87	mate mateIn2
5oMMt	4r2r/1p4k1/p4ppp/3p4/3q4/1P1P3Q/P5PP/4RR1K b - - 3 25	h6h5 h3d7 g7h6 e1e8 h8e8 d7e8	1099	99	endgame
5obdZ	7k/6bp/pqr3p1/8/1p1p1P2/1P1Pn1Pb/P1RQNB2/4R1K1 w - - 2 27	f2e3 d4e3 d2c1 c6c2 c1c2 b6b7	2158	88	defensiveMove
5qLCB	6k1/6p1/1bP4P/5p2/5PK1/6R1/6rr/1RB5 w - - 0 35	g4f3 g2f2	879	99	endgame mate mateIn1
5qeeB	5rk1/3R1pp1/8/3QP3/4n3/6B1/PPr1q1PP/6RK w - - 7 26	d7d8 e4g3 h2g3 e2h5	1540	95	mate mateIn2
5qeoh	r1bqkb1r/1p2nppp/p1np4/2pNp3/2P5/P1N1P3/1P1P1PPP/R1BQKB1R b KQkq - 3 7	g7g6 d5f6	796	100	mate mateIn1
5rVnt	5rk1/2q2p2/5Qp1/p1pr2P1/1p2p2R/P2P3P/1P6/1R5K b - - 1 32	c7e5 h4h8	1300	93	endgame mate mateIn1
5rsOK	r1b2r1k/ppp2pp1/2n3q1/4p1N1/5P2/2Q3R1/PB4PP/R5K1 b - - 1 19	e5f4 g5f7 g6f7 g3g7	2172	94	discoveredAttack kingsideAttack
5s9s0	1r4k1/p3rppp/1q2p3/2np4/3Q4/1PN1R3/P1P2PPP/R5K1 b - - 3 19	b6b4 d4b4 b8b4 c3d5 e6d5 e3e7	1760	96	
5sJzn	4r3/p4pk1/1pq2p2/3N1P1R/2p1P1n1/4Q1P1/PP4P1/6K1 w - - 1 26	e3f4 c6c5 g1h1 e8e4 f4e4 g4f2 h1h2 f2e4	2309	92	attraction endgame fork sacrifice
5uETQ	r3r1k1/p1pbqppp/Q2p1bn1/2p5/3NPP2/2N1B3/PPP3PP/3R1R1K w - - 0 15	d4c6 d7c6 a6c6 f6c3	1449	88	
5ujkc	5rk1/4bppp/3p4/3Q4/4n3/3BBR2/2q3PP/6K1 b - - 1 22	c2d1 f3f1 e4c3 d5c4 d6d5 c4c3	2487	91	
5v3tV	r1r3k1/2q1bppp/1P1pp3/6PP/4bP2/1p2B1Q1/1PBR3R/2K5 w - - 0 26	b6c7 a8a1 c2b1 a1b1	1975	87	mate mateIn2 queensideAttack
5vU1P	3r1bk1/1p3rp1/p2p3p/3Q4/1q3P2/1P6/1P2R1PP/3RB2K b - - 5 25	b4f4 e2f2 f4f2 e1f2	1404	96	pin
5wkwj	4k3/r3nr2/8/2N1R2Q/1pP3p1/1P6/3q1PPP/4R1K1 w - - 1 38	h5g5 d2f2 g1h1 f2f1 e1f1 f7f1	1229	100	backRankMate mate mateIn3 sacrifice
5xOnn	q2r1r2/4bppk/2b4p/1pp1PR2/p5N1/P1PP2RP/2PQ2P1/7K b - - 0 27	c6d7 g4f6 e7f6 e5f6 f8g8 f5h5	2525	92	
5zIrv	r4Q2/pppk2N1/3r4/8/6pq/4Pn2/PPP2P1P/R4K1R w - - 5 25	f8a8 h4h3 f1e2 d6d2	1585	100	hookMate mate mateIn2
5zNQI	rn5Q/p3kpp1/1pp2q2/5b2/P2P4/2P1P3/5PRP/R3K3 w Q - 0 19	g2g7 b8d7 h8a8 f6g7	1675	87	quietMove
60Ms3	r1b1r3/pp1kBpb1/3P2p1/8/3n2P1/2N4P/PP3PB1/4R1K1 b - - 0 23	a7a6 c3d5 e8e7 d6e7	2217	93	advancedPawn quietMove
60u9G	r3kb1r/p1pb1ppp/2n2n2/3qp1N1/8/8/PPPPBPPP/RNBQK2R w KQkq - 2 8	b1c3 d5g2 e2f3 g2g5	1244	95	fork
61tgF	2r5/8/p7/2R5/PP2pk2/8/5P2/5K2 b - - 0 40	c8c5 b4c5 f4e5 f1e2 e5d5 e2e3	1682	92	endgame
62Cgx	r2r3k/6pp/p1R5/2B1q3/5n2/1Q5P/PP3PP1/2R3K1 w - - 4 39	g1f1 e5e2 f1g1 e2e4	2252	92	
63MHc	1k4r1/pp3p1p/5p2/4p3/1R2P3/4QP1P/q2rBK2/7R w - - 2 25	h1b1 d2e2 e3e2 g8g2 f2g2 a2e2	1561	95	attraction deflection fork sacrifice
63exm	8/p3k3/r3p2R/8/3PKp2/6P1/P7/8 w - - 0 40	e4f4 e6e5 f4e5 a6h6	1106	95	discoveredAttack endgame rookEndgame
64THh	8/4Q3/2kp4/4p3/P3Pn2/3P1PKP/2P1r3/8 w - - 14 47	a4a5 e2g2 g3h4 f4g6 h4h5 g6e7	1131	91	endgame fork
64c9i	r4r1k/3N1ppp/p2qp3/1p6/2pP4/2P1Pb2/5PPP/RQ3RK1 b - - 0 18	f3g2 d7f8 a8f8 g1g2	1659	94	intermezzo
64g4Q	r1b1k2r/p3ppbp/1qpp2p1/8/4PBn1/2N2P2/PPPQ2PP/R3KB1R w KQkq - 1 11	f3g4 b6b2 a1b1 b2c3 d2c3 g7c3	1688	95	
64lXY	6r1/p7/2p2k1R/1p3p2/2r2N2/2P2KP1/PP6/8 b - - 1 39	f6e5 h6e6	836	99	endgame hookMate mate mateIn1
658xM	2k5/R3K3/1p4p1/3R4/8/P4P1b/1P2r3/8 w - - 5 44	e7d6 e2e6	745	100	endgame mate mateIn1
65MLk	rnb1k1nr/pp1ppp1p/6p1/8/1q1b1B2/2NQ1N2/PPP2PPP/1R2KB1R b Kkq - 1 8	d4f2 e1f2 b4f4 c3d5 f4d6 d3c3	1990	93	clearance
65iuL	r1b2rk1/pp3ppp/2nq3b/3N4/1PB1P2N/P7/6PP/R2Q1RK1 b - - 1 16	g7g6 d5f6 d6f6 f1f6	1102	96	kingsideAttack
66LVH	6rk/8/pp5p/4P3/8/P1P1bR2/1P5P/5RrK w - - 1 33	f1g1 g8g1	756	100	endgame mate mateIn1
66Ytu	2k4r/pp1r2p1/3b2p1/2pP1p2/2P5/PQ3BqP/8/1R2RK2 b - - 1 27	h8h3 e1e8 d7d8 b3b7	1167	100	deflection mate mateIn2 queensideAttack
67FSh	5k1r/p5p1/1p5p/4Bb2/4N3/P2r4/5KPP/4R3 b - - 4 29	d3a3 e5d6 f8f7 d6a3	1062	97	endgame fork
685u9	8/pp3rk1/5q1p/1P4p1/P1QPpn2/4NbP1/5PBP/5RK1 w - - 10 35	g2f3 f4h3 g1g2 f6f3 g2h3 f7f4 c4c7 g7g6	2525	91	defensiveMove discoveredAttack kingsideAttack pin quietMove
68yTM	5rk1/1R3pp1/3p4/3Pp1p1/8/2P3Q1/r2q1PPP/R5K1 w - - 0 22	b7b1 d2b2 h2h3 a2a1 b1a1 b2a1	2060	95	endgame pin
699Vj	r3k2r/ppp2ppp/8/1b6/8/P1n5/3QqPPP/R1B1R1K1 b kq - 1 16	a8d8 d2c3 d8d1 c1d2 d1e1 a1e1	2508	92	hangingPiece pin quietMove
6AReG	r1b3k1/ppp1qppp/1b1p1n2/n5B1/2BPr3/1Q3N1P/PP1N1PP1/R4RK1 w - - 4 13	g5f6 a5b3 f6e7 b3d2 f3d2 e4e7	2027	91	
6AWSg	r4rk1/pp1bR2p/n2q2p1/2p5/2P5/P1PB4/3Q1PPP/4R1K1 b - - 5 21	d7c6 d2h6 d6e7 e1e7	1353	94	
6AZIE	2r2rk1/1b3ppp/4p3/p2nQ3/Pp1P4/4PBPq/1B3P1P/R4RK1 w - - 1 25	f3g2 h3g2 g1g2 d5f4 g2g1 f4h3	1866	95	attraction doubleCheck kingsideAttack mate mateIn3 sacrifice
6Ao2S	2k5/p6p/1pN5/3r4/P3rBp1/2P2nP1/1P6/2K2R2 b - - 1 30	e4e1 f1e1 f3e1 c6e7 c8d7 e7d5	852	100	endgame exposedKing fork
6Assn	1k4r1/pp1Q4/4P2p/2p3rq/P3P3/3P4/2P4P/R4R1K w - - 5 31	e6e7 g5g1 f1g1 h5f3 g1g2 f3g2	1733	95	endgame mate mateIn3 sacrifice
6ChxG	r1bN1rk1/pp1pppbp/6p1/8/2B5/4B3/PPP2PPP/R2n1RK1 w - - 0 11	d8f7 d1e3 f2e3 d7d5 c4d5 e7e6 d5e4 f8f7	2382	91	
6CihS	3rr1k1/pp1b2pp/4p3/q7/2Bnn3/1Q3N2/P4PPP/1RB3KR w - - 0 19	f3d4 a5e1 c4f1 e1f2	1013	100	kingsideAttack mate mateIn2
6Ede5	8/2pr1pkp/R1b1q3/2P1P3/2rR3N/6B1/5QPP/6K1 b - - 0 33	d7d4 f2f6 e6f6 e5f6 g7g8 a6c6	2462	96	
6Effb	2r1r1k1/p6p/5Qp1/4qnP1/2P5/1P2P3/P2P2P1/2KR3R w - - 1 26	h1h7 e5f6 g5f6 g8h7	1730	92	intermezzo
6FqBp	rn3Qnr/ppk1p1R1/2p1p3/4N2p/3P4/8/P1P2P1P/2qNK3 b - - 1 20	c1h6 e5f7 b8d7 f8a8 g8f6 a8h8 h6h8 f7h8	2546	93	fork
6GDRb	1k3r2/pBpR4/P7/1P2P3/8/4n1PK/8/8 w - - 3 36	e5e6 f8h8 d7h7 h8h7	688	100	anastasiaMate endgame mate mateIn2
6GZZB	r3k2r/pp2npp1/2n1p3/q2pP2R/1p1P2P1/3QBN2/P1P3P1/R3K3 b Qkq - 0 15	e8g8 d3h7	716	99	mate mateIn1
6HKe2	1r1r2k1/q4p1p/5np1/2R1R3/pp2P3/1P4PP/P1Q2PB1/6K1 w - - 0 34	c5c7 a4b3 a2b3 a7a1	2109	94	clearance
6IHDv	5rk1/ppB1b1pp/6b1/8/3qN3/6QP/PPP3P1/R6K b - - 0 18	g6e4 c7e5 e4g2 h1h2 d4e5 g3e5	1891	95	defensiveMove
6Mkh9	2kr4/1ppqp1br/p6p/3NBpp1/2QP4/7P/PPP2PP1/3RR1K1 b - - 0 18	d7d5 c4c7	688	100	mate mateIn1 queensideAttack
6NqoF	3r1rk1/1pp2pp1/4b2p/pP2Pn2/P7/3BPN2/3R1KPP/3R4 b - - 6 20	f5e7 d3h7 g8h7 d2d8 f8d8 d1d8	860	87	discoveredAttack
6PCJr	1r5k/p6p/1q5P/5Bp1/1bPp2P1/3P4/PP1Qp3/2K1R3 w - - 2 40	d2g5 b4f8 e1e2 f8h6 g5h6 b6h6	2324	91	endgame pin
6PpPS	rnbq1rk1/pp3ppp/1b2p3/3pP3/P2Pn3/2PB4/5PPP/RNBQK1NR w KQ - 1 9	f2f3 d8h4 g2g3 e4g3 h2g3 h4h1	1516	89	pin trappedPiece
6QNug	Q4nk1/1P3pp1/4p2p/2qpP3/P1rN4/8/5PPP/1R4K1 w - - 0 29	b7b8q c4c1 b1c1 c5c1	726	100	backRankMate mate mateIn2
6Qs6A	3r1br1/p2p1p2/1k6/1BpQ1p2/4p2q/2P2n1P/PP3PP1/RNB1RK2 w - - 2 24	g2f3 h4h3 f1e2 h3f3 e2d2 e4e3 d2c2 f3d5	2499	92	discoveredAttack
6QsVp	2Q1n2k/p1R1qpbp/1p2p1p1/3p4/8/P2P2P1/1P2PPBP/6K1 b - - 7 24	e7c7 c8e8 g7f8 e8f8	752	100	endgame hangingPiece kingsideAttack mate mateIn2
6SlNm	8/8/3k1ppp/2pPp2P/1p2K1P1/1P3P2/2P5/8 b - - 0 37	g6h5 g4h5 f6f5 e4f5 d6d5 f5g6	1356	92	endgame pawnEndgame zugzwang
6Spdf	4r2k/3Bq1bp/6p1/1p2N3/1Ppp1B2/6QP/6P1/7K b - - 3 41	e8d8 f4g5 g7e5 g5e7 e5g3 e7d8 c4c3 d8f6	2220	93	
6Sxvg	8/p1pk4/2ppp2Q/4p3/3bP2B/1K1P4/P1P3qP/5r1R w - - 0 24	h1f1 g2f1 h6g7 d7c8 g7f8 f1f8	2480	87	endgame
6SykI	8/7p/2Q5/6pk/P4n2/2P4P/6PK/5q2 b - - 1 47	f4e2 g2g4 h5h4 c6h6	1816	96	endgame mate mateIn2
6WBXc	2kr1R2/ppp2Qp1/4p2p/8/3P4/2P5/Pq4PP/6K1 b - - 3 25	b2c3 f7e6 c8b8 f8d8	1239	96	backRankMate deflection endgame mate mateIn2 pin
6WTOf	r2qkb1r/2p2ppp/p3p1n1/1p3n2/8/1BPp1Q2/PP1P1PPP/RNB1R1K1 b kq - 5 14	g6h4 f3c6 d8d7 c6a8	1034	89	deflection
6WanY	1k1r3r/ppp2p1p/5p2/3P4/1b1Q4/2N5/PqP2PPP/1R2R1K1 b - - 3 18	b4c3 d4a4 b2b6 b1b6	2232	92	trappedPiece
6WzEz	2r1k2r/2q2pp1/Q1pbbn1p/4N3/2p1pB2/2P4P/PP1N1PP1/3R1RK1 w k - 4 19	d2c4 e6c4 a6c4 d6e5 f4e5 c7e5	1330	94	
6Y9Mr	6k1/1q1r1pbp/1B1Qb1p1/8/2P5/1P3P2/1P4PP/R4R1K w - - 1 22	a1a7 b7a7 d6e6 f7e6 b6a7 d7a7	1720	96	
6Yjg0	r1k1r3/p1pqbQ1p/1p4pB/1PPn4/3nN3/P7/6PP/3R1RK1 b - - 1 25	d4e6 c5c6 e7c5 e4c5 d7f7 f1f7	2099	98	
6Z3rl	2r2r2/pb3pk1/1p2pnpp/3qN3/3P3B/2NQ4/5PPP/1BR3K1 w - - 3 22	c3d5 c8c1 d3f1 c1f1	1034	99	hangingPiece kingsideAttack
6aMMY	5r2/k2r2p1/1pRN2P1/1P4K1/p1p3PP/P1P5/8/8 w - - 3 44	d6c4 d7d5 c4e5 d5e5	646	100	endgame mate mateIn2
6anx6	r2qr1k1/pp3p1p/3p1npB/2pPb3/4P3/2N4Q/PPP3PP/R4RK1 b - - 6 17	f6e4 c3e4 e5d4 e4f2	1856	88	defensiveMove hangingPiece
6bjYA	3q2k1/1r1n1pp1/2R1p2p/pN6/Pp3Pn1/6P1/1Q5P/3R2K1 b - - 1 28	g4e3 b2c1 e3d1 c6c8	2443	93	pin sacrifice
6bsZ2	1r2r1k1/1n3pbp/pq1p2p1/1p1Q4/1PpN1P2/2P3P1/PB5P/R3NRK1 w - - 5 21	d5c6 g7d4 c3d4 b6c6	1436	91	
6cXL6	r3k1nr/pp1n1ppp/4p3/2bpP3/5Nbq/2NQB3/PPP2P1P/R3KB1R b KQkq - 1 10	d7e5 d3b5 e5d7 e3c5	1243	94	fork
6dyxU	2r1r3/p4p1k/3Rb1pp/qp6/6PP/1P6/P1P1QNB1/1K1R4 w - - 0 27	h4h5 e6b3 h5g6 h7g7 a2b3 e8e2	2247	93	
6eAOO	3r2k1/1bB2p1p/p4q2/1pbn4/8/2NQ3P/PP3PP1/3RR1K1 w - - 1 23	c7d8 f6f2 g1h1 d5e3 e1e2 b7g2 h1h2 f2f4	2426	91	discoveredAttack kingsideAttack
6f0lP	5rk1/p1pq1p1p/1r1p3p/3Bn3/2Q1P1b1/2N5/PP3PPP/R4RK1 w - - 2 16	c4d4 e5f3 g2f3 g4f3 e4e5 d6e5	2431	92	kingsideAttack sacrifice
6g0u8	3rr3/p1p4p/1p3k2/2pRRp2/2P2P2/8/PP4PP/6K1 b - - 0 24	e8e5 f4e5 f6e7 d5d8 e7d8 g1f2	1518	100	defensiveMove endgame rookEndgame
6gPUG	8/6pk/2p1Q2p/1pP2P2/1P6/3q2BP/2p3PK/8 w - - 1 43	f5f6 c2c1q f6f7 d3f1 e6e4 g7g6 f7f8n f1f8	2362	92	advancedPawn defensiveMove endgame promotion
6gr2P	2rr2k1/pp1nqppp/4p3/2pn3b/3P4/PP2PNPP/1B4P1/1BRQ1RK1 b - - 0 18	d5e3 d1d3 e3f5 g3g4 h5g6 g4f5	1607	93	fork
6hDMx	2r2q1k/8/p3P1QP/5P2/1p6/1Pn4K/1B6/8 b - - 0 37	c8c6 e6e7 f8e7 g6c6	1600	94	advancedPawn discoveredAttack endgame
6hDi1	4r2k/1pp3pp/3p2q1/3P4/1PP5/2Q2nPb/5P1P/B3R1K1 w - - 1 29	c3f3 e8e1	750	97	endgame hangingPiece mate mateIn1
6htBw	2r3k1/5ppp/2PR4/3Pp3/8/6KP/2b2PP1/8 b - - 2 33	c2a4 c6c7 g8f8 d6d8	1508	87	advancedPawn endgame
6kteU	8/pp6/2p2kp1/2Pp4/3PpK1P/PP2P3/8/8 b - - 0 36	b7b6 c5b6 a7b6 a3a4 f6e6 b3b4	2343	96	defensiveMove endgame pawnEndgame quietMove
6kwJw	4r1k1/p3qpb1/3p2p1/8/4P3/4PQ2/4N1P1/5RK1 b - - 1 25	e7e4 f3f7 g8h7 f1f3	2066	95	defensiveMove endgame
6mdyJ	r4rk1/1N1n1ppp/p3p3/8/P2n4/8/P4PPP/R1BR2K1 b - - 2 18	d4e2 g1f1 e2c1 d1d7 f8c8 d7d1 c8c7 b7d6 c1a2 a1a2	2278	91	
6nRAv	r2qnr1k/1p1nb1pp/p3B1p1/4P3/8/6NP/PP3PP1/R1BQR1K1 w - - 1 19	f2f4 d8b6 c1e3 b6e6	1587	94	fork
6nYTa	r4rk1/pp2ppbp/2p2np1/8/2PqPP2/2N2Q1P/PPPB2P1/R3K2R w KQ - 1 12	b2b3 f6e4 f3e4 d4e4 c3e4 g7a1	1253	93	exposedKing
6ogxC	6k1/1p3pb1/p5pp/2pq4/3r3n/8/PPB1QPPP/2BR2K1 w - - 2 26	d1d4 d5g2	894	100	kingsideAttack mate mateIn1
6oxYo	6k1/6p1/2qr3p/3p1p2/4p3/4P1P1/1Q2RP2/5K2 b - - 3 40	c6c4 b2b8 g8f7 b8d6	850	100	endgame fork
6q5aP	6k1/ppR2pp1/3q3p/8/3r4/1P1P3P/P1Q2PP1/6K1 b - - 6 28	d4d3 c7c8 g8h7 c8c3	1628	89	endgame
6qDOO	1B1b3r/4n1pp/1p2kp2/8/4P3/8/PPP2PPP/2KR4 b - - 3 20	e7c6 d1d6 e6e7 d6c6	999	100	endgame fork
6qyJj	8/2p5/4n3/2B1kpp1/PK4Pp/7P/5P2/8 w - - 0 46	g4f5 e6c5 b4c5 g5g4	2152	93	endgame
6r2EJ	r4r1k/5pR1/p2p4/1pp1p3/4Pq2/1BPP1n1P/PPQ2P2/6RK w - - 3 26	g1g4 f4h2	785	99	mate mateIn1
6r7Cr	3rk2r/p4ppp/5q2/2p2b2/3Np3/2P5/P1P1QPPP/R3K2R w KQk - 0 15	d4f5 f6c3 e1f1 c3a1	1092	100	fork
6r8c1	2r5/5Q2/1krbpP2/3p4/1q1P4/1p2N2P/8/R4RK1 b - - 5 41	b6b5 f7b7 c6b6 b7c8	1107	96	deflection
6tHG3	rnb1kb1N/pp2n1pp/5p2/1p6/3q1B2/8/PPP1Q1PP/R4R1K b q - 1 15	a7a6 e2h5 g7g6 h5h7	2362	92	
6tWxC	r4rk1/p2R1pp1/7p/3Q1Pb1/2P5/P6P/3p2PK/8 w - - 2 31	g2g3 a8d8 f5f6 d8d7 d5d7 f8b8	2466	91	clearance defensiveMove endgame
6ulSq	r1b1r1k1/1pq2p2/2p3pp/p3B3/2P1p3/3QPN2/nP3PPP/3R1RK1 b - - 1 20	e8e5 d3d8 c7d8 d1d8 g8g7 f3e5	1623	94	kingsideAttack
6xG61	8/5R2/bp3p1P/p1nk4/P7/4K3/1PB5/5r2 b - - 0 33	f6f5 f7f5 f1f5 c2f5 d5e5 h6h7	1938	94	advancedPawn endgame
6xl98	5Bk1/5ppp/3b4/p2pP3/5Q2/2p4P/5PPK/q7 b - - 0 32	g8f8 e5d6 a1b2 d6d7 b2b6 f4e5	2433	92	advancedPawn endgame hangingPiece
6y81I	r3k2r/1b1p1pp1/p3p2p/1p2P3/5qn1/P1NB4/1PP1QPPP/3RR1K1 w kq - 2 16	d3e4 f4h2 g1f1 h2h1	933	97	kingsideAttack mate mateIn2
71SJV	6k1/6b1/2Q5/2p4p/2P5/8/5RPP/4q1K1 w - - 1 41	f2f1 g7d4 g1h1 e1f1	939	99	deflection endgame mate mateIn2
728mc	8/2B5/p3k3/1p6/2PK4/n5P1/8/8 w - - 0 41	c4b5 a3b5 d4c5 b5c7	897	89	endgame fork
72e50	5rk1/7p/1p6/p1pp1p1B/Pn3P2/4r3/1B3K1P/3R4 b - - 1 31	e3h3 d1g1 h3g3 g1g3	1176	99	endgame mate mateIn2
73AOv	2r2rk1/p4ppp/1qNb1n2/pP2P3/8/2P5/4QPPP/1NB2RK1 b - - 0 18	f8e8 c1e3 c8c6 e3b6	1668	92	
73Dmy	5b1r/p1p4p/4b1k1/2P1p1B1/7P/PnNP2P1/1P4K1/5R2 b - - 0 29	f8c5 f1f6 g6g7 f6e6	1083	87	fork
74ajs	r1b1r1k1/pq1n1ppp/2pQ4/3pp3/3P4/RP1BPN2/5PPP/R5K1 w - - 0 18	d4e5 e8e6 d3a6 b7b6 a6c8 e6d6 e5d6 a8c8	1904	95	trappedPiece
7578Y	3Q4/pp5p/8/2K5/8/2P2k2/PP6/6q1 w - - 0 35	d8d4 g1d4 c3d4 f3e4	2485	93	endgame queenEndgame
76FD3	rnbq1rQk/pp1p2pp/2p4N/8/8/4K2P/PPP3P1/RN3B1R b - - 5 15	f8g8 h6f7	837	96	mate mateIn1 smotheredMate
76ZGm	r3k2r/1ppq1pp1/1p3n2/2p1B3/3P4/1P4Pb/P3PPB1/R2Q1RK1 w kq - 1 16	d4c5 h3g2 d1d7 f6d7 g1g2 d7e5	1482	94	
76suS	2r5/p5B1/7R/3P4/6kP/3b2P1/PP2r1P1/R5K1 w - - 1 36	a1f1 d3e4 h6g6 e4g6	2503	91	endgame
78F3j	r1bq2k1/pp3p2/2pr1B2/3p1B2/3P3Q/P1n1P3/2P2PPP/R4RK1 b - - 0 19	d8f6 h4g4 f6g7 f5c8	2008	94	
78L18	6kr/p4p1p/6p1/2B1p3/4q3/2P5/P1n2PPP/1Q1R2K1 w - - 0 24	d1e1 e4e1 b1e1 c2e1	1465	98	endgame
7Ap76	2q3k1/4Rrp1/p2p3p/1p1b4/1P1B2Q1/P5PP/5P1K/2N5 b - - 0 29	c8g4 e7e8 f7f8 e8f8 g8f8 h3g4	1371	92	endgame
7BqAm	4rbk1/5Qpp/4p3/4p2P/3pP1Pq/P2P4/1Pp5/2B2RK1 b - - 2 34	g8h8 f7f8 e8f8 f1f8	1018	100	backRankMate endgame mate mateIn2
7CDRo	r4rk1/p1p2p1p/np2p1pb/4P3/3PQ1Pq/7P/PPP4R/R2K1BN1 b - - 0 16	h4g3 h2g2 g3e3 e4e3	1321	91	
7CPsX	r1b2rk1/5ppp/p1Nq4/1ppn3Q/8/1P1B4/PN1B1PPP/5RK1 b - - 1 20	g7g6 h5d5 d6d5 c6e7	1843	95	sacrifice
7Cf0s	4R3/8/8/8/6pp/3k4/4r1PK/8 w - - 16 77	e8e2 d3e2 h2g1 e2e1	2224	92	defensiveMove endgame
7Cis2	r2q1rk1/pp3pp1/2pp3p/4nNb1/4PB2/6QP/PP3PP1/3RR1K1 b - - 3 18	g5f4 g3g7	667	100	kingsideAttack mate mateIn1
7EMbk	r5k1/5pp1/4p3/1Rq1P2p/5P2/P2Q2P1/6KP/8 b - - 0 32	c5a3 b5b8 a8b8 d3a3	1361	95	deflection endgame
7ErkC	8/1p3pk1/2b1p3/Q5p1/2P4q/7R/PP3PPK/3r4 b - - 4 38	h4f2 a5g5 g7f8 h3h8	1144	95	endgame mate mateIn2
7GNK3	r4r1k/pp4pp/3bQ3/2p5/4N1n1/3P3P/PPP3Pq/R1B3KR w - - 5 18	h1h2 d6h2 g1h1 f8f1	1155	94	kingsideAttack mate mateIn2
7GRTA	4q3/3Q4/4P1n1/pp1P1pk1/8/8/PP5P/7K b - - 4 34	e8e7 d7e7 g6e7 d5d6 g5f6 d6e7	2448	92	advancedPawn endgame
7HSp5	r3k2r/2qpbpp1/ppb1p3/2p5/2P5/1P2PNN1/PB1R2Bn/R2Q2K1 w kq - 0 17	b2e5 h2f3 g2f3 c7e5	1270	95	fork
7IArn	r1b1k1nr/ppNpq1pp/q7/2p1P1N1/2Qn1P2/B7/P5PP/5RK1 b - - 6 17	e8f8 c7a6 b7b5 c4d5 c8b7 d5b7	2409	93	
7IXji	r1bqk2r/pp1n4/2pB3p/3p2p1/3Pp3/1P2PN2/P1Q2PPP/R3KB1R b KQkq - 0 13	e4f3 c2g6	699	100	mate mateIn1
7Iq2e	8/kp4R1/p6Q/6PK/1r5P/8/7r/8 w - - 1 53	g5g6 b4h4 h5g5 h4h6	1801	94	endgame queenRookEndgame skewer
7JmKk	2r3k1/5pp1/p3n2p/2pr4/2NpRPPq/1P1Q3P/1P6/4R1K1 b - - 2 30	e6f4 e4e8 c8e8 e1e8	625	100	kingsideAttack mate mateIn2
7K5iT	8/r2q1p1k/P5p1/R6p/4Q3/6P1/5PK1/8 b - - 6 34	d7c7 a5h5 h7g7 e4d4	1285	96	endgame pin
7KjB8	1k1b2r1/1p4qp/2P5/5n2/1Q1PpP2/4B3/P4R1P/1R4K1 w - - 1 30	g1f1 f5e3 f1e2 g7g4 e2d2 d8a5 b4a5 e3c4 d2c3 c4a5	2459	91	attraction exposedKing fork hangingPiece pin
7LCmv	5rk1/5pp1/3pb2p/1p6/1N2Pn1q/3B1Q1P/P1P2PP1/6RK b - - 8 29	f4h3 g2h3 e6h3 f3g3	1880	92	
7LGr5	1r3rkb/p4N1b/7P/3p2p1/3q4/1PP2Q2/P7/K4R1R w - - 0 34	c3d4 h8d4 f3c3 d4c3	820	88	doubleBishopMate mate mateIn2
7Mpbn	8/4R3/6p1/5p1p/3bp1kP/6P1/6K1/8 b - - 2 59	d4c5 e7g7 f5f4 g7g6 g4f5 g6g5	1327	97	endgame
7OGbR	7R/4k3/6pN/p2B4/b7/P5P1/1p4KP/1r6 w - - 2 36	d5e4 a4c6 e4c6 b1g1 g2h3 b2b1q	2016	92	advancedPawn clearance endgame pin promotion sacrifice
7PDvr	8/4k3/5p1p/2P1pP2/p1N1K1P1/7P/2n5/8 w - - 1 54	e4d5 a4a3 c4a3 c2a3	1762	91	endgame knightEndgame
7SKB3	r1bqkbnr/ppNp1p1p/2n5/4P1pQ/2BP1p2/8/PPP3PP/R1B1K1NR b KQkq - 0 9	d8c7 h5f7 e8d8 f7f8	825	100	deflection mate mateIn2
7Sef3	rn4k1/ppq2ppp/2p4b/3p3P/2PP4/1P2rB1Q/PB1N4/2K3R1 b - - 0 23	c7f4 h3c8 e3e8 c8e8	653	96	kingsideAttack mate mateIn2
7TolB	rnb1kb1N/ppp1q2p/6p1/3p4/8/8/PPPPBPPP/RNBKR3 b q - 1 9	e7g7 e2b5 e8d8 e1e8	944	98	doubleCheck mate mateIn2
7Uxbx	r3k1r1/p2bqp2/8/1ppP3p/6pP/3p2B1/PPPQn1PN/1K2R2R b q - 3 21	d3c2 d2c2 e2g3 e1e7	1189	89	
7XwKR	6k1/2p4p/6p1/1pNq4/1P1P4/2P4b/1P3rPP/3Q2RK w - - 3 32	d1b3 h3g2 g1g2 f2f1	1451	89	endgame mate mateIn2 sacrifice
7ZcPY	r3k2r/2qn2pp/p1pbpp2/P2pNb2/3P1B2/2N4P/1PP1QPP1/R4RK1 w kq - 0 15	e2h5 g7g6 e5g6 f5g6 f4d6 c7d6	1372	95	defensiveMove
7ZwnW	1b1r2k1/pp3ppp/8/4q3/1P1N4/P3PQ1P/2r2PP1/R4RK1 w - - 5 23	d4c2 e5h2	796	100	mate mateIn1
7bBGW	5r2/pp3pkp/8/8/3qp3/P3N3/1Pr3PP/4RR1K b - - 1 25	c2b2 e3f5 g7g8 f5d4	881	91	endgame fork
7bJx4	8/1p2n3/3b3k/p2p3P/3P1pKB/r1PB4/8/8 b - - 1 51	a5a4 h4g5 h6g7 h5h6	1062	98	endgame
7cKzV	2r3k1/5pp1/4b2p/p1N5/3P1Q1P/8/5PPK/1r6 b - - 3 38	e6d5 f4f5 b1b8 f5d5	1529	91	endgame fork
7dYzw	2k5/ppp4R/1n2r3/4B2P/8/4b3/PP1p2P1/5R1K b - - 0 26	e6e5 f1f8 e5e8 f8e8	882	99	endgame mate mateIn2
7fHOy	r2q1rk1/pp3pp1/2nQ3p/4p3/4b1P1/PBP1PN1P/8/3R1RK1 w - - 0 18	f3e5 d8d6 d1d6 c6e5	1388	93	capturingDefender intermezzo
7ffqh	1r2qrk1/pp5p/2p1b1p1/3p4/4p3/2Q1P1P1/PP1N1PP1/K2R3R b - - 2 21	f8f2 h1h7 g8h7 d1h1 e6h3 h1h3 h7g8 h3h8 g8f7 h8e8	1840	93	attraction kingsideAttack sacrifice skewer
7gofF	4r3/5kp1/1q2p2p/4R3/1pNp4/1P4P1/2P2PP1/4R1K1 b - - 3 31	b6a6 e5a5 a6a5 c4a5	1650	90	endgame
7h4qN	6k1/6pp/4p3/1pR1Q3/1B2PP1q/1P6/5KPP/3r4 w - - 3 34	f2f3 d1f1 f3e2 h4f2 e2d3 f1d1 b4d2 f2d2	1810	96	endgame mate mateIn4
7hShM	rq2r1k1/2p1bbpp/5p2/p7/2P2B2/1P1N1Q1P/5PP1/R3R1K1 b - - 5 22	b8b3 e1e7 e8e7 f3a8 e7e8 a8f3	1790	93	defensiveMove deflection
7hhy1	2rq1rk1/1p1bbppp/p3pn2/3pn3/N2P1B2/3BP2P/PP3PP1/2RQ1RK1 w - - 0 14	f4e5 c8c1 d1c1 d7a4	1296	95	
7iFVS	6k1/1R4p1/r3pbNp/7P/3PK3/2P2r2/8/8 b - - 4 42	f3h3 b7b8 f6d8 b8d8 g8f7 d8f8	1320	96	endgame hookMate mate mateIn3
7ik1M	5R2/2pb2r1/1p1p4/p2Pk1p1/P1P1P3/4K3/8/8 b - - 8 56	d7a4 f8f5	1027	98	endgame mate mateIn1
7k38T	5rk1/p4npp/3pQ1R1/1ppP1P2/3q4/5R1P/PP4P1/6K1 w - - 7 28	g1h2 h7g6 f5g6 d4e5 h2g1 e5e6	1601	92	endgame
7k6zJ	r5k1/2p1b1p1/4p1PB/1qP5/ppnPP3/8/PP5Q/1K2Nr1R w - - 0 26	h1f1 c4a3 b2a3 b4a3	2176	93	discoveredAttack queensideAttack sacrifice
7kVp7	3r4/ppp3pp/5Pk1/8/2Q3b1/2N1r3/PPP2PqP/R3KR2 w Q - 0 16	f2e3 g2d2	1485	86	mate mateIn1
7lAW7	7k/p6p/7r/5p2/2P1n3/1P1b2P1/P5PP/R1R4K w - - 1 37	c4c5 e4g3 h1g1 g3e2 g1f2 e2c1	1643	88	endgame fork pin
7lpYH	1k1r4/pp1qpR2/2p3n1/2P2N2/4Qn2/2N5/PPK3P1/8 w - - 3 31	f5e7 d7d2 c2b3 f4d3	2097	91	
7mPE0	3b3r/p4pkp/4p1p1/q1N1Q2n/2P5/1P4P1/P4P1P/2K1R3 b - - 3 28	d8f6 c5e6 f7e6 e5a5	1180	88	discoveredAttack
7moh1	r3k2r/1p3pbp/pqn1p1p1/1N1pPn2/3P1PP1/2B2Q1P/PP6/R3KB1R b KQkq - 0 15	f5d4 b5d4 c6d4 f3f2 d4c2 f2c2	2262	91	
7n18S	8/8/8/3kp1p1/1R4P1/r1PK4/8/8 b - - 5 44	a3a5 b4b5 a5b5 c3c4 d5e6 c4b5	2330	92	attraction endgame fork rookEndgame sacrifice
7nZlA	b7/p1p4p/kpQp4/3P4/8/3KNnP1/P4q2/2R5 w - - 8 35	c6a8 f2d2 d3e4 f3g5	1877	90	endgame fork
7ny7A	4r3/8/p3P3/8/1P1pRKP1/P2k4/7P/8 w - - 6 54	f4e5 e8e6 e5e6 d3e4 g4g5 d4d3 g5g6 d3d2 g6g7 d2d1q	1163	99	advancedPawn deflection endgame promotion rookEndgame
7oFro	r1bqr1k1/ppb2ppn/2n3NN/2p1p3/P1BpP3/3P1Q2/1PPB1PPP/R4RK1 b - - 0 15	g7h6 f3f7	911	97	kingsideAttack mate mateIn1
7og3h	8/4k1Kp/p3p3/1p1pPb1B/1P3P2/2P5/1P6/8 w - - 14 46	h5f7 f5g4 f4f5 e6f5	2533	91	bishopEndgame endgame quietMove
7q04g	r3k2r/pppbnpp1/1q5p/4p3/P2pP3/3P1N1P/1PP1BPP1/R2QK2R w KQkq - 1 14	f3e5 b6a5 d1d2 a5e5	1421	95	fork
7sUio	3Q2rk/pp3R1p/2b5/2ppp3/8/1PNPq1P1/P1P3PK/8 w - - 3 25	d8e7 e3g3 h2g1 g3g2	1457	94	endgame mate mateIn2
7st7R	r3kb1r/1pp1pp2/p4p2/4q3/6p1/2N5/PPP1BPP1/R2Q1RK1 w kq - 0 14	e2g4 e5h2	671	100	mate mateIn1
7tJK0	5r1k/pb5p/1p4p1/5q2/3P4/1Q6/PP3PPP/3R1BK1 w - - 1 26	d4d5 f5f2 g1h1 f2f1 d1f1 f8f1	898	100	backRankMate deflection endgame mate mateIn3
7tUdd	1r3rk1/3q1pp1/2pp1b1p/p7/4PQ2/PBN5/1PP3PP/3R2K1 b - - 0 20	f6e5 f4e5 d7a7 e5d4	1548	94	
7v2xS	2r2r1k/pp2pp2/q2p1b1P/5N2/2P1nPQ1/1P6/P7/3R1K1R b - - 0 27	f8g8 g4g7 g8g7 h6g7 h8g8 h1h8	1580	96	advancedPawn doubleCheck exposedKing kingsideAttack mate mateIn3 sacrifice
7vDnQ	r2qkb1r/pp3ppp/2n1p2n/1B1pPb2/2p2P2/5N1P/PPPP2P1/RNBQ1RK1 w kq - 0 8	b2b3 d8b6 g1h2 b6b5	1421	87	fork
7wAMG	5rk1/3R1ppp/r1p2b2/p3p3/4P3/2N2Q2/PqP3PP/3R3K b - - 3 19	b2c2 d7d2 c2d2 d1d2	1661	94	trappedPiece
7wUVA	rn5r/ppp1k2P/5qBn/3pp3/8/2P2b2/PP2Q2P/RNB2KR1 w - - 0 14	e2f2 h6g4 g1g4 f3g4	2073	92	
7wddY	3r1rk1/p1p2p2/1p2p1p1/7Q/3P3P/1Bq1PP2/P3KP2/6R1 b - - 0 24	c7c5 g1g6 f7g6 h5g6 g8h8 g6h6	1921	96	endgame kingsideAttack pin sacrifice
7wqeQ	8/8/p2kppp1/Pp6/1P1K1PP1/3P4/8/8 b - - 0 36	d6c6 g4g5 f6g5 f4g5 c6d6 d4e4	1968	92	defensiveMove endgame pawnEndgame zugzwang
7xA7A	r5k1/1p1b1ppp/p1n5/q1Q5/3P4/B4N2/P4PPP/4R1K1 b - - 0 22	a8e8 e1e8 d7e8 c5f8	1359	89	kingsideAttack mate mateIn2
7xgHG	r3k3/pp1b1pp1/2nbp3/2p5/2Pp1q2/1P1P3P/PB2PPB1/R2Q1RK1 w q - 1 15	b2c1 f4h2	772	100	mate mateIn1
7yGGz	8/3K2pk/4P3/2R4p/8/1rN5/6b1/8 b - - 0 63	g2h3 c5h5 h7g6 h5h3	791	99	endgame fork
7yNMi	2r2nrk/p1q2p1Q/4pP2/1pp1P3/3pPB2/6P1/PPn1KP2/R6R b - - 0 27	f8h7 h1h7 h8h7 a1h1 h7g6 h1h6	794	98	attraction exposedKing kingsideAttack mate mateIn3 sacrifice
80PXD	8/8/PK3k2/5p2/8/1P6/2r3p1/6R1 b - - 0 50	f5f4 a6a7 c2a2 g1g2 a2g2 a7a8q	1917	93	advancedPawn deflection endgame promotion rookEndgame
8198U	2r3k1/2qR1pp1/1rP4p/8/2Q5/2P4P/6P1/3R2K1 b - - 2 36	c7c6 c4f7 g8h8 f7g7	1553	100	endgame mate mateIn2
81mHv	8/4pk1p/2P1p1p1/1R6/3b2P1/1n4KP/2r5/4R3 w - - 2 35	b5b3 d4f2 g3f3 f2e1	1146	96	endgame fork
821B9	2k2r1r/pp2N1bp/3p2p1/8/1Pp2B2/8/P1q2PQ1/1R3K1R b - - 1 27	c8d8 g2b7 c2b1 f1g2 b1e4 b7e4	2198	91	sacrifice
82lid	8/5k2/1p6/r6P/5PK1/8/p7/R7 w - - 2 48	h5h6 b6b5 g4f3 b5b4 h6h7 f7g7	2436	94	endgame quietMove rookEndgame
839pr	8/1Q5p/p5pk/1p6/2pP4/2P3P1/PP1q1r1P/R6K w - - 3 34	b7e4 f2h2 h1g1 d2f2	1274	96	endgame mate mateIn2
84351	8/5p1k/6p1/3pr2p/1P5P/5qP1/P2Q1P2/3R2K1 w - - 1 47	d2d3 e5e1 d1e1 f3d3	1279	94	deflection endgame
84Umu	1r1k1b1r/1p5p/p2pN1p1/3Nn1P1/6b1/2Q5/PPKB1P1P/q7 b - - 1 24	g4e6 c3c7 d8e8 d5f6	1802	89	fork mate mateIn2
852RE	6k1/2Q3pp/8/5p2/1p6/N4P2/1P4PP/K2q4 w - - 0 34	a1a2 b4b3	1310	100	endgame mate mateIn1
874el	r5r1/1Q2p2p/p2kq1p1/P3p3/1p1p2P1/7P/3B1P2/R5K1 b - - 0 41	e6c8 d2b4 d6e6 b7e7	1520	92	endgame
87Ibv	5r2/2p4k/3bp3/1p2P3/1n4N1/2qP2KP/6B1/3QR3 b - - 0 32	c3d3 d1d3 b4d3 g2e4 h7g7 e4d3	1662	90	exposedKing fork
87Yl5	2k5/p6p/1p2p3/2p5/P1Pb1P2/3p1b1Q/3P1p1P/RNBK1Br1 w - - 4 28	h3f3 g1f1	647	100	hangingPiece mate mateIn1
897s2	3r2k1/7p/P5p1/4p3/3pK2P/8/6P1/R7 b - - 1 39	d4d3 a6a7 d3d2 a7a8q	1442	85	advancedPawn endgame promotion rookEndgame
8AP1x	r1bq1rk1/pp3pp1/nb3n1p/3p4/2BP3B/1Q3N1P/P4PP1/RN3RK1 w - - 0 15	h4f6 d5c4 f6d8 c4b3 d8b6 b3b2	1979	90	advancedPawn
8AiaF	1r1r2k1/p4ppp/b1p1q3/8/1PP1n3/P3Q2P/4BPP1/RN3RK1 w - - 3 19	b1c3 e4c3 e3e6 f7e6	1498	93	
8BW47	8/n2B4/P7/8/4Pppp/2k4P/2P3P1/2K5 w - - 0 49	h3g4 f4f3 g2f3 h4h3	1341	94	endgame
8Bhah	8/1p1k3p/1K4p1/1PP2p2/3N4/3n3P/8/8 b - - 2 47	f5f4 c5c6 b7c6 b5c6 d7c8 d4b5	1957	98	defensiveMove endgame exposedKing knightEndgame
8DzxN	r2r2k1/4bppp/p3p3/1p1nP3/8/1N2BR1P/PPPR2P1/6K1 b - - 2 20	d5b6 e3b6 d8d2 b3d2	1862	92	hangingPiece
8EKUO	5rk1/pbp1pq2/1p2N2p/8/7N/2Pr4/PP2QPP1/R3K3 b Q - 0 23	d3d6 e2g4 g8h7 g4g6 f7g6 e6f8 h7g7 f8g6	2423	92	attraction exposedKing fork sacrifice
8HRq6	8/2p3p1/7p/1k6/5P2/3K2P1/7P/8 w - - 2 42	d3d4 b5b4 g3g4 c7c5 d4d3 b4b3	2005	92	defensiveMove endgame pawnEndgame
8HX94	r4rk1/1qpn1ppp/1p3n2/pPb1pN2/P1P3N1/4Pb1P/1B2BP2/1R1QK1R1 b - - 2 22	f3e4 g4f6 d7f6 g1g7 g8h8 b2e5	2453	91	discoveredAttack kingsideAttack pin
8HoaG	8/6p1/p6k/1p2Pp2/8/1PP2K2/P7/8 b - - 0 37	h6g6 f3f4 g6f7 f4f5 g7g6 f5e4	2371	93	defensiveMove endgame pawnEndgame
8Iw89	8/6kp/6p1/3b4/6R1/4B1NP/r5P1/6K1 w - - 9 43	g1h2 a2g2 h2h1 g2g3 h1h2 g3e3	1450	95	deflection discoveredAttack endgame
8IyH5	5rk1/p5N1/1p4p1/3p4/3q3n/4B1Q1/PP2rR1P/5RK1 b - - 5 29	d4e3 g3e3 e2e3 f2f8	1084	98	
8J2k7	r5rk/pp1n1p1p/2p2PpQ/q2pP3/5Rb1/2PB4/P1P1N1PP/R5K1 b - - 4 17	g4e2 h6h7 h8h7 f4h4 e2h5 h4h5	2183	95	attraction kingsideAttack mate mateIn3 pin sacrifice
8KBio	rnbq1rk1/pp1pbppp/4pn2/8/2Pp1B2/3BPN2/PP3PPP/RN1QK2R w KQ - 0 7	f3d4 e6e5 f4e5 d8a5 b1c3 a5e5	1873	92	fork
8KDLS	3r4/ppp1q1k1/6Bp/8/PP6/1QP1r3/5PPP/RN4K1 w - - 0 25	b1a3 e3e1 a1e1 e7e1	629	100	mate mateIn2
8KMTc	8/2k5/2p5/2P1r3/1K3p2/2R1b3/4R3/8 w - - 8 49	c3c4 e3c5 b4b3 e5e2	1281	97	discoveredAttack endgame
8KfuD	8/5k1K/8/5p1P/8/8/8/8 w - - 0 55	h7h6 f5f4 h6g5 f4f3	2010	92	endgame pawnEndgame quietMove
8LaLP	2r3k1/p4bpp/2p1p3/2B3r1/1PPPQp1q/5P1P/P5P1/3RR1K1 w - - 1 29	g1h2 h4g3 h2g1 g3g2	987	89	mate mateIn2
8M9WS	5rk1/Q1p2ppp/3p2q1/3B4/3P4/2r3P1/P6P/5RK1 b - - 0 21	g6d3 f1f7 d3e3 g1g2 c3c2 f7f2 g8h8 f2c2 c7c6 d5c6	2326	92	discoveredAttack endgame
8MlGl	3r4/2q2pk1/4p2p/p2rR1pP/1ppP4/2P5/PP2QPP1/4R1K1 w - - 2 28	e2d2 d5e5 e1e5 c7e5	1297	94	endgame
8MuzA	r3q1k1/1pp1Np2/p2prp2/8/5P2/2P4R/PPQ3PP/6K1 b - - 8 28	e8e7 c2h7 g8f8 h7h8	811	89	endgame mate mateIn2
8MzyZ	3kr3/5ppp/2pb1pb1/p3q3/Q1P5/3B3P/PP3PP1/R2R2K1 w - - 1 23	d3g6 e5h2 g1f1 h2h1	1027	99	kingsideAttack mate mateIn2
8N5L3	4Qnk1/1p4p1/2np1q1p/3p4/5r2/P4N2/1P3PPP/R3R1K1 w - - 1 29	e1e6 f6e6 e8e6 f8e6	1488	94	
8N8b8	1r6/8/3k4/1R6/1p1N4/2pK1P2/8/8 b - - 2 51	b8b5 d4b5 d6d5 b5d4 b4b3 d4b3	2320	91	endgame quietMove
8Oo5i	r4b2/3k4/4p1Q1/p5B1/Pp2P3/8/1PPp1qPP/R6K w - - 2 25	a1d1 f2e1 d1e1 d2e1q	1192	97	advancedPawn backRankMate endgame mate mateIn2 promotion
8Qa1J	4rr1k/pp5p/2pbB1p1/3P4/P1q2pQ1/8/5PPP/R1B3K1 b - - 1 25	d6c5 c1b2 c5d4 g4e2 e8e7 e2c4	2423	92	
8SHzi	3r1rk1/p5n1/1p3q2/2p5/6QP/3P4/P4PP1/R4RK1 b - - 2 25	d8d3 g4c4 g7e6 c4d3	1247	91	fork
8SIWy	r4rk1/2qn1ppp/p2b4/1P1bp3/1PpP4/2P2N1P/1B2BPP1/R2QR1K1 b - - 0 20	a6b5 d4e5 a8a1 b2a1	1881	91	
8UAaL	4n1k1/Q7/p2Bqpp1/3p3p/P2P3P/4PP2/6PK/8 w - - 1 38	a7e7 e6d6 e7d6 e8d6	1161	90	endgame
8WFUg	5rk1/pBr2pp1/3b1n2/2pP1b1p/4q2P/1P2P1P1/PB2NP2/R2QR1K1 w - - 1 18	b7c6 f5h3 e2f4 d6f4 f2f3 e4g6	2500	94	pin quietMove
8XkOX	r1b1kbnr/1p1p1ppp/p1p3q1/5N2/4NP2/2PQ2P1/PP2P2P/R3KB1R b KQkq - 1 16	g6f5 e4d6 f8d6 d3f5	1116	87	discoveredAttack fork
8Xs7d	1k6/8/PPK5/5p2/7p/4b2P/6P1/8 b - - 2 41	f5f4 a6a7 b8a8 b6b7 a8a7 c6c7 e3b6 c7c8	2008	96	advancedPawn bishopEndgame defensiveMove endgame exposedKing
8XuEH	r1b1k3/pp1npp2/5n1r/2qNN3/2P5/6Q1/PP4BP/R4RK1 w q - 1 19	f1f2 d7e5 g3e5 c5f2 g1f2 f6g4 f2g1 g4e5	2369	92	attraction fork sacrifice
8XuV6	5rk1/5p1p/p4QpP/3q2P1/Kp6/2P5/1P2R3/8 b - - 1 46	d5d7 a4b3 d7d5 c3c4 d5d1 e2c2	2310	93	defensiveMove endgame
8Y4Wz	8/8/5pp1/3p2k1/2q5/4QP1P/6P1/7K b - - 2 37	c4f4 h3h4 g5f5 g2g4	1444	98	endgame pin queenEndgame
8Y8aE	1r1b1rk1/6qp/p1n2P2/4pB1Q/4P2P/2pnB3/Pp3P2/1R3R1K b - - 0 30	f8f6 f1g1 f6g6 f5g6 h7g6 g1g6	1863	93	pin
8Y9m4	4r1k1/5p2/p2Q1Ppp/4P3/5n2/1PR5/1PP2q1P/R6K w - - 3 35	d6c6 e8e5 c3g3 e5e2	2265	95	endgame
8YMuB	8/1p3kpp/1b3p2/3bnN2/6P1/2B4P/PPP2K2/5B2 w - - 15 33	f2e2 d5c4 e2e1 e5f3 e1d1 c4f1	1435	92	deflection endgame exposedKing
8YYwB	1rbqk2r/p2n1pp1/1p2Qn2/3p3p/1B1P4/P2BP3/1P1N1PPP/2R1K2R b Kk - 0 17	f7e6 d3g6	648	100	bodenMate mate mateIn1
8Yada	8/8/8/p1k2pp1/P7/2K3P1/7P/8 w - - 0 38	h2h4 f5f4 g3g4 g5h4	2049	93	endgame pawnEndgame
8Z37N	2r1r1k1/ppqb1ppp/4p3/2nnN3/3B2Q1/8/PPP2PPP/2KR1B1R w - - 8 17	e5d7 c5b3 a2b3 c7c2	1798	94	discoveredAttack mate mateIn2 pin queensideAttack sacrifice
8b24k	4r1k1/p1p2p2/3q3p/5PpQ/2p5/P1Nr4/3P1P2/3R1KR1 w - - 4 33	g1g5 h6g5 h5g5 g8f8 f5f6 e8e5	2484	93	
8bCtV	1r4kn/3R1r1p/R7/1p2p1Q1/8/6PP/1qp1bP2/6K1 b - - 1 31	h8g6 a6g6 h7g6 g5g6	1465	100	
8bCuX	3r2k1/1p3pp1/p1p2qRp/4pP1Q/1P2P3/PB1r3P/6PK/8 b - - 13 35	f6e7 f5f6 e7f6 g6f6	2322	91	endgame pin
8cEM1	1R6/NP4pk/7p/8/8/1n5r/2K5/8 b - - 2 46	b3c5 b8h8 h7h8 b7b8q	1289	94	advancedPawn attraction endgame promotion
8e50E	8/2R5/2P2kp1/8/5P2/3K3p/8/2r5 w - - 0 60	d3d2 h3h2 d2c1 h2h1q	1025	96	advancedPawn endgame promotion rookEndgame
8fTKP	r6r/4kppp/p1qp4/1p1RPb2/5P2/5Q2/PPP1B1PP/2K4R w - - 1 16	d5d6 c6c2	836	91	mate mateIn1 queensideAttack
8fdvE	r4N1k/1p4pp/p2q3b/5p1Q/3np3/3b4/PP1R1PPP/3R3K b - - 3 28	h6d2 h5h7	770	99	kingsideAttack mate mateIn1
8fhcH	3n4/3B4/4p3/k2pKp2/3P4/4P3/8/8 b - - 7 57	a5b4 d7e6 b4c3 e6d5 c3d2 e5f4	2449	92	endgame
8hbHg	bBk5/P4p2/7p/2K2p2/7P/6P1/8/8 b - - 2 46	c8d7 h4h5 f5f4 b8f4	2181	93	bishopEndgame endgame quietMove
8iB4R	8/5pk1/4p1p1/1p2P2p/1K3P2/7P/6P1/8 b - - 0 46	f7f6 b4b5 g6g5 f4g5	2428	91	endgame pawnEndgame
8jiUt	3r4/ppQb2pk/2p2q1p/5r2/P6R/8/1PP2P2/1K5R b - - 0 27	d7e6 h4h6 f6h6 h1h6 h7h6 c7d8	1159	97	pin
8l6Tw	2rr2k1/1b2b2n/p2pp2p/1pq3pQ/4PP2/PR1B2BP/2P3PK/5R2 b - - 2 24	d8f8 h5g6 g8h8 e4e5 f8f5 g6e6 c5d5 e6d5 b7d5 d3f5	2521	92	fork
8lTnL	4Nr1r/ppp3kp/2n1p1pq/8/2p4Q/2N5/PP4PP/5R1K b - - 6 23	f8e8 h4f6 g7g8 f6f7	991	96	mate mateIn2
8m8gW	8/2p1k3/2K5/1p6/pP6/P7/8/8 b - - 6 58	e7d8 c6b5 d8d7 b5a4 c7c6 a4b3	2475	91	defensiveMove endgame pawnEndgame
8mFwn	5rk1/p3rn2/3p4/1pq2PpB/2P1Pp1p/1P5P/P2Q1KR1/4R3 w - - 2 39	f2f3 f7e5 f3e2 f4f3 e2f1 f3g2	1435	87	advancedPawn fork
8mIqX	r2r4/1ppkbp2/p1n2p2/4p3/PP2P1B1/2P1B3/2K5/7R b - - 6 28	d7d6 e3c5	786	100	mate mateIn1
8nX2S	r1bqr1k1/ppp2p1p/2P2bpB/8/2P5/PQ3p2/1PB2PPP/R4RK1 b - - 0 18	f3g2 f1d1 d8e7 c6b7 c8b7 b3b7	2003	89	advancedPawn fork
8o0WC	r2qr1k1/p3pp1p/2p3p1/4bb2/8/1P4P1/P2NPPBP/R2Q1RK1 w - - 0 15	g2c6 e5a1 c6e8 a1c3 e8c6 a8c8	2095	92	
8oBjF	r1b2rk1/p4ppp/5p2/3p4/2B5/2q5/P1P2PPP/R2QR1K1 w - - 0 15	d1d5 c8e6 d5a8 f8a8	1176	89	
8oY8l	r1b1k1r1/pp5p/4pNpq/4p3/8/5Q2/PP3PPP/R5K1 b - - 1 17	e8f7 f6g4 f7e8 g4h6	1263	94	discoveredAttack
8pCgO	r1b2rk1/ppqn1ppp/3bpn2/3pN3/3P1P2/1BP5/PP4PP/RNBQ1RK1 b - - 6 10	d7e5 f4e5 d6e5 d4e5	1024	94	fork
8pWgl	r2q1r1k/pbp3pp/3b4/2p2p2/1B1P4/P3PN2/1PQ2PPP/R4RK1 w - - 0 15	d4c5 b7f3 c5d6 d8g5	1902	94	pin
8rf2d	r1q2rk1/p3bppp/4b3/2PpNn2/2P2P2/7P/PB2BQP1/2R2RK1 w - - 3 26	g2g4 e7c5 g4f5 c5f2	1590	94	pin
8t4SO	r6r/1pBn1p2/pPkN3p/2pn2p1/4Q3/2P5/P4PPP/6K1 b - - 2 30	f7f5 e4a4	1171	95	mate mateIn1
8tpIr	8/8/4k2p/3p2p1/3P2P1/3K1P2/8/8 b - - 0 67	e6f6 d3c3 h6h5 g4h5	1979	91	endgame pawnEndgame
8twcC	r1b2rk1/1pq1bppp/p3pn2/2n1P3/P2N2B1/2N1B3/1PP3PP/R2Q1RK1 b - - 0 13	c7e5 e3f4 f6g4 f4e5	1532	94	trappedPiece
8wSqR	1b4k1/5p2/p2qb2p/1p1p2p1/3Pn3/PQ2BB1P/1P3PP1/2N3K1 w - - 1 24	c1e2 d6h2 g1f1 h2h1 e2g1 b8h2	1784	92	clearance kingsideAttack
8wZlh	r3k2r/pp4pp/2pqb1n1/4P2Q/8/3Bb1PP/PPP5/RN2KR2 b Qkq - 0 16	d6e5 d3g6 h7g6 h5e5	1863	96	intermezzo pin
8x6XE	7r/3k2KP/2p1p3/1p6/3P1P2/8/p7/7R b - - 1 62	h8a8 h1a1 b5b4 a1a2 a8a2 h7h8q	2254	87	advancedPawn deflection endgame promotion rookEndgame
8xL6S	8/8/R7/P2k2K1/1rp5/8/8/8 w - - 0 60	g5f4 c4c3 f4e3 b4c4 a6g6 c3c2	2544	93	advancedPawn clearance discoveredAttack endgame quietMove rookEndgame
8zsKo	3R4/8/8/5pp1/6rk/8/6P1/6K1 b - - 11 61	f5f4 d8h8 h4g3 h8h3	659	100	endgame mate mateIn2 rookEndgame
91bi1	6k1/5p1p/P5p1/3P4/2Bq2b1/1Q6/K7/8 b - - 4 49	g4d1 b3b8 g8g7 b8b2	1945	92	endgame pin
91fUa	8/Pq3pk1/4p1p1/8/5Q2/3Bp1PK/8/8 w - - 4 46	f4e3 b7h1 h3g4 f7f5 d3f5 h1h5 g4f4 h5f5	2480	92	endgame mate mateIn4
92bR3	1r1r2k1/p1p2ppp/1p1p2q1/6R1/P1PQ1B2/2P1PbP1/5P1P/2R3K1 b - - 3 20	g6h6 g5g4 c7c5 f4h6 c5d4 g4g7	1764	94	discoveredAttack kingsideAttack pin
92xO2	5k2/1b6/pp1bpp1q/3p3r/5P2/1P1BP1Q1/P3K1P1/2R5 b - - 4 31	h5g5 f4g5 h6h5 g3f3	1498	89	pin
942h3	r1b2rk1/pp3ppp/1q1b2n1/2N5/2B5/2Q1B3/PPP2PPP/R4RK1 b - - 0 14	d6c5 e3c5 b6c5 c4f7 f8f7 c3c5	1362	98	discoveredAttack
95VZd	3Rr2k/p1p1P1pp/2B3nb/8/2P5/1P5K/PB4pP/8 b - - 0 30	g2g1q d8e8 g6f8 e8f8	662	100	hangingPiece mate mateIn2
966fo	r2r2k1/pq2n1pp/1pnNp3/1N1b1p2/1P5P/P5P1/5PB1/RQ1R2K1 b - - 1 24	d5g2 d6b7 d8d1 b1d1	926	98	hangingPiece
96QRi	8/2p2q2/8/5p1p/4k3/6PP/3R1K2/8 b - - 1 47	f7e7 d2e2 e4d3 e2e7	905	99	endgame queenRookEndgame skewer
96kh7	8/pp1kR1p1/7p/3p2pP/8/1pq5/P7/1K2R3 b - - 1 33	d7d6 e1e6 d6c5 e7c7 c5d4 c7c3	1036	97	endgame queenRookEndgame skewer
97oHG	r2q1rk1/4b2p/b1p1p1PQ/p2pP1P1/1p1Pp3/4P1N1/PPP5/R1B1K2R b KQ - 0 18	e7g5 h6h7	757	100	kingsideAttack mate mateIn1
98iON	r4rk1/pppq1pp1/2nbp2p/8/2BPN3/8/PPP1Q1PP/3R1RK1 b - - 1 15	a7a6 e4f6 g7f6 e2g4 g8h7 f1f6 f8g8 c4d3	2395	92	intermezzo kingsideAttack sacrifice
99HTD	5qkr/pQ4bp/6p1/3P4/7B/2Nn4/PP4PP/4R1K1 w - - 1 27	e1f1 g7d4 h4f2 d3f2	2141	93	
9CEUN	5Q2/p2P1ppk/1b5p/8/2p5/2P2rP1/4q2P/3R1R1K w - - 5 30	f1e1 f3f1 e1f1 e2e4 f1f3 e4f3	1588	94	endgame mate mateIn3 sacrifice
9DT8I	8/7p/4p1p1/3k4/6PP/1K1pP3/5P2/8 w - - 1 45	b3c3 d5e4 c3d2 e4f3 g4g5 f3f2 d2d3 f2g3	2554	93	endgame pawnEndgame
9DUrh	3r3k/2q3pp/8/p1p3Q1/2N5/1P2P2P/PB3rPb/R6K b - - 3 23	h2g3 b2g7 c7g7 g5d8	1224	87	deflection
9EKjm	8/8/5pp1/3p1k1p/1ppP4/4KPPP/PP6/8 w - - 0 41	a2a3 c4c3 b2c3 b4a3	1785	95	deflection endgame pawnEndgame
9EtAU	8/8/5K1p/pp5b/3k3P/P7/1PB5/8 b - - 2 43	b5b4 a3b4 a5b4 f6g7 h5f3 g7h6	2298	90	bishopEndgame endgame
9Fr2h	r1b1n1k1/ppp1Pr1p/5NpQ/6P1/8/8/PqPKB2P/8 b - - 1 24	g8h8 h6f8 f7f8 e7f8q	1633	94	advancedPawn kingsideAttack mate mateIn2 promotion
9GAVx	8/8/3p2R1/3P4/3K4/5p2/4b3/4k3 w - - 4 54	g6g1 e1d2 g1g6 f3f2	2021	95	advancedPawn defensiveMove endgame
9GfGY	4kb1B/Q1npp3/6p1/1p3p2/5P1p/6P1/P2PP2q/RN2K1N1 w Q - 0 16	a7c7 h2g1	790	100	hangingPiece mate mateIn1
9ILZp	2r1k2r/pp2bppp/2n1bn2/qB1P2B1/7Q/2N2P2/PP4PP/2KR2NR b k - 0 12	f6d5 d1d5 e6d5 g5e7	2215	94	
9MefY	2kr1r2/p5p1/2p1p2p/3nP3/3Q2P1/qBPR3R/P1P2P2/4K3 w - - 6 26	d4a4 a3c1 d3d1 c1d1 e1d1 d5c3	1609	89	attraction doubleCheck sacrifice
9NJM0	3r2k1/5p2/b3pnB1/1pr1N2p/p7/P3P3/1P3PPP/2R1R1K1 b - - 0 27	c5c1 g6f7 g8f8 e1c1	1490	100	intermezzo
9NPQN	r3kb1r/pppqppp1/5n2/4R3/8/3P2pb/PPPN1P1P/R1BQ2KB w kq - 0 13	f2g3 d7d4 e5e3 d4e3	895	100	fork mate mateIn2
9PjSI	4rb1k/p2q1ppp/4p3/3pB3/2rP2Q1/7R/P4PPP/R5K1 b - - 10 21	f7f6 g4g6 h7h6 h3h6 g7h6 e5f6 f8g7 f6g7 d7g7 g6e8	2367	93	deflection kingsideAttack pin sacrifice
9Q4R6	4r3/3R4/3R2k1/6P1/p5q1/Bp6/1P6/K7 b - - 3 42	e8e6 d6e6 g4e6 d7d6 e6d6 a3d6	1305	86	clearance endgame pin
9QKaL	3r1r1k/1bq3pp/p3Q3/2p5/1pPn1b2/1P3N2/PB1N1P1P/RB1R2K1 w - - 3 21	e6h3 d4f3 d2f3 d8d1	2017	94	discoveredAttack kingsideAttack
9Qdvk	8/2P4k/5R2/6p1/3P3p/5QnP/1r4P1/4r1K1 w - - 5 47	g1h2 e1h1	926	100	endgame hookMate mate mateIn1
9RcEl	8/p7/3k4/5ppp/8/1P3K1P/P5P1/8 w - - 1 32	g2g3 d6c5 h3h4 g5h4 g3h4 c5b4	2556	91	endgame pawnEndgame
9SpWi	r5k1/2p2pp1/1p1qp3/3p2Q1/2rP4/2P2R1P/P4RP1/7K b - - 2 31	a8f8 f3g3 d6g3 g5g3	1567	91	endgame quietMove
9Stwf	rnb1k1r1/2q2p1p/p3pR2/1p6/3N4/P1P5/2PQ2BP/R4K2 b q - 1 16	c7h2 g2c6 b8c6 d2h2	1354	94	discoveredAttack fork
9T70y	4r1k1/p6p/5qpQ/4Pp2/8/P2R4/1Pr2PPP/6K1 w - - 0 32	e5f6 e8e1	975	96	endgame mate mateIn1 queenRookEndgame
9TwRS	8/1R6/3pk3/pP2p3/P3Prp1/3P3p/8/6K1 b - - 1 42	f4f7 b7f7 e6f7 b5b6 f7e8 b6b7	641	100	endgame
9U7vX	3r2rk/1b3p2/p3pP1p/1pq3nP/3P2P1/5N2/PP1Q2B1/4RR1K b - - 0 34	g5f3 d2h6	678	100	kingsideAttack mate mateIn1
9UqWQ	7b/5p2/2k4P/2p1p1P1/pnN1K3/8/3B4/8 b - - 1 49	b4d5 c4e5 h8e5 e4e5 a4a3 d2c1	2006	95	endgame
9V7Lc	2r1r1k1/1p2Qppp/7q/p4p2/P5n1/1P3R1P/2P2PP1/B2R2K1 w - - 1 26	e7b7 h6d6 h3g4 d6d1	2588	91	
9VJHS	6R1/1p6/p2P4/4P3/4K2r/7k/P5p1/8 w - - 1 52	e4d5 h4g4 g8h8 h3g3 d6d7 g2g1q	1455	100	advancedPawn endgame promotion rookEndgame
9VL00	5bk1/5p2/4p1p1/p1P5/Pr6/2R3PN/5P1P/6K1 b - - 0 32	b4a4 c5c6 f8d6 c6c7 d6c7 c3c7	1262	85	advancedPawn endgame
9VYax	8/6pk/5p2/5P1p/3r2P1/2Rp3P/3K4/8 w - - 0 47	c3d3 d4d3 d2d3 h7h6 d3e4 h6g5 e4f3 g5h4	2294	95	endgame rookEndgame
9WG5S	r1b1nrk1/1pqp1ppp/p1n1p3/6P1/2PN4/2B1Q3/PP2BP1P/R3K2R b KQ - 4 14	c7e5 d4c6 e5e3 c6e7	1625	93	sacrifice
9Wc7C	6k1/R5p1/8/4PK2/5PP1/N5rp/8/8 w - - 2 36	g4g5 h3h2 f5g6 h2h1q	1198	95	advancedPawn endgame promotion
9Wx73	r4N2/pQp1k1p1/2n1b3/4p3/3p4/2PP4/PP3PqP/R1B1K2R w KQ - 0 15	b7a8 g2h1 e1d2 e6g4 f8g6 e7f6 a8c6 h1c6	2458	86	hangingPiece quietMove
9XFkS	r4rk1/b1ppqppp/b7/pp1nP1N1/3P4/P3B3/1PQ2PPP/RN2R1K1 b - - 2 16	d5e3 c2h7	726	99	kingsideAttack mate mateIn1
9XlbU	r3k2r/p1p2ppp/1pp1pb2/8/8/B4Q2/q1P2PPP/1R1R2K1 b kq - 1 18	a2c2 d1c1 c2a4 b1b4 a4a3 f3a3	2499	95	
9ZAL2	r4rk1/ppp2ppp/4p3/7q/6n1/2P1Pb1P/PPQ1BPP1/R3R1K1 b - - 0 16	g4f2 e2f3 f2h3 g1h2 h5h4 g2h3	2395	95	
9ZTLa	8/8/8/5K2/rBkp2P1/P6P/8/8 w - - 0 51	f5e4 a4b4 a3b4 d4d3 e4e3 c4c3	2101	95	endgame sacrifice
9afVU	7Q/p1pB4/1k1p4/1p3p2/5q2/3n3P/P5P1/7K b - - 9 44	d3e1 h8b8 b6c5 b8b5	1029	100	endgame
9aoas	r5k1/1p4bp/p2p4/B1pPp3/P1P1Bp2/5Pqr/1PQ5/R3RK2 w - - 0 26	c2f2 h3h1 f1e2 h1h2	1571	94	pin
9bUVu	4r2k/1q5p/p3pQ2/Ppp3N1/6b1/2P5/1P6/R5K1 b - - 0 32	b7g7 g5f7 h8g8 f7h6	1059	92	endgame
9cElS	r3r1k1/1bp2pp1/1p1q1n1p/2bp4/3N4/PQP1PPP1/5BBP/R3R1K1 b - - 0 20	a8a3 a1a3 c5a3 d4b5	1652	86	
9czwM	r4rk1/ppp2pp1/3pbq2/4P1b1/8/2NQ1P2/PPP3P1/1K2R2R b - - 0 17	d6e5 d3h7	677	100	mate mateIn1
9ddR2	8/2p5/3k4/1P4p1/2P1rbKp/5N2/2R5/8 w - - 11 46	f3g5 f4g5 g4g5 d6c5	2149	92	discoveredAttack endgame
9eiuj	r3k2r/p1qp1pp1/1p2pB2/2p5/2P3nP/1P1PP3/P2NQbN1/2R2RK1 w kq - 0 17	f1f2 c7h2 g1f1 h2h1	819	90	kingsideAttack mate mateIn2
9gZvj	r2qrbk1/5ppp/p7/1ppnP1N1/8/8/PP1BQ1PP/R4RK1 b - - 4 19	a8a7 e2h5 h7h6 g5f7	2102	91	
9gtil	r1b2Nk1/pp1n2pQ/2pq1r1p/3p4/3P4/P1P5/5PPP/4RRK1 b - - 3 21	g8f8 h7h8 f8f7 h8e8	972	96	mate mateIn2
9guVz	3Q1b1r/1k3ppp/4pn2/8/P2N4/1Pq4P/2P2PP1/2KR1BR1 w - - 1 24	d4b5 c3a1 c1d2 f8b4 d2e2 a1e5	2431	91	queensideAttack
9hDzF	r3r1k1/3b1ppp/2pp1q2/8/nP2P3/3Q2PP/2N2PB1/1R2R1K1 b - - 1 24	a4c3 e4e5 e8e5 d3c3 e5e1 c3e1	1761	96	interference
9hpYa	N2k3r/1p2bppp/p7/4p3/2Bn4/2P2P1b/PP4qP/R1BQKR2 w Q - 1 14	c3d4 e7h4 f1f2 g2f2	1770	98	mate mateIn2
9igvT	4rrk1/pp5p/6p1/1R2npB1/4pN2/8/Pb3PPP/3R2K1 b - - 8 23	b2c3 f4d5 e5f7 g5e7	2416	92	
9jevZ	4rk1r/pp3pp1/1b3q1p/1N1R4/1PB5/P2Q3P/3BbPP1/5RK1 w - - 1 23	d3f5 e2c4 f5f6 g7f6	2071	91	fork hangingPiece
9lELx	r1b3k1/pp4qp/2p1p3/1P1p2n1/2Pr2P1/Q2R4/P3B1PP/R3N1K1 w - - 0 21	h2h4 d4d3 e1d3 g7a1	1612	94	discoveredAttack
9liAR	r1k5/1p3ppp/p2Rp1n1/4n3/B7/P4PB1/1PP4P/2K5 b - - 0 21	e5f3 a4d7 c8c7 d6a6 c7d7 a6a8	2233	91	discoveredAttack endgame queensideAttack
9mYdK	r1b2rk1/ppp2p2/3p1q2/2b3p1/2PNP1P1/P5p1/1P2N1P1/R2QKB1R w KQ - 0 16	b2b4 f6f2 e1d2 c5d4	1568	91	
9mquy	r1bqk2r/pp2bppp/3p1n2/2p3B1/4P3/2NQ4/PPP2PPP/R3KB1R w KQkq - 2 9	c3d5 f6d5 d3d5 e7g5	1391	93	discoveredAttack
9nf2j	2br2k1/1p1R2p1/p1p2pQp/5P2/2p5/1P4P1/3R2KP/4qB2 b - - 0 35	d8d7 f1c4 g8h8 d2e2 e1e2 c4e2	2343	91	endgame
9oopt	8/p1k1r3/Pp3q2/1P1p2pQ/2pPb3/2P2pP1/8/4RRK1 w - - 0 41	h5g4 f6h6 f1f3 e7h7 f3f7 h7f7	2526	94	endgame quietMove
9p6gq	r2q1rk1/1b1nppBp/p4npQ/1p2N2P/8/2pB4/PPP2PP1/R3K2R b KQ - 1 14	d7e5 g7f6 e7f6 h5g6	2357	91	
9qpkP	6k1/p4p1p/1p3p2/3N1b2/3P4/5PP1/r6P/3R3K b - - 0 30	b6b5 d5e7 g8f8 e7f5	914	98	endgame fork
9qxhw	7r/5p1k/1r3Pb1/p4NP1/1p1p3R/P5K1/1P6/8 b - - 7 43	h7g8 f5e7 g8f8 h4h8	1316	88	deflection endgame mate mateIn2
9sPDq	2k1r1nQ/ppp2p1p/8/8/3p2n1/1P1P4/PqPB2PP/2RK1BR1 w - - 5 18	h8h7 g4f2	1129	98	mate mateIn1
9tKPR	5r1k/pR2N1pp/8/4p3/3nP3/8/PP4PP/6K1 w - - 4 25	b7a7 d4e2 g1h1 f8f1	856	99	backRankMate endgame mate mateIn2
9tci3	5rk1/1b5p/p1q1prp1/1p3p2/2P5/P1Q2PP1/1B2R2P/4R1K1 b - - 2 28	c6c4 c3c4 b5c4 b2f6 f8f6 e2e6 f6e6 e1e6	1678	93	discoveredAttack
9uiUV	1r3k2/5ppp/1N2pn2/P7/3r4/8/5PPP/R4RK1 b - - 2 25	f6d5 b6d7 f8e7 d7b8	640	100	endgame fork
9vQql	8/8/1pp3pB/5k2/1PP4p/P7/1P6/1K6 w - - 0 44	c4c5 h4h3 c5b6 h3h2 b1c2 h2h1q	2424	93	advancedPawn bishopEndgame endgame promotion
9wDHP	r2r2k1/pb3pbp/1q3np1/1B4B1/3n4/N4N2/PP3PPP/2RQR1K1 w - - 0 15	f3d4 d8d4 d1b3 d4g4 g2g3 g4g5	2340	92	
9wsdE	5qk1/pQ5p/p2p2p1/4p1N1/PP1n1P2/8/6PP/5bK1 b - - 2 29	f1c4 b7h7	780	100	endgame mate mateIn1
9x2IV	8/1p5p/6p1/3k1p2/1KN1bP2/1P4P1/1R5P/r7 b - - 8 33	a1d1 c4e3 d5d4 e3d1	1162	96	endgame fork
9xfHb	rr6/p3ppkp/2ppbnp1/q6P/4P1P1/2N2P2/1PPQ4/2KR1B1R w - - 1 16	h5g6 a5a1 c3b1 a1b2	1299	96	mate mateIn2 queensideAttack
9zDtb	8/K7/P7/8/5kp1/2n5/7P/8 b - - 0 48	c3d5 a7b7 g4g3 h2g3	1183	100	endgame knightEndgame
9zXgw	6r1/pp3p1k/5p2/3p1P2/PbpP2q1/4Q3/1P4P1/5K1R b - - 1 29	h7g7 e3h6	795	99	endgame mate mateIn1
A1ItO	4r1k1/2b3p1/2p1p3/1pP2p2/1P1P2p1/rB2RbPP/1B3P1K/1R6 b - - 1 37	f5f4 e3f3 g4f3 b2a3	2558	92	
A2gxW	4rnk1/1p3pp1/p1qr1p2/7p/8/P1P1B2P/1PQ2PP1/R3R1K1 w - - 2 23	e3d4 e8e1 a1e1 d6d4	1870	96	kingsideAttack
A38At	8/1p6/2p5/2Pk1p2/p4P2/P1K1P3/1P6/8 w - - 3 36	c3b4 d5e4 b4a5 e4e3 a5b6 e3d4	2370	91	endgame pawnEndgame
A53ow	4r1k1/5pp1/1p5p/1P6/2B5/7P/5n1K/5R2 b - - 1 29	f2e4 c4f7 g8h7 f7e8	873	100	endgame
A61oX	7r/kp6/2p5/p5Q1/P4R2/1P4K1/3q4/2R5 b - - 4 42	d2c1 g5a5 a7b8 a5e5	1295	97	endgame
A79nu	2k2b1r/ppp2ppp/n7/1B3b2/3p3P/5Pq1/PP2K1P1/R1B2QNR w - - 0 15	f1f2 g3e5 e2f1 e5b5	2491	92	fork
A7XDn	1k5r/pp2bp2/3p1n2/5Bp1/P7/2N2Pp1/1PP4r/4RRK1 w - - 1 28	e1e7 h2h1 g1g2 h8h2 g2g3 f6h5 g3g4 h2g2	2205	94	exposedKing mate mateIn4
A8ke3	r1b2r2/pp3ppk/2n1p3/q2pP3/5Q2/2PB4/P1P2PPP/2KR3R b - - 1 14	g7g6 d3g6 f7g6 f4f8	1794	94	
AAjvQ	2r4k/4R3/p3N1r1/3P1p2/2B3bp/3P4/P1P2PnP/5RK1 w - - 0 28	g1g2 g4e2 g2h3 e2f1 h3h4 c8g8	2225	93	defensiveMove discoveredAttack
ACeWe	4rr1k/5qpp/p7/1p1Q1b2/8/2N5/PP4PP/4R2K w - - 0 24	d5f7 e8e1	774	100	backRankMate endgame hangingPiece mate mateIn1
ACsBb	r2q1r2/5p1k/3p1bRp/3Pp3/p7/1P1QBP2/1PP4P/2K3R1 b - - 0 24	f7g6 d3g6 h7h8 g6h6	1125	96	deflection mate mateIn2
ADyUa	8/8/pp1k3p/4p1p1/4P3/2PK1P1P/1P3P2/8 w - - 0 37	c3c4 d6c5 d3c3 a6a5 f3f4 g5f4	2056	90	endgame pawnEndgame quietMove zugzwang
AEYl6	8/pp6/2p5/2P5/PPB5/3p2K1/3k4/8 w - - 1 55	g3f3 d2c3 c4e6 d3d2 f3e2 c3c2 e6b3 c2b3	1834	95	endgame
AEsTk	1r3rk1/1b3ppp/8/R1Q3B1/3p2q1/N2P4/1PP2PPP/5RK1 w - - 3 20	g2g3 g4f3 c5d5 b7d5	1542	93	
AFI14	3r1n1k/pp2qppB/2p1bp2/8/2P1N2R/7P/PPQ2PP1/6K1 b - - 1 22	f8h7 e4f6 d8d1 g1h2	2263	98	pin
AFxx5	8/8/k1p2p2/2Pp2pp/4P3/2PK3P/6P1/8 b - - 0 38	a6b5 e4d5 c6d5 d3d4 b5c6 g2g4 h5h4 c3c4 d5c4 d4c4	2431	96	endgame pawnEndgame
AGPrz	r7/p4pkp/4rp2/5Q2/2q2N2/8/PPP3PP/3R2K1 b - - 4 22	e6b6 f5g4 g7h8 f4g6 h7g6 g4c4	1798	95	discoveredAttack endgame
AHx9Q	5nk1/5ppp/2p1p3/1pPpP1PP/1r1P1Q2/4RN2/3q1PK1/8 b - - 1 33	d2d1 g5g6 h7g6 f3g5 f7f5 e5f6	2210	92	enPassant endgame
AIIh6	r1bqk2r/pp3ppp/2n2n2/4p3/1bB5/2N2Q2/PPPP1PPP/R1B1K1NR w KQkq - 2 7	c3e4 c6d4 e4f6 g7f6	1894	91	
AKCIa	8/2p5/p3B3/1k3P2/8/6r1/6P1/6K1 b - - 2 43	a6a5 f5f6 g3d3 f6f7 d3d8 e6d7 d8d7 f7f8q	1873	94	advancedPawn deflection endgame promotion
AMMgz	r3q2r/1bpnk3/pp3bQB/3p1p2/4p3/PBNP3P/1PP2PP1/R3K2R w KQ - 1 21	c3d5 b7d5 g6e8 a8e8	1582	88	
ANeJy	2r3k1/R4pp1/1p1qp2p/8/1P6/P6P/6P1/5Q1K b - - 7 31	d6d2 f1f7 g8h8 f7g7	791	99	endgame mate mateIn2
AOQZx	4r1k1/pR3pbp/6p1/8/8/5qPP/Q4P2/3R2K1 w - - 1 32	d1d7 e8e1 g1h2 f3h1	936	89	endgame mate mateIn2
AP0Tj	r3kb1r/1bq3p1/5p2/2R5/1p1nPP2/4B1P1/PP3NB1/5RK1 w kq - 0 25	c5c7 d4e2	942	98	mate mateIn1
APaUl	8/8/7R/1p4p1/1B4Pp/P5kP/2r5/6K1 w - - 7 49	h6h5 c2c1 b4e1 c1e1	993	100	endgame mate mateIn2
APvcU	3r1rk1/1p3ppp/p3b3/2p5/2P3n1/1PN3q1/PB1P2B1/R2QR2K w - - 2 18	d1f3 g3h2	1016	97	mate mateIn1
AQG00	8/8/3P1p2/b1p1p1kP/4P1P1/3K4/8/8 b - - 4 74	a5d8 d3c4 g5h6 c4c5	1487	90	bishopEndgame endgame
AQqQk	3R1bk1/pp3ppp/2p2p2/8/2q2P2/7P/3Q2P1/7K b - - 1 26	g7g6 d2d6 c4f1 h1h2 f1f4 d6f4	1752	92	endgame pin
ARPh9	2Q3k1/1r4p1/p7/3p1pP1/8/4r2q/6R1/6K1 b - - 1 42	g8h7 g5g6 h7h6 c8h8	1813	87	endgame mate mateIn2
AU3TP	3k4/2p2R2/5P2/3pP3/1pp5/1r6/6PP/6K1 b - - 0 36	c4c3 e5e6 d8c8 e6e7 c8d7 f7f8	2228	94	advancedPawn defensiveMove endgame rookEndgame
AVJOb	r4rk1/pp1qn1pp/2p2p2/3P4/2bQ1N2/4B3/P1P2PPP/R2R2K1 b - - 0 17	c6d5 d4c4 d5c4 d1d7	1557	88	discoveredAttack
AVlpU	8/8/P4pK1/1k6/5r1p/4p3/8/R7 b - - 0 60	f4c4 a6a7 c4c8 a1b1 b5a6 b1b8 a6a7 b8c8	2243	92	advancedPawn endgame rookEndgame
AVzpG	8/3b4/8/1P2p3/2P5/3B1pk1/2K5/8 w - - 0 45	c4c5 e5e4 d3e4 f3f2 e4d3 d7f5 d3f5 f2f1q	2345	92	advancedPawn bishopEndgame deflection endgame promotion
AWxG8	8/8/3k1p1p/1p4p1/1P1K1PP1/6P1/8/8 b - - 0 46	d6c6 d4e4 g5f4 g3f4 c6d6 e4f5 d6e7 f5g6	2053	93	endgame pawnEndgame
AZHQS	8/4kp2/p3pp2/3p3Q/3P1q2/1P4rp/P4N1P/5RK1 w - - 0 32	h2g3 f4g3 g1h1 g3g2	999	96	endgame mate mateIn2
Aa7Ox	3rr1k1/ppbq1ppp/2p1bpn1/5N2/3P4/2PB1QP1/PP1B1P1P/R4RK1 w - - 1 16	h2h4 g6e5 d4e5 d7d3 f3d3 d8d3	2282	94	
AaKVi	6k1/Q4pp1/6qp/3b4/8/P4P2/2r3PN/4R1K1 w - - 1 37	h2g4 c2g2 g1g2 g6g4	1906	94	attraction endgame pin
AaPYv	r1bqkb1r/ppp1nppp/2n1p3/8/2PPN3/5N2/PP3PPP/R1BQKB1R b KQkq - 2 6	g7g6 e4f6	775	99	mate mateIn1
Aayu7	1n2kb1r/p1p2ppp/2b5/3q4/Q7/5NP1/PP1PPK1P/R1B4R w k - 2 14	a4a7 f8c5 a7c5 d5c5	1077	90	fork
AcBnV	r4rk1/5pbp/pnppqnpB/1p2p3/1P2P3/P1NP1N1P/2PQ1PP1/R3K2R w KQ - 0 16	f3g5 g7h6 g5e6 h6d2	1230	93	hangingPiece
AcKel	8/4k1p1/5p2/p2K3p/1p5P/1P6/P1P3P1/8 b - - 0 41	g7g5 h4g5 f6g5 d5e5 g5g4 e5f5 g4g3 f5g5	2154	87	endgame pawnEndgame
AciDs	r3kB2/p1qpbp1Q/1pn1p3/1p4N1/2PP4/8/PP3P1P/R3K2b b Qq - 0 16	e7f8 h7f7 e8d8 f7f8	786	100	deflection mate mateIn2
AczOt	7b/5p1k/5P2/6P1/3pP2P/QP1P4/p4K2/r7 w - - 2 46	a3b2 a1h1 b2d4 a2a1q d4a1 h1a1	1636	100	advancedPawn clearance endgame promotion
Ae7OJ	4rrk1/pp5R/2p1q1p1/3nPp2/7R/6Q1/PP3PKP/8 b - - 0 30	e6e5 g3g6 e5g7 h7g7	1286	90	mate mateIn2
Ae8Xj	r1bq1rk1/pp3pp1/4p2p/8/2Pb1B2/P2R4/1P3PPP/3QKB1R b K - 1 16	d8a5 b2b4 a5f5 d3d4	1839	94	defensiveMove
Aec3N	6k1/p4pp1/5q1p/8/2Qbr3/3P2P1/P4P1P/1R4K1 w - - 0 26	d3e4 f6f2 g1h1 f2f3	1280	98	endgame mate mateIn2
AgBVO	6k1/2p2pp1/brpp3p/p7/2P1Pq2/Q1PB1P2/P5PP/3R2K1 w - - 4 23	a3a5 f4e3 g1h1 e3d3 a5b6 d3d1	1815	93	endgame kingsideAttack
AgWH2	r4rk1/5ppp/2pq4/3b4/p2Q4/P4PP1/6BP/R1R3K1 b - - 1 26	c6c5 c1c5 a8d8 a1d1 d6b6 c5d5 d8d5 d4b6	1829	88	discoveredAttack quietMove
AgeRI	8/P1R5/6k1/5p2/7p/r7/1K6/8 b - - 1 54	a3a6 c7c6 a6c6 a7a8q	1045	95	advancedPawn deflection endgame promotion rookEndgame
AhpgM	6k1/p4pp1/1p2p3/6qp/4Qn2/P7/7r/R5RK w - - 0 31	h1h2 g5h4	996	100	endgame mate mateIn1
Ai4AJ	r3r1k1/ppqn1ppp/2pbp3/8/1PBPb1P1/P3BN1P/2PQ1P2/3R1RK1 w - - 0 17	f3g5 d6h2	752	100	mate mateIn1
Ai91b	r2qr1k1/p1pn1pbp/1pnp2p1/4P3/2P2P2/1NNQB3/PP4PP/2KR3R b - - 0 15	d6e5 d3d7 d8d7 d1d7	1228	97	
AjJHl	2k2r1r/2p1b2p/p3p2p/p2pP3/1q1P4/3b1N2/3N1RPP/1R1Q2K1 b - - 1 25	b4a3 b1b3 a3a4 b3b8 c8b8 d1a4	1732	94	discoveredAttack
Ajues	r3r1k1/1p3pbp/p4qp1/5b2/8/1P2BP2/P2QB1PP/2RR2K1 w - - 3 19	e3d4 f6d4 d2d4 g7d4	1279	92	kingsideAttack
Al0eD	5k1r/p2r1pb1/1p1Np1Qp/2P1q3/8/8/6PP/2R2RK1 b - - 1 28	f8g8 d6f7 e5e3 g1h1 e3c1 f1c1	2281	93	fork
AlIpz	r3r1k1/1pp2ppp/p2q1n2/bb2p3/2p1P3/P1NP1N1P/1PPB1PP1/R3QRK1 b - - 1 16	c4d3 c3b5 a6b5 d2a5	1227	88	discoveredAttack
AlaFL	r2k4/1pp3p1/3pq3/pP5p/P2PQ1b1/6Pn/5P1P/R1B2R1K w - - 0 25	e4e6 g4f3	892	96	mate mateIn1
Ao4lk	2k5/p2p1R2/bp6/3p4/8/2P1KN1R/PP2r2P/8 w - - 5 36	e3d4 e2e4 d4d5 a6b7 d5d6 e4e6	1513	94	endgame mate mateIn3
AoNaZ	8/6k1/6p1/5p1p/7P/6P1/rpK2P2/1R6 w - - 4 41	b1b2 a2b2 c2b2 f5f4 b2c3 g7f6	2434	92	defensiveMove endgame rookEndgame
AoQjm	2rq1rk1/1b1nppbp/pp1p1np1/2p5/P2P1B2/1BN1PN1P/1PP2PP1/R2QR1K1 b - - 2 12	f8e8 b3f7 g8f7 f3g5 f7g8 g5e6 e8f8 e6d8	2002	96	attraction kingsideAttack sacrifice trappedPiece
Aokva	2r3k1/pp3pq1/6p1/5b1p/3R1P1P/8/3QB1P1/1K1R4 w - - 3 26	b1a2 c8c2 d2c2 f5c2 d4d8 g8h7	1454	93	fork
ApTm5	6k1/5p1p/3p2p1/1B1Pb1q1/4P3/5Q1P/6P1/7K w - - 2 42	b5e8 g5c1 f3d1 c1d1	784	87	endgame mate mateIn2
ApxKm	r2q1rk1/ppp1bppp/3p1n2/3Np1Bb/2BnP1P1/3P1N1P/PPP2P2/R2Q1RK1 b - - 0 10	h5g4 d5e7 d8e7 h3g4	2306	91	intermezzo kingsideAttack
AqKS8	4k3/2pr1pp1/7p/pp6/5PbP/2PB4/1P1R2P1/5K2 b - - 4 30	c7c5 d3b5 e8d8 b5d7	1512	96	endgame pin
AqQmK	r2q1r2/1p1bb1p1/pk6/3p4/P2Q4/2R5/1PP2PPP/4R1K1 b - - 4 28	e7c5 d4c5	733	100	mate mateIn1
AqdT8	r4qk1/1b2brp1/p3pBQ1/3p3R/8/2p5/PPB2PPP/R5K1 b - - 0 21	f7f6 h5h8 g8h8 g6h7	1631	96	attraction kingsideAttack mate mateIn2 sacrifice
ArArb	4r3/1p2P3/p2p1B1k/4pn2/2P2p2/5P2/PP5P/6RK w - - 5 37	g1d1 h6g6 d1d6 f5d6	1769	86	endgame
AruhN	7k/p5p1/7p/PP1Qb3/8/6PP/1r3r2/6K1 w - - 13 49	d5e5 f2e2 e5b2 e2b2	1804	93	endgame queenRookEndgame
AsjJX	r4rk1/3q3p/pp1NRPpQ/2p5/1nP5/7P/PP3PP1/R5K1 b - - 0 27	d7e6 h6g7	1165	100	mate mateIn1
Atfo6	2k1r3/ppp3p1/5p1p/2qnN3/5P2/5QP1/PP4P1/1K1R4 b - - 1 25	d5b4 f3g4 c8b8 e5d7 b8a8 d7c5	1473	93	endgame fork
Ax2Fw	8/8/4p1p1/3kP1Pp/1P3P2/8/3K4/8 w - - 0 68	d2c3 h5h4 f4f5 e6f5 b4b5 d5e5 b5b6 e5d6 b6b7 d6c7 b7b8r c7b8	2294	96	endgame pawnEndgame quietMove
Axlor	1r3rk1/2p1q1p1/7p/p4p2/Pb2pP2/1PP1B2P/4Q1P1/R4RK1 b - - 0 23	b4c3 e2c4 e7f7 c4c3	1035	95	fork
Ay1Qx	8/6pk/6rp/3R1N2/5PPK/5nP1/8/8 w - - 1 47	h4h5 g6g5 f4g5 g7g6	1689	89	endgame mate mateIn2 sacrifice
B0urI	5rk1/3ppp1p/1p3npQ/5bN1/5B2/7P/r1q3P1/4R1RK b - - 1 22	c2f2 f4e5 f5h3 g5h3 f2f5 h3g5	2577	92	
B1nID	1r2r1k1/4qp1p/B5p1/7R/1b6/1N1Q4/PPPB2PP/2K5 w - - 0 27	h5b5 b4d2 d3d2 b8d8	2333	97	
B2WFZ	r1rb2k1/4qppp/p1R1p3/3pP3/1P3P2/P3P3/1B2Q1PP/4K2R w K - 1 20	c6a6 a8a6 e2a6 c8c2 e1g1 c2b2	1992	91	
B4tVa	1R3k2/p3r3/6pr/4P3/2Q1P2p/7P/1PP3PK/4q3 b - - 4 41	f8g7 c4g8	894	90	endgame mate mateIn1
B5xWs	r1b1k2r/ppp2ppp/8/2bPPn2/2B4q/2N4P/PPPP2PK/R1BQ1R2 w kq - 3 12	d2d3 h4g3 h2h1 f5h4 d1e2 c8h3	1801	91	discoveredAttack
B6Mkb	8/1kp1rpp1/pp6/3pN3/3Pn2r/4P3/PP2K1PP/5R1R w - - 0 29	f1f7 e7f7 e5f7 e4g3 h2g3 h4h1	1670	94	endgame
B7Lhl	6k1/2p3p1/2p2p1p/p4P2/PrP1Pq2/3P3P/2P3P1/4Q1KR w - - 0 26	e1f1 f4f1 g1f1 b4b1 f1e2 b1h1	1951	95	attraction endgame kingsideAttack skewer
B8yFO	1k6/ppp2p2/8/1P5p/Q1P2Pp1/B2q4/P6P/1KR1r3 w - - 4 31	a4c2 d3a3 c1e1 a3b4 b1a1 b4e1	2210	94	endgame fork sacrifice
B94Yh	8/6k1/3r3p/6p1/1R3pKP/5P2/6P1/8 b - - 3 37	g7g6 h4g5 h6g5 b4b5 d6d2 b5g5 g6f6 g4f4	2402	92	endgame rookEndgame
B99Xw	1r6/p3p1k1/3P2p1/q7/6P1/2p1B3/P1P1QP2/1K5R w - - 0 27	b1c1 a5a3 c1d1 b8b1 e3c1 b1c1	1206	85	endgame mate mateIn3
B9hik	5rk1/2b3pp/p1p1pp2/3p4/1PNP4/P1R1PP1P/4Q1Pq/2R3K1 w - - 1 27	g1f2 c7g3 f2f1 h2h1	1333	96	mate mateIn2
BBpOM	8/8/2k2p1p/pp1p1Pp1/P2P2P1/K7/1P4P1/8 b - - 3 41	c6b6 a4b5 b6b5 b2b3	2516	93	defensiveMove endgame pawnEndgame zugzwang
BC30g	r2Q2k1/ppp3pp/2b1p2q/8/2P3PP/2N1n3/PP6/K2R1R2 b - - 2 23	a8d8 d1d8 c6e8 d8e8	647	100	kingsideAttack mate mateIn2
BCbsW	6k1/3rBp2/3P2p1/3b3p/2p1R2P/6P1/3R1P1K/r7 w - - 9 49	e4d4 a1h1	664	100	endgame mate mateIn1
BCtJA	r1b1k2r/pp2pp1p/6p1/4b1Bn/2B5/2N5/PP3PPP/3R1RK1 b kq - 1 13	e7e6 d1d8	1043	92	mate mateIn1
BDRmz	r1b1kb1r/ppp1pppp/2n5/8/4q3/5N2/PP1PBPPP/R1BQK2R b KQkq - 1 7	c6d4 d1a4 c8d7 a4d4 e4d4 f3d4	1352	97	
BDpHw	8/1p4r1/2p1p3/5p2/P1RPkP2/4PNrp/6PK/4R3 w - - 0 46	e1g1 g3g2 g1g2 g7g2 h2h3 e4f3	1981	91	endgame
BEmmn	5b2/6k1/4P3/2p2Q2/8/2q3BK/8/8 b - - 0 52	f8e7 f5f7 g7h6 f7e7	997	90	endgame fork
BEqtR	r1r3k1/2qpbppp/p3pn2/8/1p1B4/1B1P1P2/1PPQ1P1P/2KR2R1 b - - 6 17	a6a5 g1g7 g8g7 d1g1 g7f8 d2h6 f8e8 d4f6 e7f6 h6f6 e8f8 g1g7 c7f4 f6f4	2529	92	attraction kingsideAttack sacrifice
BFmOK	1r2r1k1/3Rq2p/6p1/1bp5/P3P1P1/2b1BP2/8/1K1Q3R w - - 0 31	d7e7 b5d3 b1a2 d3c4	2072	95	doubleCheck
BIStY	3r3k/pp6/2p4p/4RP2/2P2p2/2Pn3B/P4P1P/7K w - - 1 29	e5e2 f4f3 e2d2 d8e8	2014	94	defensiveMove endgame
BIbhs	3r4/7p/6k1/5R2/3P4/KP1n3P/P7/8 w - - 1 46	f5f3 d8a8	756	98	anastasiaMate endgame mate mateIn1
BInYl	2r2rk1/1b3pp1/p2bp2p/3p4/P1pP1Pn1/2P1PN2/1qB3PP/R2QBRK1 w - - 8 21	d1d2 b2a1 e1h4 a1a3	2291	91	hangingPiece
BJUcG	r3k2r/2p2p2/p2p3p/1p2p3/3nN2q/1B1P1Pp1/PPP2b2/R1BQ1R1K w kq - 0 18	h1g2 h4h2	741	100	mate mateIn1
BKLTK	r2r2k1/pb3ppp/1p2p3/3q4/1P1b1P2/P4N2/4B1PP/2RQ1RK1 w - - 0 17	f3d4 d5g2	726	100	kingsideAttack mate mateIn1
BKuV7	R4k2/8/5Np1/6Pp/8/4n1KP/1r6/8 b - - 2 45	f8e7 a8e8 e7f7 e8e3	1232	93	endgame skewer
BLIsP	3rk2r/1pb2p2/p1n1pp1p/2B5/4N3/P7/1P3PPP/3R1RK1 b k - 1 21	f6f5 e4f6	877	98	mate mateIn1
BLLYV	6k1/5pp1/2p5/p7/3PN2p/P2QnP2/1P4PK/4q3 w - - 0 39	d3c3 e1e2 c3e3 e2e3	2293	98	endgame
BMhsY	r1b5/5pk1/6p1/3PQ3/4P3/3q1PK1/p5P1/8 b - - 0 42	g7h6 e5h8 h6g5 h8h4	1173	97	endgame mate mateIn2
BMr0B	2k4r/1p2ppb1/1Pp3pp/p1N2r2/2P2Pn1/P2PB3/5P1P/1R2K2R w K - 1 21	e1e2 g4e3 f2e3 f5c5	1035	92	capturingDefender
BN7J6	8/pp2n1pp/2pb1p2/3p1k2/3P2P1/2P2N1P/PP1B1PK1/8 b - - 0 25	f5e4 f3e1 c6c5 f2f3	1755	94	endgame mate mateIn2 quietMove
BNLUH	3r1rk1/1bqn1p1n/pp1p1b1Q/4pPPN/P1p1P3/2NP3P/1PP3B1/R4RK1 b - - 0 19	f6g5 h6g7	904	94	mate mateIn1
BNW3Z	8/8/4N3/3p4/3Pp2p/3k4/6K1/8 w - - 2 64	g2h3 e4e3 e6f4 d3d2 h3h4 e3e2	2368	94	advancedPawn defensiveMove endgame knightEndgame
BO4gu	6K1/r5P1/5k2/8/6P1/p7/R7/8 w - - 1 63	a2f2 f6g6 g8f8 a7g7 f8e8 g7a7 f2a2 g6g5 e8d8 g5g4	2456	91	defensiveMove endgame quietMove rookEndgame
BOyZr	k3r3/P1p3p1/1pq4p/1N3p2/4P3/8/3r2PP/1QR4K b - - 2 37	c6e4 b5c7 a8b7 b1e4 f5e4 c7e8	2091	95	endgame exposedKing fork intermezzo
BQVfE	1k3r2/1p4RQ/p2b4/2p1p3/8/3PB3/1qP3PP/R5K1 w - - 0 24	a1a5 b2b1 e3c1 b1c1	806	98	mate mateIn2
BRgnU	2rr3k/p4qpp/Qp6/5p2/3R4/4P2P/P4PP1/1R4K1 b - - 16 34	d8d4 a6c8 d4d8 c8d8	788	96	endgame hangingPiece
BU3GN	8/ppp5/3p2k1/3P3n/1PP2K2/8/P7/7R w - - 1 35	f4e4 h5g3 e4f3 g3h1	793	100	endgame fork
BUnQN	rn2kb1r/ppp1pppp/4q3/1N6/2Pn1Bb1/P5P1/1P2B2P/R2QK1NR b KQkq - 4 12	g4e2 b5c7 e8d7 d1d4	2040	95	fork
BWHHY	3R4/7r/2p3p1/1p3b2/3p4/P4P1k/1P5P/6K1 b - - 5 50	h7d7 d8h8 d7h7 h8h7	813	98	endgame mate mateIn2
BWbD7	r1b4k/1pp1r1p1/p1n3Qp/3pP2B/4N1Pq/1P6/P1P3KP/R4R2 b - - 5 27	c6e5 f1f8	965	95	mate mateIn1
BWokE	7r/2Q4p/3pk3/6p1/3q1p2/8/PP3nPP/R1B2R1K w - - 2 22	f1f2 d4d1 f2f1 d1f1	628	99	endgame mate mateIn2
BXBqh	4r1k1/p1p1P1pp/1pq5/2pr4/8/1PP2R2/P5PP/R3Q1K1 b - - 0 23	d5d7 f3f8 e8f8 e7e8q	1774	96	advancedPawn endgame promotion
BXzuq	2b5/p5pk/1p6/1Pn1p3/3p2rq/P2P4/Q5BP/RN3RK1 w - - 3 26	f1f3 h4e1 f3f1 e1e3 g1h1 g4g2 a2g2 c8b7 g2b7 c5b7	2513	94	pin sacrifice
BY2Mg	2rr2k1/1b3ppp/pq6/1p1PR3/4Q3/PP6/1B3bPP/2R2B1K b - - 1 23	c8c1 e5e8 d8e8 e4e8	892	99	kingsideAttack mate mateIn2
BYHmz	6r1/4qp2/Q3b1k1/3pPN1p/P4P1P/6PK/2R5/8 b - - 2 58	g6f5 a6d3	1098	100	endgame mate mateIn1
BYan8	1rb4k/2r1p1b1/3pBp1p/N1pP2p1/1pP1P3/1P3RP1/P5PP/5RK1 w - - 1 33	a5c6 c7c6 d5c6 c8e6	1743	92	deflection
BYpdB	r1b1k1r1/ppp5/3p3p/3P1p2/2PBpn1q/2N4P/PP4BK/R2Q1R2 w q - 0 19	f1f4 h4g3 h2g1 g3g2	1792	92	fork mate mateIn2
BaswB	b5r1/3pk1p1/3Npn2/5P1p/3N4/2P3QP/3q2P1/5RK1 w - - 1 31	g3e5 d2g2	619	100	mate mateIn1
BbzGo	6r1/1b3q2/p3rbkp/1p6/2p1p1P1/2P1B3/PPB2PQ1/3RR2K b - - 0 34	f6g5 f2f4 g5f4 e1f1 f4e3 f1f7	2434	92	
Bcsk6	r1b2rk1/ppp5/5qp1/2pP3p/5N2/4Q1P1/PP5P/2R2RK1 b - - 0 24	b7b6 f4e6 c8e6 f1f6	1910	88	discoveredAttack
BeGr0	r3kb1r/p4ppp/1pR1p3/1Q3b2/3P4/4P3/PP1B1PqP/4K1NR b Kkq - 1 15	f5d3 c6e6 e8d8 b5e8 d8c7 e8f7	2436	91	doubleCheck
BeWQz	r5k1/pb1q1pb1/1p4pB/1Np3P1/2Bp1n1P/4r3/PPPQ4/2KR2R1 b - - 1 23	b7f3 d2e3 d4e3 d1d7	1474	95	discoveredAttack
BegE8	rn4r1/pppbBpk1/4p3/3q2PQ/3P1K2/2PB4/5P1P/8 b - - 0 30	g8h8 e7f6 g7g8 h5h8	1297	98	mate mateIn2
Bf8XD	6k1/2q2pp1/3p3p/1Qp4n/2P1P3/3P3b/r5PB/1N2R1K1 w - - 0 29	g2h3 c7d8 b5e8 d8e8	2527	91	quietMove
BgLUP	r5k1/2Rb1p2/1p4p1/pP1Pp1qp/p3Pn2/P3QPP1/3N3P/2R3K1 w - - 1 29	c7d7 f4h3 g1g2 g5e3	1016	99	discoveredAttack kingsideAttack
BgOYU	3r2k1/1p2rp1p/2p2Bp1/p5bn/P1P1Pp2/1q3Q2/1P4PP/3RR2K b - - 1 29	b3f3 d1d8 e7e8 d8e8	738	100	hangingPiece kingsideAttack mate mateIn2
BgWpC	3rnk2/2r2p1Q/7P/1p1PK3/1P6/8/5P1P/8 b - - 0 46	c7e7 e5f4 e7e1 h7h8	2213	90	defensiveMove endgame
BiaVG	r2qr1k1/1p3p1p/5np1/pP6/3N4/P3P3/4bPPP/R2Q1RK1 w - - 0 18	d1e2 d8d4 e3d4 e8e2	1245	86	
Bj0En	6k1/pp3p1p/6p1/8/6Q1/4p2K/1B4RP/3r1q2 b - - 13 38	e3e2 g4c8 d1d8 c8d8	698	100	endgame mate mateIn2
BkIKn	r2q1rk1/pp1b1ppp/3p1B2/2bNp3/Q1BnP3/5N2/PPP2PPP/R4RK1 b - - 0 11	g7f6 a4d7 d8d7 d5f6 g8g7 f6d7	1835	93	attraction deflection fork sacrifice
BkZ0k	3r1rk1/p1q2pp1/4p2p/2pn4/8/3P1Q1P/P4PP1/B1R1R1K1 b - - 3 22	d5b4 f3g4 f7f6 g4b4 c5b4 c1c7	1784	92	
Bkb5x	8/8/8/5p2/4p3/1r3k2/RP3P2/6K1 w - - 6 47	a2a3 b3a3 b2a3 f3e2 g1g2 f5f4	2309	92	defensiveMove endgame rookEndgame
BlxLW	R7/P5p1/8/7P/5p2/5k2/r7/2K5 b - - 0 62	f3g4 h5h6 g7h6 a8g8	1817	98	endgame rookEndgame
Bm1LS	r1bq1rk1/3nppb1/p1Np2pB/1p1n3p/4P3/2N2P2/PPPQ2PP/2KR3R b - - 1 13	d8c7 c3d5 c7c6 d5e7	2082	90	kingsideAttack
BmMoI	4r1k1/1q3p1p/p1b1pnp1/1pb3B1/7P/P1N2P2/1PQ3P1/1B1R3K b - - 2 23	f6d5 c3d5 c6d5 c2c5	1298	93	discoveredAttack
BmTjt	3rr1k1/pppq1p1p/5Pp1/b2p2Q1/3n4/P1NB2BP/1PP3P1/5RK1 b - - 0 20	g8h8 g5h6 e8g8 f1f4 d4f5 d3f5 d7f5 f4f5	2332	94	
BnJE2	r2qr2k/7n/2pp1p1P/p1b1pP2/1p2PP2/2NP4/PPP2BQ1/2KR3R b - - 1 22	c5f2 g2g7	868	97	mate mateIn1
Bqxj4	1k1r3r/pP1P1pn1/8/2q3p1/8/5PPp/P6P/R2Q1R1K b - - 0 29	c5c6 a1c1 c6d7 c1c8 d8c8 d1d7	1887	95	deflection
BrK9I	4k3/5p2/N2n2p1/4b2p/8/5P2/2P2K2/1R6 w - - 11 40	a6c5 e5d4 f2g2 d4c5	982	98	endgame fork
Bs9vX	r5nr/ppNk1ppp/3p4/2b1p3/2B1P2q/P1PP1P1b/1P3P1P/R1BQR1K1 w - - 1 13	c7a8 h4f2 g1h1 h3g2	1182	96	kingsideAttack mate mateIn2
BsZDp	8/2p5/6kP/K2p2P1/3r4/8/6R1/8 b - - 0 43	c7c5 g2h2 g6h7 g5g6 h7g6 h6h7	1897	96	advancedPawn endgame exposedKing quietMove rookEndgame
BtHPf	8/pp2rpk1/6p1/2PPb1P1/PP4n1/5R2/6K1/5R2 b - - 0 39	g4h2 d5d6 e7d7 f3e3 e5d6 f1d1 d6c5 d1d7	2503	91	endgame
BtJ6Z	6R1/8/5p2/1p1K1P2/p5rk/P7/1P6/8 w - - 0 69	g8g4 h4g4 d5c5 g4f5 c5b5 f5e4 b5b4 f6f5	1610	94	defensiveMove endgame
BtNdY	8/5pkp/5np1/2R5/1PpN4/3b4/3K2PP/8 w - - 5 41	b4b5 f6e4 d2c1 e4c5	796	100	endgame fork
BtUD7	6k1/5p2/p5p1/1pq4p/1P1p4/P2Q1P2/5KPP/8 b - - 0 28	c5c4 d3c4 b5c4 a3a4 g8f8 b4b5 a6b5 a4a5 f8g7 a5a6	1923	90	endgame queenEndgame quietMove
BuV0y	4r1k1/2p2p2/1q4pp/8/P4PPP/2Q5/2B3K1/3R4 w - - 2 44	h4h5 e8e2 g2h3 e2e3 c3e3 b6e3	1530	97	endgame exposedKing fork
BuiRo	r4rk1/pb2Q3/1p2p2p/3q1p2/3pNP2/P2B4/1P1B2PP/5RK1 b - - 0 22	f5e4 f1f3 f8f7 f3g3	2124	91	quietMove
Bv8ZW	8/8/4P1k1/1p1pB3/1PpPn1p1/2P5/6K1/8 b - - 2 67	e4f6 e5f6 g6f6 g2g3 f6e6 g3g4 e6f6 g4f4	2250	91	defensiveMove endgame zugzwang
BvPOq	4q1k1/r4Rpp/8/1p6/p2p4/P2P4/BPP1b1PP/5RK1 b - - 0 27	e8e3 g1h1 a7f7 f1f7 e3e8 f7e7 g8f8 e7e8	2444	92	defensiveMove discoveredAttack endgame
BvlOl	r5k1/pRR2p1p/N3p1p1/8/P2b1P2/1P4P1/5r1P/6K1 w - - 0 28	c7f7 f2f4 g1g2 f4f7	1243	93	discoveredAttack endgame
BwKeU	5r2/ppp2rk1/1n2Q2p/5p2/3P4/2PBPq1P/P4P1K/6R1 b - - 1 22	g7h8 e6h6 f7h7 h6f8	1373	93	deflection kingsideAttack mate mateIn2
BxFZF	3R4/8/8/8/8/2r5/2kpK3/8 b - - 1 68	c3d3 d8d3 d2d1r d3d1	681	100	endgame rookEndgame
Bxtxe	3r2k1/1Q1R2p1/1p5p/8/8/P2n1B1P/1q4PK/8 b - - 2 30	d8d7 b7c8 g8f7 c8d7	1383	94	endgame fork
By3hJ	8/8/1R6/5p2/5P2/1pk1P3/2n2K1P/8 w - - 4 48	h2h4 c2b4 b6d6 b3b2 d6d1 b4d3 f2g3 d3c1	2461	94	endgame
Byy7J	5r2/pp1b3k/n2P3q/3Q1p2/1PB3rp/P6R/2P3PP/5R1K b - - 2 30	d7e6 d5e6 h6e6 c4e6	1496	87	
Bz0ct	1k3r2/1ppQ4/1p2B2n/4B2p/2PKP3/5q2/P6p/8 b - - 1 46	h2h1q e5c7 b8a7 d7a4	1764	95	mate mateIn2
BzEzN	5rk1/r4pp1/3p3p/3Np2R/2PbP1q1/8/3Q4/1B3K1R b - - 1 34	a7a1 d5e7 g8h7 h5h6 g7h6 d2h6	1711	96	mate mateIn3 sacrifice
C0Uez	8/1k4pp/1B3b2/2p2p2/8/1KPn1PP1/PP2r2P/R6R w - - 0 28	a1d1 c5c4 b3c4 d3b2 c4b5 b2d1 h1d1 e2b2	2350	93	attraction clearance deflection endgame fork
C1EsR	3r1rk1/p5pp/n1p5/1p2q3/4P1B1/P4P1P/2PBR3/RQ2K3 w Q - 0 23	a1a2 e5g3 e1f1 f8f3 g4f3 g3f3 f1g1 f3e2	1200	93	deflection exposedKing
C1uGH	4r1k1/1Pp2p2/3p4/3P1q1n/2PQp2p/2N1R3/5Pp1/6K1 b - - 1 32	h5g3 c3e4 g3e4 e3e4 f5e4 d4e4 e8e4 b7b8q	2439	90	advancedPawn endgame promotion
C6K34	8/4k3/3p4/6p1/1PBKpp2/1P3p2/3R1P2/4r3 w - - 0 34	c4d5 e4e3 f2e3 f4e3	1067	95	endgame
C8ZPz	4Q3/1r4p1/1P1qk2p/3b4/4p3/3nB3/2R3PP/6K1 b - - 1 40	b7e7 e8g6 e6d7 c2c7 d6c7 b6c7	1895	95	advancedPawn exposedKing
C9c5h	8/6pp/p1p5/3k1P2/1ppP2P1/4K3/PP5P/8 b - - 0 31	c4c3 b2c3 b4c3 g4g5 c3c2 e3d2	2224	93	endgame pawnEndgame quietMove
CA10R	6k1/p2R1p2/1pq5/3r2p1/2p3Q1/2P3P1/PP3PKP/8 w - - 0 33	d7e7 d5e5 f2f3 e5e7 g4g5 g8f8	1997	91	defensiveMove discoveredAttack endgame
CA2Of	1r5r/1b3pk1/p3pbp1/7q/3N4/3QPN2/1P1R1PPP/2R3K1 w - - 8 23	d3e2 f6d4 e3d4 b7f3 e2e5 h5e5	2030	92	
CB7jZ	r2r2k1/p1p2Qpp/2p5/4q3/8/8/PPP3PP/3R1R1K b - - 0 20	g8h8 d1d8 a8d8 f7f8 d8f8 f1f8	1229	97	backRankMate endgame mate mateIn3 sacrifice
CBOkZ	5rk1/1pp1R1p1/p4b1p/8/6Q1/7P/P1P2PPK/3r4 w - - 3 23	e7c7 f6e5 f2f4 e5f4 g4f4 f8f4	1849	92	endgame fork
CBXWg	1Q3Bk1/1p1r2pp/pR3p2/6q1/3P3n/2P1P2P/P4P1K/1R6 w - - 1 26	b1g1 h4f3 h2h1 g5g1	1085	97	fork mate mateIn2
CBuLD	r5kb/3b3p/p1pQ2pB/2n2p2/2q2P2/2N3P1/PP4BP/4R1K1 w - - 0 26	g2c6 c4d4 d6d4 h8d4 g1f1 d7c6	2135	93	
CC2Hm	r1b1k2r/pp3ppp/n1p1pn2/3p4/3P4/1Nq5/P1PBPPPP/R2QKB1R b KQkq - 1 10	c3c4 a2a4 f6e4 e2e3	2366	92	quietMove
CDWyJ	6k1/6p1/8/5R1p/5P1K/8/6rP/8 w - - 2 52	h4h5 g7g6 h5h4 g6f5	1459	86	endgame fork rookEndgame
CERkn	2r2rk1/pp4p1/5n2/3pq3/6bp/1Q1B2NP/PP3PP1/2R2RK1 w - - 0 21	h3g4 c8c1 f1c1 h4g3 d3f5 g3f2	2449	91	advancedPawn kingsideAttack
CFM48	8/5Nb1/1p5p/3k2p1/P5P1/8/5P2/5K2 w - - 2 49	f1e2 d5e6 a4a5 b6a5	2556	92	endgame
CG1fG	6k1/2p3pp/1p5r/3p4/3P4/2P2Qq1/PP1N1R2/R6K w - - 1 37	f2h2 g3h2	773	99	endgame mate mateIn1
CGSb1	1bN4k/3n1p1p/2NP2p1/p3p3/1p2n3/8/1P3PPP/2B3K1 b - - 2 31	e4d6 c6b8 d7b8 c8d6	1646	93	capturingDefender endgame intermezzo
CI7Ih	rnb2rk1/pp2nppp/8/2ppN3/3p1QP1/5P1q/PPP4P/RN1KRB2 b - - 1 14	e7g6 e5g6 f7g6 f4f8 g8f8 f1h3	1577	96	kingsideAttack
CIGcf	2r3r1/1p3ppk/1q5p/4PR2/1p2Q3/2p5/P1N2PPP/6K1 b - - 1 30	c8d8 f5f6 h7h8 f6b6 d8d1 e4e1	2475	92	discoveredAttack endgame
CIc8J	4Q3/5rkp/2K3p1/1p6/5P2/8/8/8 w - - 0 57	e8e6 f7f6 f4f5 g6f5 e6f6 g7f6	1994	96	endgame pin queenRookEndgame
CJNGj	5r2/pp2K1R1/3P4/8/8/P7/1P3kp1/8 b - - 5 41	f8f3 d6d7 g2g1r g7g1	1822	90	advancedPawn endgame rookEndgame
CK9ZB	6k1/pp6/2p5/2P2Rp1/1P1prbP1/P2R1N1r/4P3/5K2 w - - 0 31	d3d4 h3f3 e2f3 e4d4	1703	96	endgame intermezzo
CKiEQ	3rr1k1/1p3pp1/p1p4p/3p4/1PnP2q1/3QP1B1/P4PPP/4RRK1 b - - 0 25	e8e4 f2f3 g4g6 f3e4	1145	85	fork
CKqIw	r4rk1/1p3p1p/2p3pB/8/p2RP1Q1/2q3P1/P1P4P/2KR4 w - - 0 22	h6f8 c3a1 c1d2 a1d4 d2e2 d4c4	1694	97	endgame interference queensideAttack
CKz63	2k5/1pp2Npp/p1n1b3/3N4/8/1P6/r4PPP/4R1K1 w - - 0 23	e1e6 a2a1 e6e1 a1e1	639	100	backRankMate endgame mate mateIn2
CLECI	r1bqkb1r/p1p2ppp/2p1p3/4N3/3Pp3/4P3/PPP2PPP/R1BQK2R b KQkq - 1 8	f7f6 d1h5 g7g6 e5g6 h7g6 h5h8	1379	94	
CO06W	r3nrk1/2q3pp/p2pb3/2p1pP2/8/P1BQ1P2/1PP3PP/3RKB1R b K - 0 17	e6f5 d3d5 g8h8 d5a8	1215	94	fork
CPMYZ	1r6/2q2p2/1r1p1k1p/2p1nNpP/4PpP1/2P5/3QBPK1/3R4 b - - 2 38	b6b2 d2d6 c7d6 d1d6	1344	94	mate mateIn2
CPmtD	kr4r1/p5pp/2RQ4/5p2/5P2/4P1K1/P3q1PP/1R6 w - - 3 29	d6d5 e2e3 d5f3 e3f3 g3f3 b8b1	1733	94	endgame
CQ5zH	8/2b5/2P3B1/p7/7P/1k6/4Kp2/8 b - - 0 45	a5a4 h4h5 f2f1q e2f1	1815	91	bishopEndgame endgame quietMove
CQIud	r3k2r/ppp2pp1/2n1bq2/2bpp1Np/6nP/2NPP1P1/PPPB1PB1/R2QK2R w KQkq - 3 10	g5e6 f6f2	608	100	mate mateIn1
CTbwa	r2r2k1/2p2ppQ/5qn1/p2PnN2/1p6/6R1/P1B5/3K3R b - - 3 31	g8f8 h7h8 g6h8 h1h8	1162	96	mate mateIn2 sacrifice
CVL5z	8/8/6k1/3pPb2/2pP1B1K/2P4p/8/8 w - - 6 55	f4g3 f5e6 g3h2 g6f5 h4h3 f5e4 h3h4 e4d3	1917	92	bishopEndgame discoveredAttack endgame quietMove
CVZvC	5rk1/pp3p1p/1q2pQ2/7P/1p2b3/8/P4PP1/3R2K1 b - - 0 29	b6c5 h5h6 c5c3 d1d4 c3c1 g1h2 c1h6 f6h6	1903	95	endgame
CXVdj	Q4b1r/pb1p2p1/kB1R3p/qp6/4P3/3K4/2P2PPP/7R b - - 0 23	f8d6 a8a7	1022	91	mate mateIn1
CXkSN	8/2r4p/4p3/k4p2/PpnRP3/1P4P1/2K4P/8 w - - 0 42	d4c4 c7c4 b3c4 f5e4	2366	91	endgame rookEndgame
CY1y9	8/6b1/pNk5/8/1P6/2PK1pp1/8/6B1 w - - 0 46	d3e3 f3f2 g1f2 g3f2 e3f2 c6b6	1805	96	advancedPawn endgame trappedPiece
CYNpP	2k3r1/ppqb1p1p/4p1r1/3pP3/2Pn1B2/P7/2Q2PPP/RR2N1K1 w - - 0 21	c2d2 g6g2 e1g2 d4f3 g1h1 f3d2	1443	92	fork sacrifice
CYzFT	5r1k/1pq1Q2p/3p1P2/1K1P4/1P1bBp2/5P2/P7/8 b - - 1 39	c7b6 b5a4 f8a8 a4b3 a8a3 b3a3	1902	93	endgame
CYzXQ	R7/5p1p/2p3pk/7q/8/5pP1/PP3PKP/4Q3 w - - 0 34	g2f1 h5h3 f1g1 h3g2	1107	93	endgame mate mateIn2
CZFhs	r3rk2/5p2/2p5/5Pp1/1p4P1/pP1PpP2/P3R1K1/7R b - - 0 32	a8d8 f5f6 f8g8 g2g3 e8e6 e2h2 e6f6 h2h8 g8g7 h8d8	2355	91	clearance endgame quietMove rookEndgame skewer
CZkeK	1r6/3Pk2p/4P1p1/6P1/1p2R2P/1Kp5/8/8 b - - 2 46	b8b6 e4d4 b6b8 d4c4	2140	91	endgame rookEndgame
CadPo	1r3rk1/5pbp/4p1p1/p1p1P3/2Np1PPP/PPq5/K1P2B2/3Q3R b - - 0 26	a5a4 f2e1 a4b3 c2b3	1660	93	
Caih8	r1bq2k1/1pp2p1p/p2p1npQ/3P2N1/4N3/1B5P/PP3PP1/4n1K1 b - - 3 24	f6e4 h6h7 g8f8 h7f7	988	91	kingsideAttack mate mateIn2
CcgAQ	rn1qk2r/5pbp/1pp3p1/3pPp2/2bP1P2/1QN1BN2/PP4PP/R3K2R w KQkq - 4 14	b3b4 g7f8 b4a4 a8a4	1669	93	trappedPiece
CdZ8l	r4rk1/ppp1b1pp/3p1nn1/3Pp3/2P4q/2N3N1/PP3PB1/R1BQ1RK1 w - - 2 15	c1e3 f6g4 d1g4 h4g4	1106	90	
Cdpgi	1r6/5pk1/3p1p2/1P1P3p/2Bn1N2/1P4r1/1K6/1R6 b - - 5 35	d4b5 f4h5 g7g6 h5g3	910	100	endgame fork
CeN7Q	8/8/8/1P2N3/5Kp1/2k5/8/3b4 b - - 0 51	c3d4 b5b6 d4c5 b6b7	1500	85	advancedPawn endgame
Chd4I	8/5p2/6pk/8/5PK1/3r3P/6R1/8 w - - 0 45	h3h4 f7f5	961	97	endgame mate mateIn1 rookEndgame
Chdwm	1r2r1k1/p1q2p2/3bbpnQ/1p5N/2pP4/2P2B1P/PP3PP1/2R2RK1 b - - 0 20	d6f8 h5f6	1081	99	kingsideAttack mate mateIn1
ChpJC	8/5B2/3k4/4p1p1/2P1n1K1/6P1/8/8 w - - 0 45	f7d5 e4f6 g4f5 f6d5 c4c5 d6c5 f5e5 g5g4 e5e4 c5c4	2503	91	defensiveMove endgame quietMove
CikWs	6rk/7p/8/1Qpb4/3b3P/P7/5n1K/4R3 w - - 0 43	e1e8 d4e5 e8e5 g8g2	1984	94	endgame mate mateIn2 sacrifice
CjMad	4r1k1/p4b1p/2p3pB/3r4/P7/2Q3R1/1P2qPP1/2R3K1 b - - 1 29	d5d1 g1h2 e2h5 g3h3 h5e5 c3e5 e8e5 c1d1	2201	94	defensiveMove
CjQAU	8/p7/Pb6/1Pp5/2Pp1Np1/3P4/5K1k/8 w - - 0 60	f4e2 b6c7 b5b6 c7b6	1714	95	endgame quietMove
CkWvj	8/1p2k3/4p3/3p4/P1pP3P/1pP2K2/1P6/8 b - - 0 41	e7f6 f3f4 e6e5 d4e5 f6e6 f4e3	2507	91	defensiveMove endgame pawnEndgame
CkdgG	r1r5/2knp2p/1p3pp1/1Pp5/P1B4P/4Pb2/4KPP1/R2R4 w - - 0 26	e2f3 d7e5 f3e4 e5c4	678	100	endgame fork
ClMIF	3qk3/p3pp2/N1p1p1p1/4R3/r7/8/PPP2P2/2K3Q1 w - - 1 24	e5h5 d8d4 c2c3 d4f4	2477	90	endgame
CoADJ	8/7k/3b2p1/ppN4p/1P5P/P5PK/8/8 w - - 0 43	c5b7 a5b4 a3b4 d6b4	1488	93	endgame
CoMMT	3qk1nr/p2bppbp/1p1p2p1/PB1P4/Q3P3/5r2/P4PPP/R1B2RK1 w k - 0 14	b5d7 d8d7 a4d7 e8d7 a1b1 f3d3	2158	91	
CpC33	2r3k1/7p/3N2p1/1p6/pP6/P2RpP2/2r3PP/6K1 w - - 0 34	d6c8 c2c1 d3d1 c1d1	783	99	endgame fork mate mateIn2
CpKdh	r1bk2B1/pppp2Qp/3b1n2/8/4p2q/3P4/PPn2PPP/RNB2RK1 w - - 0 13	c1g5 h4h2	957	89	kingsideAttack mate mateIn1
CqX33	8/8/8/8/p3K3/8/4k1R1/r7 b - - 0 76	e2d1 g2g1 d1c2 g1a1	929	100	endgame rookEndgame skewer
CrNZv	r2q1rk1/pp4pp/2p5/P1n1pNb1/6Q1/3P3P/1PP2PP1/R1B2RK1 b - - 2 15	g5c1 g4g7	655	100	kingsideAttack mate mateIn1
CrSVQ	8/6p1/7p/p4P2/8/6K1/P1pk4/2R5 w - - 1 45	c1c2 d2c2 g3g4 c2d3 g4h5 d3e4	2332	91	endgame hangingPiece
Cri40	4r2k/5p1p/pp3q2/4p2n/P2Q4/1P3PR1/2P4P/4R2K w - - 1 31	d4d7 h5g3 h1g2 e8d8	2061	92	endgame
Crzwy	2k5/ppp2p1p/5b2/6B1/6P1/1PPb1P1N/r6P/4R1K1 b - - 0 26	f6c3 e1e8 c8d7 e8d8 d7c6 d8d3	1377	89	endgame skewer
CuFmv	r6k/5B1n/6R1/2p1pRP1/2P1P3/2K5/r7/8 w - - 8 41	f7d5 a8a3	985	96	endgame mate mateIn1
Cv8GX	r1bq1b1r/pp4p1/2pk2Qp/3np3/2Bn4/2N5/PP3PPP/R1B2RK1 b - - 3 14	d8f6 c3e4 d6c7 e4f6	1237	95	fork
CyI2z	6k1/p5pp/5p2/4B3/8/P6P/1P4P1/2n3K1 w - - 0 28	e5d4 c1e2 g1f2 e2d4	665	100	endgame fork
CyNna	6k1/5ppp/p3pq2/3p1n2/P2P1Q2/1P3P1P/3NR1PK/3r4 b - - 5 27	f5d4 f4b8 f6d8 b8d8	786	99	backRankMate endgame mate mateIn2
CzoZU	r5k1/3B1p1p/5Qp1/q7/1p6/1P5P/n4PP1/R5K1 b - - 1 27	a5d5 d7c6 d5d8 f6d8 a8d8 a1a2	1823	92	endgame fork
D08iU	r1bq1rk1/ppp3pR/2nb4/3p4/3Np3/2P1P1P1/PPBN1PP1/R2QK3 b Q - 1 13	c6d4 d1h5 d4c2 e1f1 f8f2 f1g1	2539	91	defensiveMove sacrifice
D0Qjf	2k1q3/2p2p2/1pr2r2/p2QPb1p/5P2/P1R3P1/1PP5/2K1R3 b - - 2 41	c6c3 d5a8 c8d7 a8e8 d7e8 e5f6 e8f8 b2c3	2047	94	discoveredAttack endgame
D43Hh	r1b2rk1/pp2qppp/3p4/2p3N1/2BnPQn1/2NP4/PPP3PP/R4RK1 w - - 1 14	g5f7 c8e6 c4e6 e7e6 f4d6 f8f7 d6e6 d4e6 f1f7 g8f7	2190	91	
D4YOD	r2r1k2/1b3pp1/p1n1p2p/6N1/Pp2Pn2/1B6/NPP3PP/3R1RK1 w - - 0 19	g5e6 f4e6 b3e6 d8d1 f1d1 f7e6	1576	87	
D4gXq	5rk1/R4p1p/KP4p1/3qb3/1P6/7P/4B3/5Q2 b - - 3 39	f8a8 f1f7 d5f7 a7a8 g8g7 a8a7 g7f6 a7f7	2550	92	deflection endgame pin sacrifice
D5QOa	2bk1Q1r/q1p3Q1/p1Pb4/1p1P3r/7P/6P1/P7/2R2R1K b - - 0 36	h8f8 f1f8 d6f8 g7f8	1132	97	mate mateIn2
D6G6v	r2r2k1/ppq1ppbp/5np1/2nb4/2PN4/4B1N1/PPQ1BPPP/R4RK1 b - - 0 14	c5e6 c4d5 c7c2 d4c2	1700	88	
D7jgM	8/5ppk/7p/Q7/1p6/7P/5PP1/1q2NK2 w - - 0 36	g2g4 b4b3 a5d5 b3b2	1263	92	advancedPawn endgame
D7kQJ	r5kb/pp3q1p/3p4/2pNn1BN/2P1P3/1P4P1/P5K1/3Q4 b - - 4 26	a8f8 d5e7 f7e7 g5e7	1820	92	kingsideAttack
D89Q4	r7/2p3p1/4pp1p/Pk1p4/2bP2P1/4PP1P/3K4/1R6 b - - 9 28	b5a5 b1a1 a5b5 a1a8	848	97	endgame skewer
D8EFu	3r4/p4ppk/3p1P1p/4n2R/4B3/1P2K2P/r7/3R4 b - - 0 36	g7g6 h5e5 d6e5 d1d8	1557	94	endgame
D9Jan	2b2nk1/1p3ppB/2r5/8/5P1Q/P1p1P3/1P4qP/1K1R3R b - - 0 25	f8h7 d1d8 h7f8 d8f8 g8f8 h4d8	1615	94	attraction mate mateIn3 sacrifice
DAIu9	6k1/3q1pp1/3Pp2p/1r6/1pQ5/7P/6P1/3R3K b - - 3 46	b5b6 c4c7 b6b7 c7b7 d7b7 d6d7	1740	92	advancedPawn endgame sacrifice
DAaZS	2r2rk1/ppb2pp1/b7/2Pp1N2/8/2P1q3/PP1N4/2K3RR b - - 1 24	e3e5 g1g7 e5g7 f5e7	2445	94	kingsideAttack mate mateIn2 sacrifice
DBqXz	r5k1/pb3pp1/1p2pn1p/8/8/P3qP2/1PQ3PP/1B1RN2K b - - 1 25	a8c8 c2c8 b7c8 d1d8 f6e8 d8e8	1335	96	fork mate mateIn3 sacrifice
DCaGp	2r3k1/R4p2/1p4pp/3b4/5q1P/3BrP2/PP3QP1/3R2K1 w - - 1 25	a7d7 e3d3 d1d3 c8c1	1883	97	sacrifice
DDlNo	7k/pp1q3p/3r4/5pB1/3bp2P/5Q2/PP3PPK/3R4 w - - 0 30	f3b3 d4e5 g2g3 d6d1	1024	89	discoveredAttack endgame
DDqPa	7k/6p1/3q2p1/4p3/1r2Q3/4P3/5PPP/2R3K1 w - - 0 42	c1c8 h8h7 e4c2 b4b2 c2c1 b2d2	2547	91	defensiveMove endgame
DEPOk	6k1/5rq1/1p1nQ3/3p2P1/p2Pn3/P1P2R1N/1P4K1/8 b - - 0 35	e4g5 h3g5 g7g5 f3g3 g5g3 g2g3	1620	96	pin
DFxQN	8/8/4k1p1/3p4/3K1P1P/8/8/8 w - - 1 45	d4d3 e6f5 d3e3 f5g4 e3d4 g4f4	2198	93	endgame pawnEndgame
DHW6V	2kr3r/ppp2ppp/2n3q1/3P4/P7/R1P2p1P/2P2PP1/1Q3RK1 w - - 0 16	d5c6 g6g2	685	100	endgame kingsideAttack mate mateIn1
DJfsL	3n3k/p1p3p1/5p1p/2b5/2Q4N/6BP/P4PPK/4q3 b - - 4 32	d8e6 h4f3 e1b4 c4e6	2401	91	endgame
DL2NN	r4rk1/5p1p/2b2Qpb/p3B3/1p2p3/8/P1q1B1P1/R4R1K b - - 1 28	h6g7 f6g7	619	100	kingsideAttack mate mateIn1
DM2Lm	r1bqk2r/4ppbp/p1p3p1/2pnP3/4N3/3P1N2/PPP3PP/R1BQK2R w KQkq - 3 11	e4c5 d8a5 c1d2 a5c5	1186	90	fork
DMht0	6k1/5ppp/p3p3/1p1pPP2/2q4P/2r2P2/P2QK3/3R3R w - - 0 29	e2f2 c3c2 f2g3 c2d2	1342	92	endgame pin
DMnf1	r1bq1rk1/6pp/p3pb2/1p1np2N/1PppN1QP/P3PP2/2P3P1/R3KB1R b KQ - 3 19	d5e3 e4f6 d8f6 h5f6 f8f6 g4e4	1733	94	kingsideAttack pin
DMwJ5	5nk1/4rp1p/3q2pQ/1B6/8/1P5P/5PP1/2R3K1 w - - 2 32	c1c8 e7e1 b5f1 e1f1 g1f1 d6d1	1458	94	attraction endgame mate mateIn3 sacrifice
DMz2y	2bqr1k1/3p1ppp/p2Q1b2/1r2p3/8/1P4P1/P3PPBP/R1BR2K1 w - - 2 19	c1a3 f6e7 d6e7 e8e7 a3e7 d8e7	1567	92	
DOBAd	1br2kr1/p1q2p2/2p5/2Nn1Q2/3P4/P3P1N1/5PK1/R6R w - - 9 30	e3e4 d5e3 f2e3 c7g3 g2f1 g3g2	2503	93	deflection
DOqgH	2r1r1k1/p4pp1/2p3qp/2Rp1b2/3P3B/1PQ2P2/P5PP/2R3K1 w - - 1 24	c5c6 c8c6 c3c6 e8c8 c6c8 f5c8	2010	92	
DOy7s	8/8/8/ppK5/k7/3P4/1P6/8 b - - 1 55	b5b4 c5c4 b4b3 c4c3 a4b5 c3b3	2271	92	endgame pawnEndgame
DPbnY	rn3rk1/ppp3p1/7p/3Np1q1/4n3/4P2P/PPP1BP2/RN1Q1RK1 w - - 1 14	g1h2 f8f2 f1f2 g5g3 h2h1 e4f2	1691	95	attraction fork intermezzo mate mateIn3 sacrifice
DQDme	rn1q1rk1/1b2bppp/p3pn2/1p4B1/3P4/1BN2N2/PP2QPPP/R2R2K1 b - - 4 12	f6d5 b3d5 b7d5 g5e7	2055	92	
DRRsT	3r2k1/2q2p1p/3n2p1/2pB4/5Q2/8/1P3P1P/4R1K1 b - - 2 31	d6b5 f4f6 d8f8 e1e7 c7e7 f6e7	2130	93	endgame
DRUsK	5rk1/1r3pp1/p6Q/8/pP6/5RRP/5PK1/q7 b - - 0 40	b7b4 f3f6 a1f6 h6f6	2244	94	endgame pin
DTEhT	6k1/1b2qp1p/p5p1/1p2p3/4P1QP/1B4R1/P2r1PP1/6K1 b - - 2 31	d2d4 g3f3 d4c4 b3c4	2460	91	endgame
DTzWG	r2r2k1/2qbb1pp/p1n1p3/3B1p2/p7/1P1Q4/PBP2PPP/3RR1K1 b - - 0 21	e6d5 e1e7 c6e7 d3d4 g8f7 d4g7	2542	93	kingsideAttack sacrifice
DU507	8/6p1/4p3/p1R5/5Bp1/6P1/Pk3P1P/3rnBK1 w - - 14 38	f1e2 e1f3 g1g2 d1g1	1013	94	doubleCheck endgame hookMate mate mateIn2
DU6LK	r3r1k1/pp1b1pb1/1q2pNp1/2p3N1/7Q/1P1P3P/1PP2PP1/R4RK1 b - - 6 18	g7f6 h4h7 g8f8 h7f7	936	100	kingsideAttack mate mateIn2
DUoXE	rnbqk1nr/ppp2ppp/3p4/4P3/2B5/2P5/P4PPP/R1BQK1NR b KQkq - 0 7	d6e5 c4f7 e8f7 d1d8	1315	91	deflection
DVJYz	rnbq1kn1/pppp1p1Q/8/8/2BbPpp1/8/PPPP2P1/RNB2KN1 b - - 7 12	d4g1 h7f7	821	100	mate mateIn1
DWEbf	1R4k1/6pp/4p3/p3Pp2/5nP1/Q4N2/P5PK/3r1q2 b - - 1 31	g8f7 a3f8 f7g6 f8e8 g6h6 g4g5	2217	94	endgame mate mateIn3
DWPXv	8/p1p2p2/5P2/2p5/8/2P5/KP6/7k b - - 0 56	c7c6 a2b3 h1g2 b3c4 g2f3 c4c5	1520	94	endgame pawnEndgame
DWl8A	r2q1r2/p4pk1/1p1pb1pp/3Nn1n1/2P1PR2/1N6/PPQ1B1PP/R5K1 w - - 1 19	b3d4 e6d5 e4d5 g5h3 g2h3 d8g5 e2g4 g5f4	2522	91	clearance fork sacrifice
DX9Gr	8/6pk/4p2p/5p2/1p3P2/p3K1P1/1B5P/8 w - - 0 35	b2a1 b4b3 e3d2 b3b2 a1b2 a3b2	1058	100	advancedPawn bishopEndgame endgame trappedPiece
DXQHE	1r3rk1/1bq1bNpp/8/p1p1p3/1p1nP3/P2PQ3/BPP3PP/R2N1RK1 w - - 1 20	f7e5 b4b3 f1f8 b8f8 a2b3 d4b3 c2b3 c7e5	1940	92	defensiveMove
DYoS9	2r3k1/p4p1p/1p2p1pB/3q4/1Prb1Q2/P6P/5PP1/3RR1K1 b - - 1 22	d5f5 d1d4 f5f4 d4f4 c4f4 h6f4	1508	95	
DZFCg	2rR4/2P4r/6p1/4Bp2/4kP1p/1p6/1P3PK1/8 b - - 4 40	h7c7 d8d4	1156	94	endgame mate mateIn1
DaJCf	r4rk1/1p1qnpp1/p2p3p/4b3/3pP1bP/1B1P1NP1/PP3P2/R1BQ2KR b - - 0 21	d6d5 f3e5 g4d1 e5d7	1132	95	hangingPiece
DcUTj	k6r/pp1b3r/8/8/2P1Q3/P4pPq/5P1K/1R2R1N1 w - - 0 37	g1h3 h7h3 h2g1 h3h1	621	100	mate mateIn2
Dcrzf	8/1k6/8/1Np5/2P1b3/1P3nPp/P4K1P/8 b - - 12 37	f3h2 b5d6 b7b6 d6e4	679	100	endgame fork
Dd9YX	6k1/6pb/p1nr4/1p1p1pNP/1Pn5/1R2P1P1/5PK1/7R b - - 11 41	g8h8 g5f7 h8g8 f7d6	745	100	fork
Df11Y	2b2r2/7Q/1bq1k1p1/pp1pPr2/8/P1B5/1PP2PPP/4RR1K b - - 0 27	b6f2 h7g6 e6d7 e5e6 d7c7 g6g7 c7b8 e6e7 f8e8 f1f2	2534	93	advancedPawn
Df7h4	4r1k1/ppbn1p1p/2p2p2/3pN3/1P1P3P/P1N1rP2/2PK2P1/3R3R b - - 4 21	e3c3 e5d7 c3a3 d7f6 g8f8 f6e8	1709	96	fork hangingPiece
DfD9r	4kb1R/5p2/3P2p1/1rp1p1P1/8/3KBP2/8/8 b - - 0 35	b5b7 e3c5 e8d7 h8f8	1411	90	endgame
Dfn17	r3k2r/p4ppp/2pQb3/1q2p3/8/2N1P1P1/PPP2K1P/R1B5 b kq - 6 19	b5c4 b2b3 c4c3 c1a3 c3c2 f2g1	2099	97	clearance defensiveMove quietMove sacrifice
DfoKN	2r1kb1r/1bq2ppp/p4n2/8/2B5/1Q2B3/PPP2PPP/2KRR3 b k - 6 16	c7c4 e3c5 b7e4 b3c4	1918	91	discoveredAttack interference intermezzo pin
DhLrl	1n2r1k1/r4ppb/2pq1n1p/Np2N3/3Pp1P1/1Q5P/PP3PB1/3RR1K1 w - - 0 25	a5c6 b8c6 e5c6 d6c6	980	100	
DhpIM	3rr1k1/1b3pp1/p1p2b1p/8/P1n1PB2/1B5P/1PP2PP1/3RR1K1 w - - 0 20	b3c4 d8d1 e1d1 e8e4 b2b3 e4f4	1255	91	fork
DiRwE	6k1/6p1/2n1q2p/3p4/pppP1Q2/2P3BP/PP4PK/8 w - - 0 29	f4c7 a4a3 c3b4 a3b2	1827	93	advancedPawn endgame
DjgEY	7r/p1k5/2P1p3/5p2/2Pp2r1/P2R1QP1/4RP1q/5K2 w - - 1 36	e2e1 h2h1 f3h1 h8h1 f1g2 h1e1	961	98	endgame skewer
DlYlW	2k3rr/p1p5/1p1b1p2/3bq1Bp/1P5P/P5P1/4BP2/R2Q1RK1 w - - 0 23	g5f4 e5e4 e2f3 e4f3 d1f3 d5f3 f4d6 c7d6	2364	91	
DllGN	3r1k2/2p3pQ/2n2p1p/1pP1p3/1P4P1/2P3BP/q1BN1P2/6K1 w - - 0 33	h7h8 f8f7 h8h7 d8d2 c2g6 f7f8 h7h8 a2g8 h8g8 f8g8	2379	92	defensiveMove
Dm9V4	r7/1b1Q1kq1/p4r2/1p1p4/2pP3R/2P1P3/PP4PP/R5K1 b - - 2 29	f7g8 h4g4 f6g6 g4g6 g7g6 d7b7	1550	93	pin
Dn3pX	1r2nb1k/R1pB4/2Nn3p/2BPp3/4Pp2/5P2/6P1/6K1 b - - 10 36	b8b1 g1h2 d6e4 f3e4 f8c5 a7a8	2438	91	pin
Do13m	5rr1/p1q2p1Q/1bn1kBp1/3pPp1p/1P1p4/3B4/P1P3PP/4RRK1 b - - 1 26	c6b4 d3f5 g6f5 h7f5	1157	97	mate mateIn2 xRayAttack
DoTnh	4rrk1/2p2ppp/1bp5/p2p3q/P3PBn1/1BNR4/1PP1QP2/5RK1 w - - 2 20	d3g3 h5h2	837	97	mate mateIn1
DrWiD	6k1/2p1n1p1/p2b4/1pKP4/8/PP2r3/1BP2p2/5R1R w - - 1 37	c5d4 e7f5	1164	100	endgame mate mateIn1
Ds5ne	1k1r3r/ppp2p2/3q4/n2P2p1/6Q1/2N5/PPPP1PP1/R1B2RK1 w - - 1 18	g2g3 d6h6 g1g2 f7f5 g4f5 h6h2	2167	93	quietMove
DvPUo	r1k4r/pp3Q2/2ppp2p/q1b1p1p1/3nP2P/P2P2B1/1PP2PP1/2KR2NR w - - 3 16	h4g5 c5a3 b2a3 a5c3 f7e6 d4e6	2301	89	sacrifice
Dw5Bh	r2q1rk1/1p1bbppn/2npp2p/p1p5/B1N1P3/2NP2B1/PPP2PPP/R2Q1RK1 b - - 1 13	d6d5 e4d5 e6d5 c3d5	1795	88	
DwTbF	r2r2k1/p1q2ppp/5n2/P3pQ2/1p6/4P3/BB2nPPP/2R1R1K1 w - - 4 24	e1e2 c7c1 b2c1 d8d1 e2e1 d1e1	696	100	backRankMate fork mate mateIn3 sacrifice
DxVLq	2r4r/ppB3Rp/4k3/3Np3/3bP3/8/PP3PPP/n5K1 b - - 2 18	h8f8 g7e7	978	99	hookMate mate mateIn1
DxVr7	2kr1b1r/Qpp2ppp/2bp3q/8/3PP3/5N2/PP3PPP/RN2K2R w KQ - 0 13	d4d5 h6c1 e1e2 c6b5	1637	88	mate mateIn2
DxbC6	r4rk1/ppb2ppp/8/8/4BBn1/2P3Pq/PP3P2/RN1Q1RK1 w - - 1 19	f1e1 h3h2 g1f1 h2f2	1030	99	kingsideAttack mate mateIn2
DyLUP	2k4r/pp6/2p2np1/2q2pQ1/4p3/2N3p1/PPP3BP/4R2K w - - 0 25	h2h3 f6g4 c3e4 g4f2 e4f2 c5f2 e1e2 f2e2	2540	91	exposedKing kingsideAttack pin quietMove
DyPfB	1r4k1/6pp/p1p1P3/5p2/P1P2P2/4QP1q/5R1P/1r3R1K w - - 1 32	h1g1 b1f1 f2f1 b8b2 e3f2 b2f2	1440	94	endgame
DyYPN	7r/1p3pk1/p3p1bp/P3P1q1/B4RPp/5Q2/1P1B1PKP/2r5 b - - 8 28	c1a1 f4f7 g6f7 d2g5	1052	100	discoveredAttack
E0Hcs	r1b3k1/ppp4p/3prqp1/5n2/2P2Q1P/2N2p2/PP3P2/R1BK1B1R w - - 5 18	f4f3 f5e3 f3e3 e6e3 c1e3 f6f3 d1d2 f3h1	1848	93	exposedKing fork
E1dJv	3r1k2/pp5p/2p1Q3/2b1R3/8/1P5P/P1P2P2/2K3r1 w - - 3 24	e5e1 c5a3 c1b1 d8d1 e1d1 g1d1	1648	94	endgame mate mateIn3 xRayAttack
E1vdi	r1b2rk1/2pq4/1pn1ppNQ/p1bnP3/8/2PB4/PP3PPP/RN3RK1 b - - 1 15	f8f7 h6h8	874	100	mate mateIn1
E3Ogq	3b1krr/5p2/1BQp1q1p/3Pp3/Pp2P1n1/6P1/1P3P1N/R3R1K1 w - - 9 29	b6d8 f6f2 g1h1 f2h2	1041	100	kingsideAttack mate mateIn2
E4als	rn1qkbnr/pp2ppp1/2p4p/8/2B1N1b1/5N1P/PPPP1PP1/R1BQK2R b KQkq - 0 6	g4h5 f3e5 d8d4 d1h5	2007	92	discoveredAttack
E4gT9	Q3k3/3n2pp/5r2/8/3P4/2P4P/6PK/2r5 b - - 8 42	e8e7 a8a3 e7f7 a3c1	1516	91	endgame fork
E5YYm	8/7p/ppk5/2pNp3/3n4/8/PPPr1PPP/2R3K1 w - - 5 27	d5e3 d4e2 g1f1 e2c1	839	100	endgame fork
E69YG	r5k1/1p3pPp/1p6/3bP1P1/5K2/P1pr4/1B3R1N/2R5 w - - 0 34	c1c3 a8a4 f4f5 g8g7	2201	92	
E84mZ	r4r1k/ppq1b1pp/n1ppPn2/5B2/2P1p3/1QN3P1/PP2PP1P/R1B1K2R w KQ - 1 13	c3e4 c7a5 e4c3 a5f5	1791	93	fork
E8QZq	r6k/pp4bp/1q4N1/5p2/8/1B2r1Q1/PPP3PP/5R1K b - - 0 28	h7g6 g3h4 g7h6 h4h6	1177	90	mate mateIn2
E8rQN	4r3/ppp3k1/3p4/6Bp/5R1P/P1P2P2/2P1b3/2K5 b - - 0 28	e8f8 g5h6 g7h6 f4f8	1283	89	deflection endgame
E8zzL	rnbqkbnr/pppp3p/5p2/4P3/2B2p1P/5Q2/PPPP2P1/RNB1K2R b KQkq - 0 7	f8h6 f3h5 e8e7 h5f7	931	97	mate mateIn2
E95Su	3q1rk1/p2b1p2/2p2n1Q/3pp3/3P3P/2bB2R1/PrP2PP1/R2K4 b - - 1 18	d7g4 g3g4 f6g4 h6h7	1484	94	kingsideAttack mate mateIn2 sacrifice
E9VKf	6rr/pp6/2p2p2/4k3/P3PN1p/3PKR2/1PP3P1/8 b - - 6 29	g8g3 f3g3 h4g3 f4g6 e5e6 g6h8	1703	93	endgame fork
EA2rz	3r3k/2p1b2p/P7/4Pp2/2Q5/1PqN4/2P5/1K2R3 b - - 2 42	d8d3 c4c3 d3c3 a6a7	1953	96	advancedPawn endgame
EB1Gv	r6k/2p3pp/1b4n1/pq1r4/1P2Q3/2P3B1/P5PP/R4R1K b - - 2 31	a5b4 c3c4 a8e8 e4d5 b5d5 c4d5	1667	94	fork
EBcuX	2kN1b2/ppp1p1p1/2n2r2/2R4p/3P3q/1P2P2P/P2B1nP1/3Q1RK1 w - - 0 19	d1h5 f2h3 g1h2 h4h5 c5h5 f6f1	1514	93	intermezzo kingsideAttack
EDGPD	rnb2rk1/1pp2ppp/p2b4/3NNq2/3P4/8/PP2PPPP/R2QKB1R b KQ - 2 10	d6e5 d5e7 g8h8 e7f5	870	99	fork
EDr5N	8/5p1k/6p1/4Q2p/P2Bp2K/3r2PP/8/4q3 b - - 0 39	f7f6 e5c7 h7h6 d4f6	2532	92	discoveredAttack endgame
EDwzK	8/8/4n3/4k1PK/8/5P2/6P1/8 b - - 0 52	e5f4 g5g6 f4g3 h5h6 g3g2 f3f4 e6f4 g6g7 g2f3 g7g8q	1991	87	advancedPawn endgame knightEndgame promotion quietMove sacrifice
EEX2S	b2r2k1/2R2pp1/p2Np2p/3pn3/5P2/1B6/PP4PP/6K1 b - - 0 28	d8d6 c7c8 g8h7 f4e5	1918	92	endgame fork
EEgBr	r4r2/pp4bk/3pQ1pp/6q1/2P1P3/2N5/PP3PP1/1K1R3R b - - 4 21	g5g2 h1g1 f8f6 e6f6 g2g1 f6g7 h7g7 d1g1	2564	91	
EEmKH	r4rk1/pp3pp1/4bq1p/2Ppb3/3N2n1/P1N1P3/1PB2PPP/R2Q1RK1 w - - 0 17	d4e6 e5h2 g1h1 f6h4 d1g4 h4g4	1851	91	kingsideAttack
EEvNH	2r5/p3q1k1/1pn1p3/3pP3/3P1Qpr/1PR2pP1/P4P2/2R3K1 b - - 1 28	c8h8 g3h4 e7h4 f4f6 h4f6 e5f6 g7f6 c3c6	2280	94	exposedKing
EGlgp	1r4k1/2Q2pp1/3p3p/4p3/3pP1P1/P2q3P/1P3P2/1K3R2 w - - 2 29	b1a2 d3b3 a2a1 b3b2	1061	100	endgame mate mateIn2
EHSry	8/5ppp/R1P1nk2/3Q4/8/6P1/1q4KP/8 w - - 0 35	g2h3 e6g5 d5g5 f6g5	1079	89	endgame
EHxzB	r2q1rk1/pp3p1p/3bb1p1/3p4/2pP4/2P2Q2/PPB2PPP/R1B2RK1 w - - 2 16	c1h6 d8h4 g2g3 h4h6	1788	91	
EIoXG	2kr4/p1p1bp2/2pp3p/4p2p/3PP1n1/1P1Q1N1q/P1P2P1N/R4RK1 w - - 3 16	f3e5 h3h2	927	91	kingsideAttack mate mateIn1
EIzU6	4Q3/ppkn4/6n1/2p2q1p/1PPbN1p1/8/P4PPP/3R2K1 b - - 0 26	d7e5 e4c5 f5f2 g1h1 g6f4 e8e7	2217	87	
EJpQg	4r2k/6p1/3Q1nBp/4r3/3p4/1Pb3P1/P4PKP/8 b - - 0 32	e8e6 d6f8 f6g8 g6f7 e6e8 f7e8	1467	98	endgame
ENcQH	8/8/pk5P/1p6/6P1/4N3/3p1PK1/2r5 b - - 1 45	b5b4 h6h7 c1c8 g4g5 b4b3 e3d1	2391	93	advancedPawn defensiveMove endgame quietMove
EPvPE	8/6p1/7k/p1K2Bp1/1p6/1P5P/5n2/8 b - - 5 55	f2h3 f5h3 a5a4 b3a4	789	100	endgame hangingPiece
ER9qS	6rk/p5p1/4Q3/3PB2q/8/2P4P/PP4P1/6K1 w - - 1 32	c3c4 g8e8 e5g7 h8g7	1749	95	endgame
ERoPk	r4rk1/pb2qppp/2p2n2/3pN1B1/Q2P4/2P5/P4PPP/R3K2R w KQ - 5 14	g5f6 g7f6 e1g1 f6e5	1665	93	
ESd4c	4k3/1br2q2/p4b2/1p3Q1p/1N2P3/P7/1PP4P/1K1R4 b - - 6 27	c7e7 b4d5 f6e5 d5e7 f7f5 e7f5	2469	92	
EUJva	3r2k1/p1Q2pp1/5n1p/2p5/2P5/6B1/PP1q1PPP/R5K1 w - - 5 25	c7c5 d2d1 a1d1 d8d1	643	100	backRankMate endgame mate mateIn2 sacrifice
EUxng	3rr1k1/1p3pp1/p2b1q1p/8/4PP2/P2p4/1PP1Q1PP/R3RBK1 w - - 0 19	c2d3 d6c5 g1h1 f6d4 e2e3 d4e3 e1e3 c5e3	2473	94	kingsideAttack
EWcbf	r2qr1k1/pppn1ppp/6b1/2b1p3/4N1PN/7P/PPP2PB1/R1B1QRK1 b - - 0 13	d8h4 c1g5 h4g5 e4g5	1266	93	trappedPiece
EZBbu	2bqr1k1/1ppp1ppp/7r/p1b5/2P1NP1n/PP1BP3/1B3P2/R2QK2R b KQ - 3 16	h4g2 e1d2 c5e3 f2e3	2093	94	defensiveMove
EZvd1	3r1k2/p4p1p/1p6/1b6/2pP4/2B3R1/PP1K1P1P/8 b - - 0 29	b5d7 c3b4 f8e8 g3g8	1561	96	endgame mate mateIn2
EaxfS	8/8/4k1p1/6P1/4K3/8/8/8 b - - 2 65	e6f7 e4d5 f7e7 d5e5	1879	87	defensiveMove endgame pawnEndgame zugzwang
Eb0r0	3n4/1p3pk1/1p2b2p/5P2/6B1/2P3Pp/1P3P1P/6K1 b - - 0 27	e6d7 f5f6 g7f6 g4d7	739	98	discoveredAttack endgame
EbOji	3rr3/1p5Q/2p1pk2/p3R3/3P2P1/2PB4/5P1K/3q4 b - - 2 34	e8h8 g4g5	1269	92	endgame mate mateIn1
Ebh1i	r1b2r1k/ppp3pp/6p1/3Q4/4N3/4PnP1/PqP2PK1/R6R b - - 2 20	b2c2 h1h7 h8h7 a1h1 c8h3 h1h3 f3h4 h3h4	1630	95	attraction kingsideAttack mate mateIn4 sacrifice
EbuvB	8/6R1/7p/R7/5P1k/1P2PK2/P7/3q4 w - - 7 54	f3f2 d1d2 f2f3 d2a5	1143	96	endgame fork queenRookEndgame
EcAw4	2kr3r/pp1n1p2/2pq1n1p/8/2Bp3P/4BQ2/PPP2PP1/R3K2R w KQ - 0 18	e3f4 d6b4 e1f1 b4c4	1329	93	fork
EcIkJ	2r3k1/1p3pp1/p3Rnp1/8/1P6/1BpN1P2/1P4PP/6K1 b - - 0 26	f7e6 b3e6 g8f8 e6c8 c3b2 d3b2	880	99	endgame fork
EcssZ	r3k1nr/pp3pbp/2pQ4/6q1/B7/2N1Pn1P/PPP2P2/R4R1K b kq - 1 15	g7e5 a4c6 b7c6 d6c6	1118	98	
EdfLv	8/8/p7/1p1k2p1/1P1p1P1P/P2K3P/8/8 b - - 0 40	g5f4 h4h5 f4f3 h5h6	958	97	endgame pawnEndgame quietMove
EhDwV	8/6p1/1k2pp1p/p2pPP2/K2P2PP/8/8/8 b - - 0 45	e6f5 e5e6 b6c6 g4f5 h6h5 a4a5	2146	92	endgame intermezzo pawnEndgame
EhamY	r1b2k2/pp3rp1/5R1p/7Q/3p4/P5P1/1Pq2PK1/4R3 b - - 0 29	g7f6 h5h6 f7g7 h6h8 g7g8 h8f6	2268	94	endgame exposedKing mate mateIn3
EhpXg	r2q1rk1/p2nbppp/bpp1pn2/4P3/3P4/1PN2NP1/2QB1PBP/R4RK1 b - - 0 13	f6d5 c3d5 c6d5 a1a6	2044	90	
EiaDa	8/1R6/4k1P1/7P/p5K1/1r6/1p6/8 w - - 3 43	b7b3 a4b3 g6g7 e6f7	2068	93	endgame
EioDO	8/p3Q3/6p1/1P3k1p/4p3/4qP1P/6K1/8 w - - 6 57	f3e4 e3e4 e7e4 f5e4 b5b6 a7b6	929	100	endgame queenEndgame
EjKQT	2k2r1r/2nn3p/p2p4/1Pp1p3/2Q1P2q/1BPPB2P/1P4P1/R4RK1 b - - 2 23	f8f1 a1f1 a6b5 c4f7	1592	97	
EkXKI	3rk3/1R3pp1/5rp1/p1PpK3/R2P2P1/5P1P/8/8 w - - 3 39	a4a5 f6f3 a5a6 f7f6	2160	95	endgame rookEndgame
EkaWM	r2qk2r/ppp2ppp/5n2/5QB1/1b2P3/2P5/Pn2KPPP/RN3B1R w kq - 0 12	c3b4 d8d3 e2e1 d3d1	1215	94	mate mateIn2
EmeS9	r1bqkb1r/1pppnppp/p4N2/4pn2/2P1N3/P3P3/1P1PBPPP/R1BQ1RK1 b kq - 13 11	g7f6 e4f6	772	100	mate mateIn1 smotheredMate
EpHTl	r2r1k2/p4ppQ/1p2p3/8/3q4/6P1/PP3PP1/2R2RK1 b - - 3 21	a8c8 c1c8 d8c8 h7h8 f8e7 h8c8	1458	100	endgame skewer
EqdCr	rk2R1nr/1p6/pb1q1p1p/2p3p1/Q7/P1N5/5PPP/R1B3K1 b - - 1 26	b8a7 c3b5	1084	100	mate mateIn1 pin
Er8PZ	2Q5/1p4kp/1p4p1/3pP3/1P1P1P2/r3q3/6KP/5R2 w - - 2 30	c8b7 g7h6 b7d5 e3e2 g2g1 a3a2 d5a2 e2a2	2304	93	defensiveMove endgame quietMove
ErNBV	2r1r1k1/pppQ2pp/3p1pb1/3P4/3p1q2/PB1P1P2/1PP2KPP/3RR3 b - - 3 23	g6f5 e1e8 c8e8 d7e8	923	99	kingsideAttack mate mateIn2
Esgzs	r3k2r/ppq1b1p1/4p1p1/2npPp2/3B4/2P5/PPQN1PPP/4RRK1 w kq f6 0 18	e5f6 c7h2	688	99	kingsideAttack mate mateIn1
EufRh	3r2k1/p2n1pp1/1p1q4/6P1/3p4/1P3Q2/P2B1P2/4R1K1 b - - 0 29	d7e5 f3g3 d8e8 f2f4	2373	95	endgame
EugXt	2k2r2/1rp1qp1p/2Q5/2B5/8/8/PPP2PPP/2KRb3 b - - 1 21	e7e5 c6d7 c8b8 d7d8 f8d8 d1d8	1853	97	mate mateIn3 queensideAttack sacrifice
Ew13X	8/5k2/R7/3N3p/2pP2nP/p5P1/r7/3K4 w - - 0 51	d5b4 g4f2 d1e1 f2d3 b4d3 c4d3	2564	92	endgame exposedKing
EwhMY	rnbqkbnr/p4ppp/1p1pp3/7Q/2B5/8/PPPP1PPP/RNB1K1NR b KQkq - 1 5	c8a6 c4a6 b8a6 h5b5 d8d7 b5a6	1947	93	fork
ExFHs	5r1r/1Qpkq2p/4p1p1/8/5b1P/2PB4/PP1N4/2K4R b - - 0 23	f8b8 d3b5 d7d6 b7c6 d6e5 c6e4 e5f6 e4f4	1860	91	deflection
EyGzw	8/8/8/8/1Pkbp1p1/8/2K3P1/4B3 w - - 12 51	e1d2 d4f2 d2g5 e4e3 b4b5 e3e2	2450	91	advancedPawn bishopEndgame endgame quietMove
Eyguu	8/8/3kp3/5p2/5P1P/5K2/8/8 b - - 0 44	d6e7 f3e3 e7f7 e3d4 f7f6 h4h5	2139	94	defensiveMove endgame pawnEndgame zugzwang
EzrxH	r3k2r/ppp2pp1/8/2bNP3/3nPB1q/5B2/PPP2P2/R2Q1RK1 w kq - 0 16	f4g3 d4e2 d1e2 h4g3 f3g2 g3h2	2276	100	kingsideAttack mate mateIn3 pin
F08iF	2r3k1/R4pp1/1p5p/4p3/4Pn2/P1B2P2/1P3K1P/8 w - - 3 28	c3e5 f4d3 f2e3 d3e5	1194	86	endgame fork
F23Ej	rnb2rk1/ppp2ppp/8/3n4/4P3/q4N2/P2B1PPP/1R1QKB1R b K - 0 12	d5c3 b1b3 c3d1 b3a3 d1f2 e1f2	1950	89	
F25Z5	r2qrbk1/3n1pp1/b3p2p/p2pP2P/1p1p1BN1/3PQ1P1/PPP2PB1/R3R1K1 w - - 0 19	e3d4 f8c5 d4c5 d7c5	951	95	trappedPiece
F31os	r7/2Pn1p2/3Pp3/2B2p1k/5r1P/1P6/2RR2KP/8 w - - 0 51	c5e3 a8g8 g2h1 f4f1 e3g1 f1g1	1757	90	endgame mate mateIn3
F5HMU	5r1k/pp2bp1P/2p1p2B/8/8/1qP5/1P3P2/1QK4R w - - 2 31	h6f8 e7g5 f2f4 g5f4	908	99	endgame mate mateIn2
F5r0b	8/8/4p3/4P3/5Pkp/r7/4KR1P/8 w - - 8 47	f4f5 a3a2 e2e3 a2f2 e3f2 g4f5	1558	91	endgame rookEndgame
F726A	2r3k1/pp2b1pp/8/3r4/Q1pq4/6B1/P4PPP/R3R1K1 b - - 1 23	e7c5 a1d1 d4d1 e1d1 b7b5 a4c2	2265	90	
F7DoQ	4r1k1/1p3pb1/2p3p1/p1n5/P6Q/1PBr4/4N1K1/4R3 b - - 0 35	g7c3 e2c3 e8e1 h4e1	1967	93	
F8ifW	8/p2k1rpp/1p5P/3p2K1/PP1B4/2P5/8/8 b - - 0 36	a7a5 h6g7 f7g7 d4g7 b6b5 b4a5 b5a4 g7f8	2412	91	advancedPawn defensiveMove endgame
F93cG	rn1q2rk/1bpp3p/4pp2/2bn4/1pB4B/5N2/PQ1N1PPP/R4RK1 b - - 5 17	d7d6 c4d5 b7d5 h4f6 d8f6 b2f6	1651	94	fork
F9NfM	5rk1/5p2/p5R1/1qp1P1Q1/p1r5/Pn6/2B4P/1K4R1 b - - 0 32	f7g6 g5g6 g8h8 g6h7	780	100	mate mateIn2
FA5k7	rn1b1rk1/pp3ppp/8/6Bb/4p3/2P2N1P/PP2BPP1/R4RK1 w - - 0 14	g5d8 e4f3 e2d1 f8d8 g2g4 h5g6	1728	93	defensiveMove intermezzo
FAY3I	2rq4/1b1n1k2/p3p1BQ/1pppP2n/3P2p1/2P5/PP3P2/R3K3 b Q - 0 22	f7e7 h6h7 h5g7 h7g7	1377	96	fork mate mateIn2
FAqIl	6r1/pp2kp2/4pn1p/q2p4/3P4/3BPQ2/PPP2P2/1K4R1 w - - 0 24	g1g8 a5e1 f3d1 e1d1	985	95	endgame mate mateIn2 queensideAttack
FB0ON	1r6/6pp/p2b2k1/8/3BnnP1/7P/PPP2P2/2KR3R w - - 1 22	f2f3 f4e2 c1b1 e4c3 d4c3 e2c3	2143	94	pin queensideAttack
FBTUN	r2k4/1pp1p2p/3pP3/p2P1q2/1nr5/2N2N2/PP2Q1P1/2KR4 w - - 0 24	e2c4 f5c2	1018	98	mate mateIn1
FBxkH	5bk1/5ppb/p1P4p/1p1np2P/4p3/P3B1N1/4BPP1/6K1 b - - 0 27	d5e3 c6c7 h7f5 g3f5 e3f5 c7c8q	1598	94	advancedPawn endgame pin promotion
FCXPR	2n1r1k1/pp5p/2p3pq/3prB2/8/1N4Q1/PPP2PRP/1K4R1 w - - 0 27	b3d4 e5e1 g1e1 e8e1	643	100	backRankMate mate mateIn2
FD802	1r1r3k/5p1p/6q1/P2p1N2/1p2nP2/3QP3/1P4P1/R1R3K1 w - - 1 31	d3d4 f7f6 f5e7 g6g3	2136	90	defensiveMove
FD8UL	2k5/1bp3b1/pn1ppq2/1p5P/3P2P1/2NB4/PPPQ4/2KR4 w - - 2 25	c3e2 g7h6 d2h6 f6h6	1536	91	pin
FFA10	8/8/1Pn1k2R/2P1p3/4bp2/8/5K2/8 b - - 10 55	e6d5 b6b7 d5c5 h6c6 c5c6 b7b8q	1453	94	advancedPawn endgame promotion
FFrnh	2k5/2p3p1/4p2p/1bq1Pp2/2P5/3Q1P2/P5PP/7K w - - 0 28	c4b5 c5c1 d3d1 c1d1	640	100	backRankMate endgame mate mateIn2 queenEndgame
FGKT9	r4r1k/2p2pp1/pb1p1q1p/1pnP4/8/P5Q1/1PBB1PPP/R3R1K1 b - - 2 20	f6b2 d2c3 b2c3 g3c3	1455	93	
FGekN	6qk/7p/3p4/2p1b2Q/8/1P3Pr1/1P3K2/1R1R4 w - - 2 43	d1h1 e5d4 f2e1 g3g1 h1g1 g8g1	2160	91	endgame
FHYZq	3r2k1/p4p2/1p5p/4Pqp1/2Pp1P2/1P6/P4QPP/3R2K1 w - - 0 28	d1d4 f5b1 f2f1 b1f1 g1f1 d8d4	1062	100	endgame
FI5NM	2kr3r/pp1n1pp1/2p1p1bp/q2N4/1b4P1/3P1NBP/PPPQBP2/1K2R2R b - - 0 17	b4d2 d5e7	904	100	mate mateIn1
FJNnQ	r1bqr1k1/pp3ppp/2p2n2/4n3/2PN4/3B2N1/PP1Q1PPP/R3R1K1 w - - 1 14	d2c3 e5d3 e1e8 f6e8 c3d3 c6c5	2107	94	
FL7Xs	6k1/3q2pp/1Q2p3/3p4/8/1P6/P1r3PP/5R1K b - - 0 24	d7c6 b6d8 c6e8 d8e8	1191	99	endgame mate mateIn2
FMKez	3r1kr1/5p2/pqpp3p/1p2p2P/4PnPR/1BPPb1N1/PPQ3P1/R3K3 w Q - 5 23	g3f5 e3f2 e1f1 f2h4	1802	92	fork
FNxHQ	r1b2rk1/p4pp1/1p1ppq1p/3n4/3P4/P3PN2/1PQ2PPP/RB3RK1 b - - 1 14	c8b7 c2h7	625	100	mate mateIn1
FPdkZ	4r2r/Q4nkp/4bpp1/P7/3Nq3/1PP5/K3R1R1/8 b - - 2 44	e4d5 c3c4 e8a8 c4d5 a8a7 d4e6	2464	92	
FQcuA	2k2b1r/ppp3pp/2n2p2/5n2/3qQ3/1BN5/PPPP2PP/R1B4K b - - 0 14	d4f2 e4e8 c6d8 b3e6 c8b8 e8d8	1834	93	deflection mate mateIn3 queensideAttack
FQxNE	r4rk1/1pq5/p1b1pbR1/5p1Q/4n3/3B4/P1P2PPP/R5K1 b - - 3 25	g8f7 h5h7 f7e8 h7c7	995	96	skewer
FR0y4	r7/5k2/3p1P1R/1r2p3/4P3/1p3P2/3R4/1K6 w - - 0 38	d2d6 b3b2 d6d7 f7e6 d7e7 e6d6 f6f7 d6e7 f7f8q a8f8	2292	92	advancedPawn defensiveMove endgame rookEndgame
FU2gx	1RQnk3/4r3/8/q2pPpP1/7p/8/1P5P/1K6 b - - 7 53	e7e5 c8c6 e8e7 c6f6 e7d7 f6e5	1668	95	endgame exposedKing fork pin
FU3eP	r2q2k1/3n2r1/p3ppQN/1ppp2p1/3P4/2P5/PP3P1P/2R3RK b - - 7 27	g8h8 h6f7 g7f7 g6f7 d8e8 f7e8	1442	93	fork
FV07h	3rr1k1/pp3ppp/1q6/5b2/1P3Pn1/2N2NP1/1PPBP1BP/2RQK1bR w K - 1 15	h1g1 b6f2	1285	97	mate mateIn1
FWubw	2r2rk1/1p1b1p1p/p3qB1p/3pPp2/3P4/5Q2/PP4PP/R6K b - - 1 27	f8d8 f3g3 g8f8 g3g7 f8e8 g7g8	1137	100	kingsideAttack mate mateIn3
FY5Gj	8/3R4/1P2pk2/2Np4/2nP4/4P3/P1P2r2/2K5 w - - 1 41	b6b7 f2f1	704	100	endgame mate mateIn1
FYIvn	5rk1/2q4p/b1p1p1p1/p2pNr2/3Pp3/2P3RR/PPQ2PP1/6K1 b - - 9 23	c6c5 e5g6 h7g6 g3g6 g8f7 h3h7 f7g6 h7c7	1709	95	kingsideAttack skewer
FZVL8	r5k1/1p3p2/2ppbPp1/6P1/2P1PpP1/3PbK1Q/3q2R1/5B2 b - - 1 26	d2c1 g2h2 c1d1 f1e2 e6g4 f3g4 d1g1 h2g2 g1g2 h3g2	2544	95	defensiveMove quietMove
FaOfN	r1br2k1/p4pbp/5np1/6B1/8/5P2/PQP3PP/2K2B1R w - - 0 17	g5f6 g7h6 c1b1 d8d1	1328	95	
FazPY	7r/4kpp1/R3b3/2p5/2P4p/2P2B2/P3Q1PP/2q3K1 w - - 1 27	e2f1 c1f1 g1f1 e6c4 f3e2 c4a6	1619	95	attraction endgame fork
FbJzq	r5k1/pbpq1pbp/1p1r1np1/8/2B5/1QB1P1N1/PP3PPP/3R1RK1 b - - 7 18	b7d5 c4d5 f6d5 c3g7 g8g7 g3e4 d5f6 e4d6	2537	91	
FbLZ1	r3r1k1/1pp5/2n3p1/p2p3B/3PbP1q/2P4P/PP6/RNBQ1RK1 w - - 1 19	h5g4 h4g3	947	97	mate mateIn1
Fbaep	r3Q3/pppb3p/2kp4/2bNp3/4P3/7N/PqPP2PP/2RK3R w - - 3 15	e8a8 d7g4 d1e1 b2c1	990	97	deflection mate mateIn2
FcocP	3r3r/pk6/1p1P1p2/4np2/3Q4/6p1/PP3PKP/4R3 w - - 0 31	h2g3 h8h2 g2f1 h2h1	1828	88	endgame
FeN2e	r2q1rk1/1p2bppp/p1np1nb1/4p3/P1B1P1PN/2N4P/1PP2P2/R1BQR1K1 b - - 2 13	f6e4 h4g6 e4c3 g6e7 c6e7 b2c3	1611	88	kingsideAttack pin
Ff978	6r1/1p4rk/p2p3b/2pP3q/P1P1Ppn1/1P3Q2/2R3BP/5NBK b - - 10 38	g4f2 g1f2 h5f3 g2f3	2149	90	hangingPiece
FjviI	4r1k1/1q3p1p/p5p1/8/8/P1Q4P/1P1R1RP1/4r1K1 w - - 3 30	g1h2 b7b8 c3g3 e1h1 h2h1 b8g3	1359	97	deflection endgame
FjwQD	r1bqk2r/3pnppp/ppp5/4P3/2P1B3/2P1P3/P4PPP/R1BQK2R w KQkq - 0 11	d1g4 d7d5 g4g7 h8g8 g7g8 e7g8	1667	94	
FkOKA	r3k2r/1p3ppp/p3p2n/1bqpP3/1b6/1P1Q4/P1NNBPPP/R1B2K1R w kq - 4 14	d3d4 c5c2 e2b5 a6b5	2464	92	hangingPiece
Fkrdd	3r1rk1/2q1p1bp/7P/p3p3/2p4P/2Nb1NQ1/PP1R4/4K2R b K - 0 21	f8f3 g3g7	1005	97	kingsideAttack mate mateIn1
FlMVe	4r1k1/pp4pp/2p3q1/5b2/3R4/B7/PPPQ1PPP/6K1 w - - 0 22	c2c3 f5h3 f2f3 e8e1 g1f2 g6g2 f2e1 g2f1	2178	93	endgame mate mateIn4 pin sacrifice
FlZQM	4Rr1k/6pp/1pQ2p2/6q1/8/7P/PP3P2/7K b - - 6 31	f8g8 e8g8 h8g8 c6e8	1166	100	attraction endgame mate mateIn2
Fm1jp	1r6/5p2/6p1/K1k1P1P1/1p3RP1/1P6/8/8 w - - 0 55	f4f7 b8a8 f7a7 a8a7	1084	100	endgame mate mateIn2 rookEndgame
FmCVp	1q3rk1/1b1p1ppp/1p2pn2/p1b5/2B1P3/2NQ1P2/PPP3PP/2KR3R w - - 0 14	c3b5 d7d5 e4d5 e6d5 c4b3 a5a4 b3a4 b8f4 c1b1 f4a4	2372	92	fork
FmLuB	6rk/5p1p/p2pbPp1/1q2n1Q1/1p2P3/3PN2P/PP2n1B1/R4R1K w - - 3 29	a1d1 e5f3 g5f4 e2f4	2054	91	
Fn88t	8/8/p6k/1p3qp1/1Np1b3/2P1Q2P/PP3P1P/6K1 w - - 2 39	b4a6 e4f3 e3f3 f5f3	2317	97	endgame quietMove
Fq2ig	2r3k1/pq3ppp/4pN2/1p2P1NP/2n2n2/b5P1/5P2/1Q1R2K1 b - - 1 27	g7f6 b1h7 g8f8 h7h8 f8e7 e5f6	2315	93	kingsideAttack mate mateIn3
Fq8hs	8/5pkp/6p1/p3p3/3n4/1PR4P/5PPK/8 w - - 2 38	h2g1 d4e2 g1h1 e2c3	697	100	endgame fork
FqMAg	r4rk1/1p2qppp/p2bb3/n1pQ4/3P1P2/P2BPN2/1P4PP/R1B2RK1 w - - 1 15	d5e4 f7f5 e4e6 e7e6	1784	96	trappedPiece
FsJvf	4R3/7p/B2p1kp1/5p2/1N3K2/1Pr3P1/Pn5P/8 w - - 3 43	e8e2 g6g5	1431	94	endgame mate mateIn1
Ftfy3	6k1/pp4pp/6n1/2N1p3/3p2p1/1P4Q1/r5bP/4R2K w - - 0 30	h1g1 g6f4 g3g4 f4h3 g4h3 g2h3	1822	92	endgame quietMove
Fth5E	5r1k/pQp3pp/8/4q3/2B1N3/8/Pb4PP/R6K w - - 0 23	b7b4 c7c5 b4c5 e5c5 e4c5 b2a1	2245	87	
FuE26	r5k1/5p2/4p1pB/1qp5/1P1rR3/6P1/1Q3PP1/6K1 b - - 3 28	a8a4 e4d4 c5d4 b2d4 f7f6 d4f6	1588	92	endgame
FuZV0	8/8/p7/1p6/1P4kp/P4R2/r4PK1/8 w - - 4 43	f3h3 a2f2 g2f2 g4h3 f2f3 h3h2	994	91	deflection endgame rookEndgame
FuoxS	1k5r/p1NR3p/2Q1pq2/b1P5/2r5/4PKP1/P4PP1/7R w - - 3 30	f3e2 f6b2 e2f3 h8f8 d7f7 f8f7	2290	91	mate mateIn3
FvaCX	6k1/ppp3pp/8/3p1n2/3Pb3/2P1B3/PP3QP1/RN1q2K1 w - - 8 27	f2f1 d1f1 g1f1 f5e3 f1f2 e3c2 b1d2 c2a1	1856	93	attraction kingsideAttack trappedPiece
FwE5X	r2q1k1r/bpp3p1/p1n2n1p/4P1B1/Q7/2P2R2/PP4PP/RN5K w - - 2 18	e5f6 h6g5 a4a3 d8d6 a3d6 c7d6 f6g7 f8g7	2033	90	hangingPiece
FyV2z	8/8/3k3P/4p3/p4pB1/2b2P2/5PK1/8 w - - 0 52	h6h7 e5e4 g4h5 d6e7 f3e4 a4a3	1947	95	bishopEndgame endgame
G1Suj	8/8/1p1k2K1/p2P4/P3n3/1P6/4B3/8 w - - 1 53	g6f5 e4g3 f5f4 g3e2	763	100	endgame fork
G1TMn	8/8/4p3/3p4/2pP4/2P1k3/1KP5/8 w - - 3 54	b2c1 e3e2 c1b1 e2d1 b1b2 d1d2	1913	96	endgame pawnEndgame zugzwang
G1YCu	6k1/p1r2p1p/1p4p1/1b2p1q1/3B1n2/P1P2P2/1PQ3PP/1B2R2K w - - 0 27	d4e5 c7e7 c2d2 e7e5 e1e5 g5e5	1986	98	
G2hoh	1Q1N4/6p1/6kp/4p3/1pb1n3/8/1P1q1PPP/R5K1 w - - 9 32	b8e5 d2f2 g1h1 f2e3	2186	90	defensiveMove endgame
G2uPC	r1bq1rk1/pp4p1/n1p2b1B/3n1p1Q/2B5/2NP3R/PPP3PP/R5K1 b - - 2 17	f5f4 c3d5 c6d5 c4d5 d8d5 h5d5	1959	93	kingsideAttack
G3x6Z	2r3k1/3q2pp/R7/3p4/3Qp3/7P/PP3PP1/6K1 w - - 1 29	a6a5 c8c1 g1h2 d7c7 g2g3 c7a5	1578	100	endgame fork
G5EQV	r3r1k1/1pq2ppp/p7/5b2/3PN3/1Q6/1P3PPP/1RB1R1K1 w - - 1 21	b3f3 f5e4 e1e4 c7c2	2470	95	fork
G5tJG	4r3/6k1/6p1/P7/3Q4/1K2p3/1P3r2/8 b - - 4 64	g7h7 d4d7 h7h6 d7e8	1631	95	endgame fork queenRookEndgame
G6qSm	r3nrk1/p1p2p1p/3p2pQ/3Pp1P1/qpn1P2P/5B2/PPP1NP2/2KR3R w - - 2 18	b2b3 a4a3 c1b1 a3b2	1084	98	mate mateIn2 queensideAttack
G7OSI	8/1p6/p2k1pp1/4p2p/1PK1PP2/6P1/P6P/8 w - - 0 34	a2a4 e5f4 g3f4 g6g5 e4e5 d6e6 f4g5 f6g5	2465	92	endgame pawnEndgame
G7a8Q	r1br4/p3k1p1/7p/2pqP3/2pnB2P/2Q5/PP4P1/2KRR3 b - - 5 22	d5f7 e4a8 f7f4 c3e3	2344	92	hangingPiece
G8EPL	8/6kp/P5p1/2pBp3/2bbP2P/8/1Pp2rP1/2K4R w - - 0 36	d5c4 d4e3	1072	96	endgame mate mateIn1
G9yYn	8/3k4/4p3/4Pp1p/2NK1Pp1/1b4P1/7P/8 b - - 14 63	d7c6 c4a5 c6d7 a5b3	685	100	endgame fork
GAEjY	3r2k1/5pbp/6p1/2B3P1/1PK1Q3/8/2P1R3/5q2 b - - 2 34	f1a1 e4e8 d8e8 e2e8 g7f8 e8f8 g8g7 c5d4 a1d4 c4d4	1109	100	endgame fork sacrifice
GAWVj	3q1rn1/2p2ppk/p2pr2p/1p2pN2/4P3/2PPPR1Q/PP4PP/5RK1 b - - 8 22	g7g6 f5h6 g8h6 f3f7 f8f7 f1f7	1693	93	discoveredAttack pin
GAaqQ	7r/6k1/8/p2N1pp1/P1B5/1P2KP2/7P/8 w - - 2 42	d5e7 h8e8 e3d4 e8e7	1262	93	endgame
GBW4N	k7/p7/4p3/3p4/2pP2P1/1rP1PP2/QP6/R3K2q w - - 7 48	e1f2 b3b2 a2b2 h1h2	1970	88	endgame sacrifice
GBqAG	3rk2Q/7n/bq2p2r/3p1pp1/8/5Np1/PP3PP1/1R2R1K1 b - - 1 25	e8f7 f3e5 f7e7 h8g7 e7d6 e5f7	2214	92	fork
GC5Nv	3Qb1k1/1p3ppp/r1pP4/8/5n2/N1P5/PP1Rq1PP/5RK1 b - - 1 24	e2d2 d8e8	875	97	hangingPiece kingsideAttack mate mateIn1
GCq8r	4r3/k7/p6p/6p1/3n4/5P1P/1R2bP1B/4R1K1 w - - 1 35	g1h1 e2f3 h1g1 e8e1	956	97	discoveredAttack endgame mate mateIn2
GDYrF	8/1p1R1Brk/pbp2p2/4p1rp/4P3/2P3P1/PP3P1P/4R1K1 w - - 0 26	h2h4 g5g3 g1f1 g3g2	2344	86	endgame kingsideAttack pin
GDpzx	1rr3k1/5ppp/p1nRb3/4p3/Nq6/1P2Q3/P1P1BPPP/2KR4 w - - 3 19	e2a6 b4a3 c1b1 c6b4 a4c3 b4a6	2454	92	
GDtLG	8/pp6/1q3p1p/3p2k1/3Nr3/2P4P/PP2NRP1/6K1 b - - 2 32	b6b2 d4f3 g5g6 e2f4 e4f4 f2b2	2048	95	discoveredAttack endgame
GFyjg	r3k2r/pp1nb3/1qppp2p/4p3/PPP1P1n1/3P1N2/3BNPP1/R2QK2R w KQkq - 0 15	a4a5 b6f2	606	100	mate mateIn1
GGHSC	2rr2k1/ppq1bpp1/2p5/6NP/3p4/3QP1R1/PPP5/2KR4 w - - 0 22	e3d4 c7f4 c1b1 e7g5	2126	91	
GGbqo	r5k1/p1p2ppp/8/6B1/3rp1bq/8/PPPQ2PP/RN2R1K1 w - - 0 16	d2d4 h4e1	743	100	hangingPiece kingsideAttack mate mateIn1
GGosa	r3k2r/1p1bbppp/1q2p3/pN1pnn2/3P1P2/P4N2/1P2B1PP/R1BQ1RK1 w kq - 0 13	f3e5 d7b5 e2b5 b6b5	1379	86	
GGqrp	8/6pp/5p2/5k2/8/4PP2/3K3P/8 w - - 1 40	h2h4 f5g6 d2e2 g6h5 e2f2 h5h4	2562	91	endgame pawnEndgame
GI1ZF	6k1/pp4bp/4R1p1/8/8/BP4P1/P1r2PKP/3r1B2 b - - 1 26	c2a2 f1c4 h7h5 e6e2 g8h7 e2a2	2225	93	discoveredAttack endgame quietMove
GJZN9	8/8/8/pp6/2p5/k7/P2K2B1/8 w - - 6 47	g2c6 a3b2 c6b5 c4c3 d2d3 c3c2	2439	95	advancedPawn bishopEndgame endgame exposedKing
GMDvD	5r1k/1p4pp/p5p1/2Q1p2q/1PP1P3/5PPb/P5rP/R4R1K b - - 4 23	f8f3 c5f8 f3f8 f1f8	1579	88	backRankMate mate mateIn2 sacrifice xRayAttack
GNQqw	7k/p2r4/1p1p4/7R/2P5/8/PP2KP2/3r4 b - - 1 37	d7h7 h5h7 h8h7 e2d1	1205	93	endgame rookEndgame
GNRFQ	1r6/pr2Rp2/1p3kp1/2p2p2/2Pp1P2/1P1P3P/P4P2/4R1K1 w - - 1 29	g1g2 b7e7 e1e7 f6e7	816	99	endgame rookEndgame
GOuI2	8/6k1/4p1p1/1P3p2/p1p5/P7/5K2/8 b - - 0 52	g7f6 b5b6 c4c3 f2e1 c3c2 e1d2	2520	95	endgame pawnEndgame
GQfi6	r1b1kb1r/p2p1pp1/1p2p2p/4P3/3QB3/8/PPP2PqP/RN2K2R b KQkq - 1 12	f8c5 e4g2 c5d4 c2c3	2092	91	
GS70r	5r2/5pkp/p1q3p1/1pNbp3/8/P3QP1P/1Pr3P1/R3R1K1 w - - 2 22	c5a6 c6a6 e3e5 a6f6	2212	91	
GSl4s	r5r1/ppNkn2p/3p1Q1B/4p3/4q3/8/P4PPP/R1R3K1 w - - 1 20	c7a8 e4g2	1071	100	mate mateIn1
GTiog	5rk1/7p/1pbq2p1/1p1p4/3P1P2/1B4P1/Q6P/2R3K1 b - - 1 30	f8a8 c1c6 a8a2 c6d6	1608	94	endgame
GUet6	6k1/5qp1/7p/4R3/pQp3P1/P6P/KP6/3r4 w - - 0 41	b4a4 c4c3 a4b3 d1a1 a2a1 f7b3	1603	96	deflection discoveredAttack endgame pin
GUpdB	6k1/1p3q2/6p1/p2Pp1B1/2P3Q1/1P5P/P3nrP1/6RK w - - 7 31	g1e1 f2f1 h1h2 f1e1	978	98	endgame
GV0qm	rn3bnr/pp3kp1/1q2ppp1/2pp4/3P2QB/1PP1PN2/P4PPP/RN2K2R b KQ - 0 10	f6f5 f3e5 f7e8 g4g6	1306	86	deflection mate mateIn2
GVjFF	8/1p6/p2p3p/2p5/5PP1/k1P5/Pb2N3/6K1 b - - 0 34	a3a2 g4g5 h6g5 f4g5 b7b5 g5g6 b5b4 g6g7	2306	90	advancedPawn endgame
GWZW7	2kr3r/1ppbq1p1/N1n1p2p/3pPp2/3P4/2PB4/PP2QPPP/R4RK1 b - - 0 16	b7a6 d3a6 c8b8 e2b5 b8a7 b5b7	876	99	mate mateIn3 queensideAttack
GWir2	r3k2r/1pQ2ppp/3B4/p2pP2n/K7/8/PPP1q2P/RN6 b kq - 3 20	b7b5 a4a3 e2e3 b1c3	2479	95	
GY5EH	7k/6p1/5p1p/Q4P2/Pp6/3P4/1PK1q3/8 w - - 7 46	c2c1 e2e1 c1c2 b4b3 c2b3 e1a5	1726	96	discoveredAttack endgame queenEndgame
GZ0y3	1Q2b1k1/1p2qppp/p7/3p1P2/P1pP4/2P1rB2/2P2KPP/R7 b - - 5 25	e3c3 a1e1 e7h4 f2f1	1991	91	defensiveMove endgame pin
GZAmH	3Q4/pp3kp1/5pp1/7r/8/4BPbq/PP5P/R3R1K1 w - - 1 25	e1e2 g3h2 e2h2 h3h2 g1f1 h2h1 f1e2 h1a1 d8c7 f7g8	1761	97	defensiveMove skewer
GZwRA	1r4k1/2R2p2/p2N1p2/3ppN1p/8/8/4bPPP/1rR3K1 w - - 2 29	d6f7 b1c1 c7c1 g8f7	1187	94	
Gb0La	8/7p/4pQ2/P5pk/6P1/8/5PKP/3rq3 b - - 0 43	h5g4 f6f3 g4h4 f3h3	1789	95	endgame mate mateIn2
Gb6jF	4r2k/R6p/1p4p1/2pB4/P1Pb4/4r2P/1P4P1/5R1K b - - 0 32	d4b2 f1f7 e3e1 h1h2 b2e5 g2g3 e1e2 h2h1	2486	93	defensiveMove endgame
GbNha	4k1R1/pK6/1p2pBp1/6P1/1P1P1P1r/r7/7p/8 b - - 1 43	e8d7 g8d8	1198	94	endgame mate mateIn1
Gbo35	2r3k1/1p3ppp/4p3/1P1pP3/P2P1P2/8/2rq2PP/2RQ3K w - - 0 31	d1d2 c2c1 d2c1 c8c1	842	99	backRankMate endgame mate mateIn2 queenRookEndgame
GcUNF	2r4r/1b3pk1/p1np2q1/1p1Bp1B1/3bP3/1R4Q1/P1P2PPP/5RK1 b - - 3 21	f7f6 g5f6 g7f6 b3f3 f6g7 f3f7 g7h6 g3h3 g6h5 h3e6	2519	93	attraction fork pin sacrifice
Gczs5	r2qk2r/1bp1n1pp/p2p2n1/1p2P2Q/8/BBP5/P1P2PPP/R3R1K1 b kq - 0 15	d8d7 e5d6 c7d6 a1d1	2517	91	
Gd7qH	6k1/p4p2/8/2N1P1p1/1PKQ1q2/8/P3b3/8 w - - 1 47	c4c3 f4c1 c3b3 e2d1 d4d1 c1d1	1583	89	endgame
Gdq7e	r1b1kb1r/ppQ2ppp/4p3/2p5/8/1B6/P2RKPPP/q1N5 b kq - 1 17	f8e7 d2d8 e7d8 b3a4 b7b5 a4b5 c8d7 c7d7 e8f8 d7e8	2494	93	mate mateIn5 sacrifice
GfN4J	r1b2k2/p1n1qpp1/2pQ3p/1p2p3/4P3/1BP5/P1P2PPP/R4RK1 w - - 2 18	d6c6 a8b8 f1d1 b8b6 c6b6 a7b6	2305	96	quietMove trappedPiece
GfNKV	r4rk1/ppq1b1pp/2n1pp1n/3pP3/3N1P2/1PP5/P2NQ1PP/R1B2R1K b - - 0 14	f6e5 d4e6 c7d6 e6f8	1080	95	fork
GfQX7	r6k/p3p2p/1p1p3q/2pPp3/2P1Pn2/4K3/PP1QB3/R5R1 w - - 5 31	e3f2 f4h3 f2e1 h6h4 e1d1 h3g1	2231	92	exposedKing fork
GfYCh	8/p4pkp/6p1/4q3/P7/2P3nP/1P3QP1/R5K1 w - - 9 40	f2d4 g3e2 g1h1 e2d4	1008	97	endgame fork
GhyGa	8/p4k2/8/5P2/3Pb2p/P3NKp1/8/8 w - - 0 43	f3e4 g3g2 e3g2 h4h3 g2e3 h3h2	2290	92	advancedPawn endgame knightEndgame
GiBNX	7r/pp4p1/2kPP3/3R1P2/3p4/P2r2p1/1P4K1/6R1 w - - 1 34	d6d7 h8h2 g2f1 d3d1	1494	91	endgame mate mateIn2 rookEndgame
GiZtl	6rk/p4p1R/8/8/5K2/P3P1Q1/1r2qPP1/R7 b - - 0 27	h8h7 a1h1 e2h5 h1h5	1165	94	endgame mate mateIn2
Girt9	2kr3r/pp1b2b1/2n1p2p/1N3pp1/2P5/4B3/PPB2PPP/R2R2K1 b - - 0 18	g7b2 b5d6 c8c7 a1b1	2004	94	
Gjq8T	8/3n1k2/5pp1/4p3/3K1PP1/8/8/6B1 w - - 0 62	f4e5 d7e5 d4e4 e5g4	1717	94	endgame
Gl36g	1r6/5R2/b2NkbQ1/2P1q1p1/6Pp/2P4P/1P2p1B1/1K5R w - - 8 32	d6e4 a6d3 b1c1 e5f4 e4d2 d3g6	2085	91	
GlZPf	r1b1r1k1/ppp1qNp1/1b1p4/n3P2Q/8/8/PP3PPP/RNB2RK1 w - - 5 17	f7h6 g7h6 h5g6 g8h8 g6h6 e7h7	2077	90	
Gm9io	rn4k1/pp3B2/2p5/5pq1/8/7Q/PbP3PP/5R1K b - - 0 20	g8f7 f1f5 g5f5 h3f5	1280	93	endgame fork
Gmavb	1rr3k1/4bpp1/p7/1p2P1np/3N2R1/P7/1P1B1PPP/2R3K1 w - - 0 26	g4g5 c8c1 d2c1 b8d8 g5g7 g8g7	2323	91	clearance
GpHU4	2r5/1p2Qrk1/p4pp1/1q1P4/4Pp2/7R/PPP3P1/2K4R b - - 2 26	f7e7 h3h7 g7g8 h7h8 g8f7 h1h7	1502	96	endgame mate mateIn3 queenRookEndgame
GpRxE	r4rk1/5ppp/p1p5/1p1B4/3P4/2P3b1/PP3P1q/RNBQR1K1 w - - 5 20	g1f1 h2f2	933	99	mate mateIn1
Gq68n	8/2k5/p1P2pp1/P2K4/1P6/8/8/8 w - - 0 49	d5e6 c7c6 e6f6 c6b5 f6g6 b5b4 g6g5 b4a5	2405	96	endgame pawnEndgame
GqA6n	5rk1/2p2ppp/p3r3/2q5/B1P5/3b1PB1/P2Rn1PP/2RQ3K w - - 16 27	d2d3 e2g3 h2g3 e6h6	1349	97	kingsideAttack mate mateIn2
GqLUN	5r2/1p4pk/p1p4p/4p3/4Pn2/1PN3QP/P1q3PK/4R3 b - - 1 27	f4g2 e1e2 c2c1 e2g2	1512	96	endgame interference
GrXwj	6k1/4q1p1/p2p3p/5Q1K/6P1/8/PP5P/8 w - - 7 36	h5g6 e7e8 f5f7 e8f7	1242	87	endgame mate mateIn2 queenEndgame
Gube8	1rb2rk1/4bp1p/pq1pp3/6Pp/2PpP2P/2N5/PP1Q1P1N/2KR2R1 w - - 0 18	d2d4 b6b2	640	100	mate mateIn1 queensideAttack
Gw8yP	r2q1kr1/pp1bb1p1/6Q1/3B4/8/8/PPP2PPP/4R1K1 b - - 0 21	d8e8 g6h7 e8f7 d5f7	1951	92	
Gwoa0	r1b2rk1/2qnppbp/p2p2pB/3P4/Np2nQ2/5N1P/1PP1BPP1/R4RK1 b - - 1 15	c7c2 h6g7 g8g7 f3d4	2046	91	
GxHsD	5k2/6pp/7b/2qB4/2P1P2P/P2Q2P1/3p2K1/8 w - - 1 34	g3g4 c5e3 d3f1 h6f4 f1f3 e3f3 g2f3 d2d1q	1860	93	advancedPawn attraction defensiveMove endgame exposedKing promotion
Gz2ph	r1b1q1k1/pp4pp/1bp1p3/4PrB1/1P4Q1/2P5/P4PPP/RN3RK1 b - - 2 16	f5e5 g5f6 b6f2 g1h1 e8g6 g4g6 h7g6 f6e5	2182	90	defensiveMove pin
H2UYi	rnbqk2r/pp3ppp/3p1n2/2p1p3/4P3/BPP3P1/P1P2PBP/R2QK1NR w KQkq - 0 8	c3c4 d8a5 d1d2 a5a3	1276	93	fork
H2yB2	6r1/1k1nq3/Np2p3/1QppP3/1P3P2/2P1P3/6p1/2K3R1 w - - 1 34	c1d2 g8a8 b4c5 a8a6 c5c6 b7a7 b5a6 a7a6	2424	91	endgame
H4FTF	r1b4r/pp3pk1/3p1n2/2pPp1P1/2P1P3/3BNpPq/PP3P2/R2Q1RK1 w - - 1 20	d1f3 h3h2	1087	89	mate mateIn1
H4tHl	8/p7/5kpp/2pK2p1/2pp2P1/P2n2PP/1P6/3N4 b - - 2 35	d3b2 d1b2 c4c3 b2d3	1112	99	endgame hangingPiece knightEndgame
H5SMG	2R2k2/p5pp/6p1/4P3/Pn1q1rP1/5Q1P/5P2/6K1 b - - 1 39	f8f7 f3b7 f7e6 c8e8	1557	89	endgame mate mateIn2
H5rH5	5R2/6pk/6p1/4N1Pn/7r/8/5PK1/8 b - - 1 51	h4f4 e5f7 f4f7 f8f7	1919	96	endgame quietMove
H705l	8/N1p5/7p/2p5/4R3/5k2/PPr5/7K w - - 2 36	e4h4 f3g3 h4h3 g3h3	1617	94	endgame
H7If8	2r2rk1/1Q1nbppp/p1Nqp3/8/2PB1P2/1P6/6PP/3R1RK1 w - - 5 26	c4c5 d6c6 b7c6 c8c6	1627	94	
H8NEw	r7/2R5/kp1N2p1/4pp1p/1P1p3P/1b1P1P2/1P4P1/2K5 b - - 1 39	a8d8 b4b5 a6a5 d6b7 a5b4 b7d8	1965	92	endgame fork
H9dBB	5rk1/1p4pp/p3p3/3bRP1q/8/7Q/PP5K/4R3 b - - 5 34	f8f5 h3h5 f5h5 e5h5	1480	99	endgame xRayAttack
HAsBR	r3kb1r/pb1p1ppp/1p3n2/6q1/2Q1P3/2N2NB1/PP3PPP/R3K2R b KQkq - 4 11	a8c8 c4c8 b7c8 f3g5	1578	94	
HBF51	3r1rk1/p4ppp/2B5/1p3q2/2P5/P2P2B1/2P1Q2P/R5K1 w - - 0 28	a1f1 f5c5 e2f2 c5c6	1045	98	fork
HC4Qs	1k3r2/pp3r2/2p3q1/8/3P2pQ/2P3P1/PP3P1P/3R1RK1 w - - 3 28	d1e1 f7h7 e1e6 g6g7 e6e7 g7e7	2450	93	endgame
HCHdl	8/1R3ppp/r3pk2/P2P4/8/8/6PP/6K1 b - - 0 28	e6d5 b7b6 a6b6 a5b6 f6e6 b6b7	983	99	advancedPawn endgame rookEndgame
HDDCI	R4Qnr/2p4p/1P1r1kp1/5p2/7P/2q2P2/2P5/5K1R b - - 5 28	f6e6 a8e8 e6d5 f8f7 d5c5 f7c7	1910	92	interference
HElR7	r1bq1rk1/3nbppp/p2ppn2/1p4B1/3NP3/1B3N2/PPP2PPP/R2Q1RK1 b - - 7 11	f6e4 d4c6 e7g5 c6d8	1829	90	
HG1pw	2rr4/5pk1/2n1pqpp/1NP5/1p1PQPP1/3BR1P1/PP6/6K1 w - - 7 38	d3c4 c6d4 g4g5 h6g5	1808	89	
HGOos	1qr5/5k2/RP2pN2/4b3/3Q3p/7P/2P3P1/6K1 w - - 1 33	a6a7 b8a7 d4e5 a7b6	1896	92	endgame
HGVgo	3q3r/3nbp1k/1p2p2B/p2pP2Q/PnrPN2P/6P1/1P3PK1/R3R3 b - - 4 22	c4d4 e4g5 e7g5 h5f7 h7h6 h4g5	2579	94	exposedKing sacrifice
HGbiS	5rk1/1pB2ppp/p3p3/3pN3/8/P6P/5nPK/1RQBq3 w - - 0 31	h2g3 f2d3 g3h2 d3c1	1416	94	discoveredAttack
HGizN	r1b1kb1r/pp1ppp1p/6p1/4q3/1PQ5/2P1B3/P3BPPP/R3K2R b KQkq - 1 14	f8g7 e3d4 e5g5 d4g7	1395	85	skewer
HGzjL	8/pp4pk/4pr2/3p1p2/6q1/3Q4/P4P1K/1R3R2 w - - 2 28	d3h3 f6h6 h3h6 h7h6	1812	93	defensiveMove endgame pin
HHiOp	3r2k1/8/1p2r2p/p4R2/3P1p2/4p3/PP2K2P/3R4 b - - 1 29	d8f8 d1g1 g8h7 f5f8	1086	97	deflection endgame rookEndgame
HHjrf	r2q1rk1/1pp2ppp/2n5/p3p3/P3Pn2/2PP1NQ1/1P1N2PP/R4RK1 w - - 2 16	f3e5 f4e2 g1f2 e2g3	1017	98	fork
HHjxN	8/6p1/1P1k1p1p/3p4/3P2PP/1K6/8/8 b - - 0 69	d6c6 h4h5 c6b6 b3b4 f6f5 g4f5	2262	92	endgame pawnEndgame quietMove zugzwang
HHv7u	3rr1k1/1p3ppp/p3b3/3N4/1P1q4/P4Q2/5PPP/R3R1K1 w - - 0 22	a1d1 e6d5 e1e8 d8e8 h2h4 d5f3	1525	92	
HJ59O	6k1/7p/6pb/3pP3/3Pp2P/1rP1PrPq/R6N/R3Q1K1 w - - 5 37	h2f1 f3f1 e1f1 h6e3 a2f2 h3g3	2271	91	deflection exposedKing fork pin
HJ7BD	7R/8/5k2/2pB4/2P2p2/3n1K1P/8/2r5 b - - 11 55	c1f1 f3e2 f1e1 e2d3	1451	94	defensiveMove endgame
HJeEQ	r1b4r/ppp1q3/2npkbQ1/5p2/8/2N1P3/PPP2PPP/2KR1B1R b - - 3 13	e6d7 c3d5 f6b2 c1b2	1736	87	
HJm38	1r2r3/4bkp1/pp2Rp1p/8/1P1B1P2/P1P3P1/7P/4R1K1 w - - 0 27	e6b6 b8b6 d4b6 e7c5 b6c5 e8e1	1228	95	discoveredAttack endgame
HJmLu	2r5/8/2P2R2/8/8/4Kpk1/8/8 b - - 3 48	f3f2 f6g6 g3h4 e3f2	1641	95	deflection endgame rookEndgame
HJz95	r5k1/1pp2r1p/1pn4B/3q1bp1/1P2Np2/P2P4/5PP1/R2QR1K1 w - - 2 22	h6g5 f5e4 e1e4 d5g5	1173	88	capturingDefender discoveredAttack
HK48B	2kr1r2/5pp1/2n2P1p/p1p5/8/P7/B5PP/1R3RK1 b - - 0 27	d8d2 f6g7 f8g8 f1f7	1460	91	advancedPawn discoveredAttack endgame
HKPX0	2r1rk2/1Q3b1p/6pP/2p1p3/p1Pp2P1/N2P1Pq1/PPK5/5R1R w - - 1 32	h1g1 g3h2 c2b1 c8b8	1477	94	
HKi8Z	8/1p6/3p1k2/Pp4p1/1P2PP2/7K/8/8 w - - 0 37	f4f5 d6d5 e4d5 f6f5	1848	96	deflection endgame pawnEndgame
HMIJi	8/b6p/pp2p1k1/4P1P1/2PpK3/NP4P1/P7/8 b - - 2 36	g6g5 a3c2 d4d3 e4d3	2185	91	endgame
HMdIg	8/8/8/p2p4/1k6/2q3PP/5P1K/4Q3 w - - 5 41	e1c3 b4c3 h3h4 c3d4 h4h5 d4e5	2099	96	defensiveMove endgame
HNBIb	3r1b1r/pkp3pp/1p2pp2/3q4/1PQ5/P2PB1P1/4PP1P/R3K2R w KQ - 3 17	a1c1 d5h1 e1d2 h1d5	1856	92	hangingPiece
HNNcS	7b/5p2/2k2P2/1pp2PP1/P3K3/P7/8/8 b - - 0 43	b5b4 a3b4 c5b4 e4d4 c6d6 d4c4	2558	92	bishopEndgame endgame
HOQCY	r3kb1r/ppp1npp1/2q3b1/1N1Bp1Pp/7P/2PP1Q2/PP3P1N/R1B1K2R b KQkq - 0 15	e7d5 f3d5 c6d5 b5c7 e8d7 c7d5	1541	90	attraction capturingDefender deflection fork sacrifice
HOoYC	1k6/pp5p/5nq1/8/8/3P4/PBK1Q3/8 b - - 0 35	g6f5 e2e5 f5e5 b2e5 b8a8 e5f6	1918	98	endgame fork
HP2ub	5r1k/ppQ5/4q1pp/8/2n3PP/2b5/PPB5/2KR3R w - - 0 29	b2c3 e6e3 c1b1 e3c3 c7c4 c3c4	1809	93	
HPFfH	r4rk1/1bq1bppp/p2p1n2/4pPB1/1p2P3/1BNQ4/PPP3PP/3R1R1K w - - 0 16	c3d5 f6d5 g5e7 d5e7	1583	94	
HPNTp	8/8/8/6R1/6P1/3p3P/pkbK4/8 w - - 0 60	g5b5 b2a3 b5a5 c2a4	2147	94	defensiveMove endgame
HQ2Q8	r4rk1/1p3p1p/p5p1/3Pp2Q/2P1q3/1P6/5PPP/3R1RK1 w - - 0 21	f1e1 e4e1 d1e1 g6h5	1186	85	endgame kingsideAttack
HRXA6	8/p4rkp/1p1R2p1/n7/2r1PP2/2PBK3/P7/5R2 w - - 0 27	d3c4 a5c4 e3d4 c4d6	669	100	endgame fork
HRZsT	2r2b2/4Rpk1/4p1p1/1b2P2p/qpp1BP1P/4B1P1/1P4Q1/3R2K1 w - - 1 35	b2b3 a4b3 e7f7 g7f7	1084	89	fork
HUmJH	6R1/5P1k/p3K1p1/6P1/1p2P3/8/2p2r2/8 w - - 4 48	f7f8q f2f8 g8f8 c2c1q	1233	97	advancedPawn endgame promotion
HUzgi	r4rk1/pp1b1pp1/1q2p3/2bpn1NQ/8/2P5/PP1N1PPP/R1B2RK1 b - - 1 15	f7f6 h5h7	784	100	mate mateIn1
HWQDO	8/1p1q2k1/5n1p/p2r4/P5pP/2RNQ3/1P3PP1/6K1 w - - 2 37	d3f4 d5d1 g1h2 g4g3 e3g3 f6g4 g3g4 d7g4 c3g3 g4g3	1562	96	endgame
HWmUo	2kr1r2/1pp1q1pp/B2p4/2bQn3/6b1/1P2PNP1/PBP2P1P/2KR3R b - - 0 17	b7a6 f3e5 e7e5 b2e5	2175	95	
HWoWH	8/8/p4p2/1p2p3/4P1k1/P1P1K3/1P6/8 b - - 1 33	a6a5 a3a4 b5a4 c3c4 f6f5 c4c5	2267	96	defensiveMove endgame pawnEndgame quietMove
HY4XW	2kr2r1/pp2pp1p/2n4b/2p2q2/4R1b1/3P1NB1/PPP2PBK/RN1Q4 w - - 0 19	f3h4 f5e4 g2e4 g4d1	1666	95	
HY6r6	7k/p3qpb1/1p1p1npp/8/1P1B1P2/P2PPN2/7P/2Q3K1 b - - 1 30	f6g4 c1c8 h8h7 c8g4 g7d4 e3d4	1934	91	endgame fork
HYdHE	6r1/8/7K/8/7P/7k/8/1R6 b - - 0 73	h3h4 b1h1 h4g4 h1g1 g4f5 g1g8	1165	90	endgame rookEndgame skewer
HZ34W	r5r1/1pq2p1k/p2b1pbp/2p5/2P5/1P1PR2R/P1N3QP/7K b - - 3 28	g6d3 h3h6 h7h6 e3h3	1353	97	attraction mate mateIn2 sacrifice
Ha5LH	2r3k1/5pb1/p2p3p/3Pp1p1/1p4PP/1N2B3/PPqQ4/K2R3b b - - 1 32	h1f3 d1c1 c2c1 b3c1	1733	92	
Haxt0	6k1/p4p2/6p1/7p/7P/1r2n3/1PR1K1P1/3R4 w - - 6 31	d1d3 e3c2 d3b3 c2d4 e2d3 d4b3	984	96	endgame exposedKing fork
HbHC5	2R5/5P2/8/8/7P/pp6/1k2K2r/8 w - - 1 59	e2d3 h2f2 f7f8r f2f8 c8f8 a3a2 h4h5 a2a1q	2260	86	advancedPawn endgame promotion rookEndgame
HcCEd	4r1k1/p5qp/1pP3p1/8/2n1N1P1/B2b3P/PP4B1/3Q2K1 b - - 0 28	e8e4 d1d3 e4e1 g1f2	2458	95	hangingPiece
HdwAY	r2qr1k1/ppp2ppp/2nb4/6N1/3P4/2PbN3/PPQ2PPP/R1B2RK1 w - - 0 14	g5f7 d6h2 g1h2 d8h4 h2g1 d3c2	2007	93	attraction kingsideAttack sacrifice
HdzoU	1r3b2/2QRpkp1/5p2/p5p1/P3P1P1/2N5/1P3P1q/2K5 b - - 1 25	h2g1 d7d1 g1f2 c7b8 f2f4 b8f4	1782	92	defensiveMove endgame
He7C7	4k3/r6p/pR2PPp1/1p4P1/8/2K5/r6P/8 b - - 5 40	a2a3 c3b2 a3d3 b6b8 d3d8 f6f7 a7f7 e6f7 e8f7 b8d8	2294	93	advancedPawn defensiveMove endgame exposedKing rookEndgame
HfedC	r1bqk2r/1p3p1p/p3p1p1/2bpP3/3n1P2/2NBB3/PP4PP/R2Q1R1K b kq - 1 15	c5a7 e3d4 a7d4 d1a4 c8d7 a4d4	1859	94	fork
HfhsQ	4r1k1/1p1R4/p1p1R1b1/5r1p/7q/4Q3/PPP3PB/6K1 b - - 0 30	e8e6 e3e6 g6f7 e6f5	1682	89	fork
HhzTi	rn3rk1/ppp1qppp/3b1n2/5b2/2N5/2N1pPP1/PPP1P1BP/R1BQR1K1 w - - 2 12	c4e3 d6c5 g1h1 c5e3 c1e3 e7e3	1375	89	pin
Hibae	r3r1k1/pp3pp1/3b3p/3Q4/3P4/1N5P/PP3qPn/R1B2RK1 w - - 0 19	f1f2 e8e1 f2f1 e1f1	668	100	kingsideAttack mate mateIn2
HjGXm	7Q/2p5/1p4P1/p1bP4/P1P3k1/1P1r4/5r2/R2K3R w - - 3 47	d1c1 c5e3 c1b1 d3b3 h8b2 f2b2	1475	94	endgame exposedKing mate mateIn3
Hjikv	r1bq3r/1pp2B2/p1kp4/3NP3/4P1Q1/4b3/PPP3PP/R4R1K w - - 1 20	g4e2 h8h2 h1h2 d8h4	1643	94	attraction kingsideAttack mate mateIn2 sacrifice
HkQ7O	r4k2/1p4pQ/p1p2bBp/3P4/8/2q2PB1/4r1PP/5RK1 b - - 5 28	a8d8 g3d6 d8d6 h7h8 f8e7 h8e8	2318	92	mate mateIn3 sacrifice
HlC7V	8/5p2/pp2p2p/4k1p1/P1K1P3/1P3PP1/7P/8 w - - 0 34	b3b4 g5g4 f3g4 e5e4	2063	91	deflection endgame pawnEndgame
HmcWr	2r2qk1/pp2Bp1p/6p1/3bP1Q1/2rP3R/6P1/P6P/5RK1 b - - 4 28	f8e8 g5h6 e8e7 h6h7 g8f8 h7h8	1766	93	kingsideAttack mate mateIn3 sacrifice
Hmi1I	3r3k/4b1p1/4Q2p/5p2/3PnBbq/2P5/PP4P1/4RRK1 w - - 0 30	g2g3 e4g3 e6e7 h4h1	1484	90	sacrifice
Hmugq	5k2/2P3pb/5P2/4KP1p/p3P2P/r7/5r2/1R6 b - - 0 47	g7f6 e5f6 h7f5 e4f5 f2f5 f6f5	1615	100	endgame
Hns7D	2r3k1/pb4pp/1p4q1/1QnpP3/8/1P3BP1/PB5P/5RK1 w - - 2 24	b3b4 b7a6 f3d5 g8h8 b5c6 g6c6 d5c6 a6f1	2173	95	defensiveMove trappedPiece
HnzY5	r1b1k2r/1pppnppp/pbn2q2/1N2p3/2B1P3/3PBN2/PPP2PPP/R2QK2R w KQkq - 0 8	e3b6 a6b5 b6c7 b5c4	1694	93	
HoefJ	r3r1k1/pp3p1p/3p2p1/q3pb2/1nPP2n1/2N2N2/PP1Q1PPP/K1R2B1R w - - 0 16	c3d5 a5a2	775	99	mate mateIn1
Hp8E0	2b2rk1/p4pp1/1bR1p3/4Q1p1/1pP5/3BP1Pq/1B3P1P/6K1 b - - 13 35	c8b7 e5g7	684	100	kingsideAttack mate mateIn1
HptKu	r2r2k1/1p3ppb/pqp1p2p/1n6/3PP3/PR1B1N1P/1PQ2PP1/3R2K1 b - - 2 21	b5d4 b3b6 d4c2 d3c2 d8d1 c2d1	1586	93	
HqNTc	4rk2/5pp1/p2r4/1p3P2/5N2/1Pp2R2/P1Pp2P1/3R2K1 w - - 2 31	f4d3 d6d3 f3d3 e8e1 g1f2 e1d1	1395	86	endgame sacrifice
HrX7K	4r1k1/p4qpp/1pQ5/1P3pP1/5P2/6P1/5P2/2R3K1 w - - 1 34	c6c7 e8e1 c1e1 f7c7	1346	94	deflection endgame
HtPJh	1r4k1/p3pp1p/6p1/2p2b2/2P5/4B3/PK1b1PPP/3R3R w - - 6 26	b2a1 d2c3	923	98	endgame mate mateIn1
HtPVa	r3k2r/pp3ppp/2nQpn2/q2N4/8/5N2/PPP2PPP/3RR1K1 b kq - 5 17	a8d8 d5c7 a5c7 d6c7	1737	98	
HuEDu	1r3r2/R4p2/3pk2p/3Np1p1/1Pp1P3/2P4P/1P4P1/5K2 b - - 3 34	f7f5 a7e7	1091	95	endgame hookMate mate mateIn1
HuvFl	2kr3r/ppp1b1p1/2n3q1/2P1np2/3p2p1/PN4P1/1P2PPBN/R1BQR1K1 b - - 2 17	h8h2 g1h2 g6h5 h2g1	1233	91	hangingPiece
Hv43N	8/4n3/8/4K1P1/8/1p6/1Bk5/8 w - - 7 58	b2d4 e7c6 e5f6 c6d4 g5g6 d4e6 f6e6 b3b2 g6g7 b2b1q	2404	96	advancedPawn deflection endgame promotion quietMove
Hvx0s	3r2k1/p4p1p/4pbp1/1p4q1/2n5/4PNP1/P1Q2P1P/B2R2K1 b - - 6 28	d8d1 c2d1 g5f5 e3e4 f5e4 a1f6	2061	94	deflection
HyXC2	8/8/4k3/8/R6p/4p2P/3p2P1/3Kb3 w - - 8 66	a4a5 e3e2 d1e2 d2d1q e2d1 e1a5	950	96	advancedPawn attraction discoveredAttack endgame exposedKing promotion
HysTF	8/pN3p2/2p2p2/4p3/2P1PkP1/1P3P2/1P1r1K2/7R w - - 1 29	f2g1 f4g3 g1f1 d2d1 f1e2 d1h1	1691	96	endgame exposedKing skewer
I0afE	rnk4r/pp2bpp1/2p1b2p/4N3/8/2P3P1/P4PBP/1RB1R1K1 b - - 4 15	h8d8 e5f7 e6f7 g2h3 b8d7 e1e7	2348	91	sacrifice
I1Jby	5rk1/r5b1/2p3Q1/1p2p3/p1pqN2N/P5P1/1PP2PP1/2K5 b - - 1 28	a7f7 e4g5 d4e3 f2e3 f7f1 c1d2 f8f2 d2c3 e5e4 c3b4	2010	95	pin
I1SDq	r1b3k1/pp3rp1/2n5/3Qp1N1/7R/P7/2P1KPPP/q7 b - - 1 20	c6d4 h4d4 c8e6 d5e6 a1d4 e6f7	1913	93	
I1jvH	8/1p2Q1kp/pP1p1pp1/3P1b2/2P5/2q2BP1/1p3PKP/8 b - - 1 36	g7h6 e7f8 h6g5 h2h4	1441	88	endgame mate mateIn2
I1r9X	6k1/8/1R2P1p1/1Pp4p/2Pb2P1/3b2BK/4r2P/2R5 w - - 0 36	g4h5 d3f5 h3h4 d4f6	1392	92	endgame mate mateIn2
I2juq	3r1rk1/p1q2pp1/1p1b3p/n1pbN3/3P4/2P2NP1/PP3PBP/R2QR1K1 w - - 4 19	d4c5 d6e5 f3e5 d5g2 g1g2 d8d1	1896	92	discoveredAttack
I4TJG	r1b1k2r/pp1pbpp1/2pQ1n1p/5P2/2B5/2P5/PPKB1qPP/RN2R3 b kq - 9 17	f2f5 c4d3 f6e4 d3e4 e7d6 e4f5	1322	97	defensiveMove discoveredAttack pin
I4YEi	1r6/6k1/3p1p2/1P3Pp1/4PnP1/1P1p1BK1/2r4R/1R6 w - - 2 38	h2c2 d3c2 b1c1 b8h8 c1c2 h8h3 g3f2 h3h2 f2e3 h2c2	2433	92	advancedPawn endgame quietMove skewer
I4fqe	rn1qk2r/2p1nppp/pp1b4/3P4/2BQ1pb1/2N2N2/PPP3PP/R1B2RK1 w kq - 0 13	c1f4 d6c5 d4c5 b6c5	1617	87	pin
I4wfu	8/1p6/p2k4/P4ppp/1P1K4/2P2P2/7P/8 w - - 0 38	h2h3 h5h4 c3c4 g5g4	2535	92	endgame pawnEndgame quietMove
I6wdj	4Q3/p2n2rk/8/3NP3/1P5q/P2p2P1/3BbP1P/2R3K1 w - - 4 30	e5e6 d7e5 e8f8 e5f3 f8f3 e2f3	2300	94	fork pin quietMove
I7Ud8	5rk1/p1q3p1/7p/8/Q1P1p3/7P/P5P1/3R1r1K w - - 6 36	d1f1 f8f1	688	100	endgame mate mateIn1
I7gKI	r4k1r/1pp2ppp/p2p4/3Pb3/3N1q2/8/Pn2QP1P/1K1RR3 b - - 1 23	e5d4 e2e7 f8g8 e7e8 a8e8 e1e8	1168	100	backRankMate mate mateIn3 sacrifice
I8OqE	2k2b1r/ppp2ppp/8/4pb2/Q1Prq3/7P/PP2BPP1/R1B1K2R b KQ - 1 12	d4c4 a4e8	1168	95	mate mateIn1
I8iGe	5rk1/q3ppbp/3p2p1/1Q1P2B1/1p3P2/8/PPP2nPP/4RR1K w - - 5 24	h1g1 f2h3 g1h1 a7g1 f1g1 h3f2	1321	90	doubleCheck kingsideAttack mate mateIn3 sacrifice smotheredMate
I9Rfw	8/p2K4/1pQ5/8/2q1k3/8/PP6/8 b - - 1 54	c4d5 d7c7 e4e5 c6d5 e5d5 c7b7	2316	94	defensiveMove endgame pin queenEndgame
IAWWI	8/4k3/1p5p/p1p1P1p1/P1P1p1P1/1P4KP/8/8 w - - 0 26	h3h4 g5h4 g3h4 e7e6 h4g3 e6e5	2447	93	endgame pawnEndgame
IAjpt	r4rk1/ppq2ppp/2p2p2/7b/3P1b2/2P1QN1P/PP2BPP1/R3R1K1 w - - 1 16	e3e4 h5g6 e4f4 c7f4	1852	93	trappedPiece
ICKPU	4rr2/pp1n3k/2p3q1/3pBp1p/3P1Q2/1P4P1/P3PPpP/R3R1K1 w - - 4 24	e5d6 e8e4 f4f3 g6d6	1555	88	
ICS15	3r2k1/5ppp/4p3/pQP1n3/4B3/4P3/2R1KPPP/q7 w - - 3 25	c5c6 a1d1	901	99	endgame mate mateIn1
ID5j8	6k1/p1p2qp1/5p2/3rbQPP/8/5R2/2P2PK1/8 b - - 0 37	e5d6 g5g6 d5f5 g6f7 g8f7 f3f5	2026	94	advancedPawn endgame
IDBIU	5k1Q/5p1p/1p1p2p1/r2P4/4p3/4PqP1/5P1P/2R3K1 b - - 1 30	f8e7 c1c7	889	99	endgame mate mateIn1
IDTBp	2k3r1/1b6/p2B1Pr1/P1PQn3/1p5P/6Pq/4BP2/R4RK1 w - - 1 29	c5c6 g6g3 f2g3 h3g3 g1h1 g3h4	2018	92	kingsideAttack mate mateIn3 sacrifice
IDYnk	5r2/3R4/pp1Q2pk/4r2q/P1p5/2P5/1KP5/8 b - - 3 41	e5g5 d6f8	768	100	endgame hangingPiece mate mateIn1
IFuVO	8/1p1q4/p2P2k1/2P1Q1p1/1P3p2/5P2/7K/8 w - - 2 45	e5e7 d7e7 d6e7 g6f7 e7e8b f7e8	1130	100	endgame queenEndgame
IFvyJ	2n2rk1/pQR4p/3p2p1/3P1b2/5q2/8/P5PP/3R3K b - - 1 40	f5d7 d1g1 c8b6 b7a7	2472	90	quietMove
IGDwD	8/1R4p1/6kp/p1Bn2p1/3P4/4PKP1/r4P1P/8 w - - 0 38	b7d7 g5g4 f3g4 d5f6 g4f3 f6d7	1458	96	attraction endgame fork
IH1h1	Q5R1/5p1p/4p1pk/5n2/2q5/5P2/PPKR2PP/8 w - - 11 38	c2b1 c4f1 b1c2 f5e3 c2b3 f1b5 b3c3 b5c4	2334	94	endgame mate mateIn4
II4QR	5k2/r4p2/p1Rb3r/1p6/1N1P2Rp/4P3/5P1P/7K b - - 0 47	a6a5 c6c8 f8e7 b4c6 e7d7 c6a7	1602	95	endgame fork
IIN4f	r7/ppkb1R1p/2p1q1p1/4P3/8/6Q1/P5PP/7K b - - 0 30	e6f7 e5e6 c7d8 e6f7	841	97	advancedPawn discoveredAttack endgame
IINZx	8/8/k7/8/7P/1R2P3/p4PPK/r7 w - - 0 62	b3b2 a1h1 h2g3 a2a1q	1375	93	advancedPawn clearance endgame promotion rookEndgame
IJzZo	2r1k3/R4p1p/4pp2/3p4/3P1P2/5rP1/2P1K2P/2R5 b - - 2 23	c8c3 c1b1 e8f8 b1b7 f8g8 b7f7	2012	90	endgame quietMove rookEndgame
IK9h2	1r3r2/5qpk/p3p2p/2PpP3/PPpn1P2/6QP/3B2P1/1R3RK1 w - - 1 31	g3c3 d4e2 g1h2 e2c3	840	100	fork
IKOef	1r4k1/5ppp/P3n3/1q6/1N1p4/P5P1/5P1P/2Q2R1K w - - 2 32	c1c6 b5f1	692	100	endgame hangingPiece mate mateIn1
ILOHg	6k1/1q3p2/1P2b1p1/4p3/3rP2p/r2BR2P/2Q3P1/1R5K b - - 1 35	e6c4 d3c4 a3e3 c4d5 d4d5 e4d5	2074	89	sacrifice
ILiP0	8/p1p3p1/2p5/4k2p/P2p3P/3P1K2/1PP5/8 b - - 0 30	a7a5 b2b4 a5b4 a4a5 e5d6 a5a6 c6c5 a6a7	1921	95	advancedPawn endgame pawnEndgame quietMove
IOltn	8/p6p/1p2k3/3pp1P1/P2P3P/2P1K3/8/8 b - - 1 45	e6f5 d4e5 f5e5 h4h5	1956	96	defensiveMove endgame pawnEndgame
IPzWm	6k1/5pp1/p1P4p/1p1p4/3N4/3K2P1/P7/2r5 b - - 3 38	b5b4 d4c2 c1d1 d3e2	1697	96	endgame
IQ5r3	1r4rk/p1pq1pbb/4p2p/7P/8/2NPQ3/PPPKNP2/1R4R1 w - - 6 23	g1g2 g7c3 b2c3 b8b1 e3e5 f7f6 e5f6 g8g7	2118	93	
IQigS	2r1rqk1/pp6/1b2bp1p/3pB1p1/3Nn3/2P5/PPQ1BPPP/1K1RR3 w - - 0 20	e5g3 b6d4 d1d4 e6f5 e2d3 e4c3	2298	91	queensideAttack quietMove
IR2z0	r1b2rk1/ppp1nppp/1bn2q2/3P4/3N4/2PBB3/PP1N1PPP/R2Q1RK1 b - - 0 10	e7d5 d1h5 h7h6 h5d5	2273	93	
IRG3c	r2qr2k/3b1Q2/p2pp2p/2p4p/4P3/6N1/P2B2PP/1R4K1 b - - 0 27	e8e7 f7f6 e7g7 f6h6 g7h7 d2c3 e6e5 h6d6	2089	87	exposedKing kingsideAttack
IS00h	8/pp3pkp/4b3/2R5/3p1B2/5K2/1r6/8 b - - 1 40	d4d3 f4e5 g7g6 e5b2	1435	96	endgame fork
IScY1	Q3r3/3k4/2p2B2/3b4/8/6P1/P3q2P/5RK1 w - - 3 42	a8b7 d7e6 b7b2 e2e4	2191	91	defensiveMove endgame
IUwxt	8/8/2n2N2/8/6p1/5kPp/5P2/6K1 w - - 2 57	g1h2 c6e5 h2g1 e5d3	2000	90	endgame knightEndgame quietMove zugzwang
IV92k	5r1k/3Q3p/p3P1p1/4b3/8/3R3P/1P3qP1/3R3K w - - 1 34	e6e7 f2f1 d1f1 f8f1	681	100	endgame mate mateIn2 sacrifice
IVI8N	r1bq1r2/ppp4k/3p2p1/6b1/5n2/1BN1Q3/PPPB1PP1/R3R1K1 w - - 0 21	g1f1 f4h3 g2h3 g5e3	1980	95	discoveredAttack pin
IVpha	5rk1/5ppp/B1b3q1/3rp3/1P6/PQ6/5PPP/R3R1K1 w - - 2 21	b4b5 d5d3 b5c6 d3b3	1829	93	
IWAgB	2r2rk1/5p2/6p1/p1qpP2p/3N2nP/P1PQ1RP1/6K1/4R3 b - - 2 26	f8e8 e5e6 f7f5 d4f5	1890	87	
IWhee	r4rk1/6p1/4R2p/p3P3/Pp5P/1Pn5/5PPB/2R3K1 w - - 1 28	e6e7 c3e2 g1f1 e2c1	757	99	endgame fork
IX9Du	1k6/pp4p1/2pr2p1/8/6Q1/P7/1P1q1P2/K6R b - - 2 35	d2f2 h1h8 b8c7 h8c8 c7b6 g4b4	1774	93	endgame
IXqbF	8/4Q3/1K4p1/1p4p1/1k4P1/7P/8/q7 b - - 5 66	b4b3 e7e6 b3a3 e6e3	2590	92	endgame queenEndgame
IYDbe	3r3k/1pp3q1/1p6/3pp3/3P3p/1BP2rpb/PP1QR1NP/R5K1 w - - 0 29	e2e5 f3f2 e5h5 h8g8 d2g5 f2g2 g1h1 g2h2	2309	93	defensiveMove kingsideAttack
IYGxK	6k1/2Q2R2/p4Pp1/1p5p/2p4K/2P4P/PP1R2P1/4qr2 w - - 9 39	c7g3 f1f4 h4g5 e1g3 g5h6 g8f7	2100	90	deflection endgame pin
IYZrZ	2kr1r2/1bqpb1p1/pp2p3/6Qp/2PpP1nP/1P1P3N/P2N1PB1/R4RK1 w - - 8 21	g5h5 c7h2	696	100	mate mateIn1
IZCsg	2k2r1r/1pNqn1bp/p2pb1p1/Q5B1/8/4P3/PPP2PP1/2KR1B1R b - - 0 16	d7c7 a5c7 c8c7 g5e7	948	89	queensideAttack
Ia923	2r1r1k1/5p1p/5qp1/p2Q4/4p3/2P5/PP3PPK/R4R2 w - - 0 26	d5a5 e8e5 a5e5 f6e5	1866	91	endgame
IaJZy	2rr2k1/p4ppp/b3pn2/q7/Pp1N4/1P1P2Q1/1P1N1PPP/R4RK1 w - - 1 20	d2c4 a6c4 d3c4 d8d4	1346	94	
IaNOe	4r1k1/p1q2ppp/1p1p4/4r3/2pQP3/P1P3R1/2P2PPP/4R1K1 b - - 1 22	d6d5 f2f4 f7f5 f4e5	1832	94	endgame
Iad0t	r7/3bknRR/3bpp2/p2p1q2/1p1P4/4PN2/PPP3Q1/K7 b - - 3 29	a8f8 f3h4 f5h7 g7h7	1859	93	
Ib2tz	8/p4pk1/8/2rBr1q1/2PQ1pPp/1b5P/5P2/4R1K1 b - - 2 41	f7f6 e1e5 g5e5 d4c5 f4f3 c5a7	1624	94	
Iby25	4r1k1/p1b4p/1p1qr1p1/5p2/3p4/1Q1P1B1P/PP1N1PP1/R4RK1 w - - 4 29	f1e1 d6h2 g1f1 h2h1	658	96	kingsideAttack mate mateIn2
IcX2o	5r1k/p5p1/8/2p1P1qp/2Q3P1/5p2/P4P1P/4R1K1 w - - 0 37	e5e6 f8f4 c4f1 g5g4	2520	94	endgame interference
Idq02	r3k2r/p2b1ppp/2p1p3/q1b3P1/3NPn2/2N2P2/PPPQ3P/2KR3R w kq - 0 16	d2f4 c5d4 d1d4 e6e5 d4a4 a5c3	2195	91	fork
If7CT	4R3/prp2pkp/3q2p1/8/8/2Q2P2/P1P3PP/6K1 b - - 8 30	d6f6 e8g8 g7g8 c3f6	1079	86	deflection endgame
Ifuly	6k1/5pp1/2p2n1p/q7/r3p3/1Q6/PRP2PPP/K6R w - - 4 30	b3b6 a4a2 b2a2 a5b6	1254	97	deflection endgame
IgeUR	r6r/4k1p1/p3p3/1bNpPnp1/1P1P3P/5N1K/5P2/R6R w - - 0 31	f3g5 h8h4 h3g2 h4g4 g2f3 g4g5	1536	94	fork
IhpNb	1r3rk1/3R2p1/4pq1p/p7/P2R3P/6Q1/1P2b1BK/8 b - - 3 32	b8b2 d4f4 f6f4 d7g7 g8h8 g7g8 f8g8 g3f4 g8g2 h2g2	2041	94	deflection sacrifice
IiKLS	2r4k/pb4pq/4R3/8/7r/2pp1P2/P5QP/1B2R2K b - - 1 31	b7c6 e6c6 c8c6 e1e8 h7g8 e8g8 h8g8 b1d3	1536	96	clearance sacrifice
IieWf	3k4/7p/2rPK1p1/8/PpB2P1P/1P4P1/8/8 w - - 1 40	g3g4 c6c4 b3c4 b4b3 c4c5 b3b2 c5c6 b2b1q	1194	95	advancedPawn endgame promotion sacrifice
Ij4lw	r6k/3R3p/p2p1Np1/3P4/1pn5/7P/7K/8 b - - 0 36	a8f8 d7h7	636	97	arabianMate endgame mate mateIn1
IjTnc	r1br1k2/5qbQ/2p1p1p1/pp4N1/n1B1P3/8/1PP3PP/R1B4K w - - 0 21	g5f7 d8d1 c4f1 d1f1	650	100	backRankMate mate mateIn2
Ijbka	b4b1k/5p1p/p4pr1/1pN1pN2/1P1pP2Q/P6P/1Pr2PPK/8 b - - 7 31	c2b2 c5d7 a8e4 h4e4	2314	92	
IjdNk	1r4k1/1bp4p/1p1p3q/p1n1p3/P1P1P2n/1PN4P/2Q2B1K/5R1B b - - 1 27	b8f8 f2h4 f8f1 c2g2 g8f7 g2f1	1900	92	clearance fork sacrifice
IkEdX	1r3rk1/p1R3pp/6q1/3P4/2P5/P1Q1P3/6PP/4B1K1 w - - 1 26	h2h4 b8b1 c4c5 g6g3 c7g7 g3g7	1955	92	endgame pin
IkR2l	r4rk1/1pq4p/p1p1b1p1/1P2N3/P2PQP2/8/7P/2R2RK1 b - - 0 23	e6d5 e4d5 c6d5 c1c7	1433	96	
Il2lv	3r2k1/1p3ppp/4q3/p1Pp2n1/P2Q4/4PBP1/5PKP/2R4R w - - 3 25	h1d1 e6h3 g2h1 g5f3 d4h4 f3h4	1171	100	deflection
IlhLY	r4r1k/6pp/2ppq3/3n1p2/2BP3R/4P2P/PP2Q1P1/2R3K1 w - - 4 23	e2h5 e6e3 g1h2 d5f6 c1c3 e3c3 b2c3 f6h5	1890	92	fork
ImneY	r4rk1/pnp1qp1p/1p1p2p1/3PnP2/2P5/2PBB2Q/P5PP/R4RK1 b - - 2 18	e5d3 f5f6 e7f6 f1f6	1793	88	
InQbG	1k5r/ppb3pp/2q1p3/2PpP3/P2P1r2/1Q1B4/6PP/1R3NK1 b - - 1 24	h8f8 d3b5 c7e5 b5c6 f4f1 b1f1 e5d4 f1f2	1676	93	pin trappedPiece
Io4y6	3rQ2k/3P2p1/1B5p/4p3/p3B2P/5PK1/8/2q5 b - - 3 54	d8e8 d7e8q	815	100	advancedPawn endgame mate mateIn1 promotion
Io8qN	2rr2k1/p3qpp1/1p1p3p/3Bp3/4P1Q1/1P6/P1P2P1P/2b2KR1 b - - 1 23	g7g6 g4g6 g8h8 g6g7	1363	95	kingsideAttack mate mateIn2 pin
IpK61	8/5B2/5K2/p1k5/2P2np1/P7/1P6/8 w - - 0 44	f6f5 g4g3 f5e4 g3g2	1258	93	advancedPawn endgame
IpLNI	4r1k1/Qp4pp/2N1P3/P2p2r1/5p2/2Pn1P1P/1P2R1Pq/R4K2 b - - 0 30	b7c6 a7f7 g8h8 f7e8	896	100	backRankMate fork mate mateIn2
Ipe04	8/3k1p2/2r5/p2KPP1p/R1p4P/8/8/8 w - - 0 57	a4c4 c6c4 d5c4 d7c6 f5f6 c6d7	2435	92	defensiveMove endgame rookEndgame
IpnTx	8/8/5Qpk/q3p1p1/P2p4/6PP/5P2/6K1 b - - 0 39	a5a4 f6h8	928	96	endgame mate mateIn1 queenEndgame
IqpBW	5r2/2p3bk/1p1p2p1/3PpqP1/1PP1Nr1p/5P1P/4Q1K1/2R2R2 w - - 3 28	e2c2 f4f3 f1f3 f5f3	1634	91	
IrQcT	8/3b2r1/2p5/2R1p3/P3Pk2/5p2/1PP2K2/3R4 w - - 1 45	d1g1 g7g1 f2g1 f4e3 c5c3 e3e2 c3f3 e2f3	1952	96	endgame
IrlL3	r1bqk1nr/4ppb1/p5pp/3BP3/P4P2/8/1PP3PP/R1BQK2R b KQkq - 0 12	a8b8 d5f7 e8f7 d1d8	1457	88	deflection discoveredAttack
ItBUg	8/8/p3r1kp/2R2p2/4p3/4K2P/PPP5/8 w - - 0 40	b2b4 f5f4 e3f4 e4e3 c5c3 e3e2	1491	94	advancedPawn endgame rookEndgame
ItS7O	8/7p/5k2/1p1p1P2/3r1N2/1P2pKP1/P2b3P/3R4 w - - 3 40	g3g4 d4f4 f3f4 e3e2 d1d2 e2e1q	1427	100	advancedPawn deflection discoveredAttack endgame promotion sacrifice
IviYs	5r1k/8/3q2p1/p1pBnrP1/2P1R3/P2p3N/1P5Q/7K b - - 1 38	f5f1 h3g1 h8g7 h2h6	1291	95	discoveredAttack mate mateIn2
Iw9Uc	kr6/p1Q1Bb2/B3r3/3p3q/P2P1R2/7P/3N1K2/7R w - - 3 37	f4f7 h5f7 d2f3 b8b2 f2g3 e6g6 f3g5 g6g5	2564	95	exposedKing fork hangingPiece
IxfuH	k5r1/1p2R1p1/1B6/Pp1p1p1p/2bP3P/2P5/6P1/6K1 b - - 0 41	g7g5 h4g5 b5b4 c3b4	1737	88	endgame
IySOd	r1b1k2r/ppp1bp1p/2n1pp2/3q4/3PN3/6P1/PPP1NPBP/R2QK2R b KQkq - 4 9	f6f5 e4f6 e7f6 g2d5	981	97	discoveredAttack
IyU9F	r4r1k/5p1p/3RpP2/pqp5/2n1P1Q1/6P1/5PKP/3R4 b - - 0 26	f8g8 d6d8 b5e8 d8e8	1795	93	pin
IzUR5	8/1p3k1p/pPp1n1p1/2Pp1p2/P2P3P/4KBP1/5P2/8 b - - 0 28	a6a5 f3d5 c6d5 c5c6 b7c6 b6b7	1710	92	advancedPawn endgame sacrifice
IzfM4	8/b2r2pp/6k1/8/6P1/1Q2n2P/PP1p4/5R1K b - - 1 43	e3f1 b3e6 g6g5 e6d7	1019	96	endgame fork
J018N	3rr2k/1pp3bp/6p1/pP6/2BNn1b1/4qP2/PBQ3PP/2RR1K2 b - - 2 27	g7d4 d1d4 d8d4 c1d1 e4f6 b2d4	2503	93	attraction intermezzo pin sacrifice
J02lc	4Q3/5pkp/4p1p1/3p4/5b2/6PP/4q3/5RK1 b - - 4 33	f4g3 f1f7 g7h6 e8f8 h6h5 f7h7	1985	92	deflection endgame
J0BDl	4k3/pp4pp/2nQ4/3N4/8/7P/P1P3PK/2q5 b - - 2 35	c1g5 d5c7 e8f7 d6e6 f7f8 e6e8	1483	98	endgame exposedKing mate mateIn3
J0V4r	7Q/pp3k1p/2b2p2/8/5qn1/1N6/PPPK2PP/R3R3 w - - 5 28	d2d1 g4f2 d1e2 c6b5 c2c4 b5c4	1341	96	mate mateIn3
J10DB	r1bq2k1/1p6/p4p2/3p1n1B/3P4/r6P/P2Q2P1/4RRK1 b - - 1 25	d8f8 e1e8 f8e8 h5e8	1418	97	pin
J1TJB	8/2q3k1/1br1p1p1/1p1p1pNr/p1nP3P/P4QR1/1PR2BK1/8 b - - 1 42	c4e3 f3e3 c6c2 g5e6	1654	96	
J26AK	r4bk1/pp3ppp/2qp1n2/3Nr3/4P3/3B1Q2/P5PP/4RR1K b - - 1 19	f6d5 f3f7 g8h8 f7f8 a8f8 f1f8	864	97	backRankMate deflection mate mateIn3
J4QfL	8/4kp2/4p1pp/3pP3/1p1P1PKP/1P4P1/8/8 b - - 0 37	f7f6 e5f6 e7f7 h4h5 f7f6 g4h4 g6h5 h4h5 f6f5 h5h6 f5e4 g3g4	2514	91	defensiveMove endgame pawnEndgame
J5UFs	4r1k1/p1q3b1/1p1nPpp1/2p3N1/2P3P1/r7/2PQ1P2/3RR1K1 b - - 1 25	d6c4 d2d7 e8e7 d7c7	2013	89	
J5bBJ	5r1k/1p2Q1pp/p7/8/8/1PP5/5qPP/3R2K1 w - - 0 28	g1h1 f2f1 d1f1 f8f1	640	100	backRankMate endgame mate mateIn2 sacrifice
J5dCf	1R2b2r/3r1kp1/4p3/1PQpPpq1/2PP3p/3B4/1P3PP1/5RK1 w - - 0 27	b5b6 h4h3 g2g3 g5g4 g1h2 g4f3	2422	90	
J7YTQ	r3r1k1/ppq2pp1/2pRn1p1/4P3/7Q/5N1P/PPP3P1/4R2K b - - 3 23	c7e7 d6e6 e7h4 e6e8 a8e8 f3h4	1669	91	intermezzo kingsideAttack
J7tyE	4R3/5p2/p4kp1/1pBqp1P1/1P6/P3P1K1/5P2/8 b - - 0 33	f6g5 e8e5 d5e5 f2f4 g5f6 f4e5	1989	94	attraction endgame fork sacrifice
J7wEb	8/8/6p1/K1k2p1p/P6P/6P1/8/8 b - - 0 47	c5c6 a5b4 g6g5 h4g5	2184	93	endgame pawnEndgame
J9KjQ	8/8/3k4/pppp1PK1/8/2P5/PP6/8 b - - 0 47	d5d4 c3d4 c5d4 g5f4 d4d3 f4e3 d3d2 e3d2	2281	95	endgame pawnEndgame
J9hdZ	r1b4r/2q3k1/p2p1pp1/PppPp1n1/4P1PN/2P1Q1R1/1PB2PK1/7R b - - 7 36	c7e7 h4g6 g7g6 h1h8	1998	94	deflection discoveredAttack
JA7DQ	8/6k1/4n3/p2pPKPP/1p1P4/P4N2/1P6/3b4 b - - 4 40	d1f3 h5h6 g7f7 g5g6 f7e7 h6h7 f3e4 f5g4 e4g6 h7h8q	1577	96	advancedPawn endgame exposedKing promotion
JAGfP	5rk1/pp2Rppp/3r4/2p4q/2Pn2P1/3P3P/PP3Q2/1K3R2 b - - 0 22	h5h3 f2f7 f8f7 e7e8 f7f8 f1f8	1273	94	kingsideAttack mate mateIn3 sacrifice
JCLo1	4r1k1/3R1p2/3P1p1p/7P/p7/5QP1/1q2NK2/8 w - - 0 31	d7a7 b2b6 f2g2 b6a7	1460	100	endgame fork
JCYjK	6rk/1p3prR/p2p1Q2/4nP2/qP2B3/2P3R1/5PPP/6K1 b - - 0 30	h8h7 g3h3	1083	85	mate mateIn1
JDEmD	3r4/6k1/p7/2p2b1p/8/P3P3/2KR4/1R6 w - - 1 35	c2c1 d8d2 b1b7 d2d7	1540	94	endgame
JDilU	r1b2k2/pp1n2pp/2p2n2/8/2B3r1/q1PQ4/P1P2PPP/R3R1K1 b - - 1 16	d7b6 d3d8 f6e8 d8e8	683	100	mate mateIn2
JFizS	6rk/pp3p1p/2qp1Pp1/8/2B1PR1Q/7P/PP4P1/7K b - - 0 27	c6c4 h4h7 h8h7 f4h4	1385	93	attraction endgame mate mateIn2 sacrifice
JGtZ0	2k4r/BR3R2/3pp3/4p3/2p3r1/2P2N1p/P4n2/7K w - - 1 36	h1h2 g4g2	696	100	mate mateIn1
JHlCC	8/8/6p1/8/5kp1/3R4/5K2/4r3 b - - 19 70	e1e3 d3e3 g4g3 e3g3	1006	98	endgame rookEndgame
JIbPl	r4rk1/pp3pp1/2n1p2p/4P3/3q2P1/3B4/PP1Q1R1P/R5K1 b - - 1 19	c6e5 d3h7 g8h7 d2d4	879	97	discoveredAttack
JJmzj	8/8/5k2/1b6/pP2P2N/P1p1K2B/1n6/8 w - - 1 46	h4f3 b2d1 e3d4 c3c2	1993	92	advancedPawn endgame
JK8Hz	5k2/1r1bq1p1/8/1p1Pp1p1/2p1n3/P1P1Q3/2N3R1/5BK1 b - - 1 33	e7c5 g2f2 f8g8 e3e4	1674	93	
JKIYx	2r3k1/1b3p2/1pq1p1p1/p3Q1Np/7P/5PP1/P2R2K1/8 b - - 1 31	c6c3 d2d8 c8d8 e5c3	1398	94	deflection endgame
JMABq	q4k1r/p4pp1/3p1nb1/1Np2n2/2P2B2/3P2P1/P5KP/R2QR3 w - - 1 21	d1f3 h8h2 g2h2 a8f3	1650	98	deflection
JOaXn	3q3k/p6p/1p4p1/3p1p2/1P5P/1Br2PP1/P3QK2/8 b - - 0 34	d5d4 e2e5 d8f6 e5f6	969	100	endgame mate mateIn2
JQLYD	b4r2/5qbk/pB3nnp/2PP1p2/5Pp1/2N3P1/P2QB2P/2R1R1K1 w - - 1 25	d5d6 f7b7 c5c6 b7b6	2368	91	
JR5ob	rnQ4r/p4kp1/1p2p2n/3q4/3Pp2p/B3P2P/P4PB1/R4K1R w - - 3 20	c8h8 b8d7 h8a8 d5a8	1715	92	quietMove
JSRZ3	8/5p2/p1k1p1p1/P1p1PP2/1pP1K1P1/1P6/8/8 b - - 0 38	g6f5 g4f5 c6d7 e4f4 e6f5 f4f5 d7e7 f5f4	2535	92	defensiveMove endgame pawnEndgame
JT4Yc	r2q1rk1/p1p3pp/1pnpbn2/4p1B1/3P3N/P1P5/2P1BPPP/1R1Q1RK1 b - - 0 13	d8d7 g5f6 f8f6 d4d5	1749	94	
JTOj3	8/7p/3k1pp1/8/3P3P/6K1/6P1/8 w - - 0 44	h4h5 d6d5 g3f4 d5d4	1752	94	endgame pawnEndgame
JTeCb	4k2r/6p1/2p1Np1p/3n3P/pb2P2N/K2b1Q2/P2p1PP1/3R4 w k - 6 31	a3a4 d3c2 f3b3 c2d1 b3d1 d5c3 a4b4 c3d1	2511	91	attraction fork pin
JVdnf	7r/4k1p1/p3pq2/1p1pN2r/3P2Qn/1BP5/PP5R/4R2K w - - 3 31	e5g6 f6g6 g4g6 h4g6 h2h5 h8h5	1765	94	
JX0nT	8/8/4k3/1p4p1/1Pp1PbP1/2B1K3/8/8 w - - 3 45	e3f3 f4e5 c3d2 e5b2 d2g5 c4c3	2596	92	endgame
JXFSh	3rkbnr/pQpb1ppp/8/8/3qp3/8/PPP2PPP/RNB1KB1R w KQk - 1 9	c1e3 d4d1 e1d1 d7g4 d1c1 d8d1	2081	94	attraction doubleCheck mate mateIn3 sacrifice
JXTxr	r3rk2/pb1n1p1B/2p1p2p/q2nP2P/1p1P2pB/2P5/P2QNPP1/R3K2R b KQ - 3 20	b4c3 d2h6	879	89	mate mateIn1
JYhk8	r1r3k1/pb1q1ppp/2p1p3/1pbP4/Q1P2P2/2N3P1/P3P1BP/2RR3K w - - 0 20	d5c6 d7c6 g2c6 b7c6 e2e4 b5a4	2199	91	sacrifice
JZCY6	1r5k/p3p2p/2ppR1p1/2p2nP1/8/3P1R2/PbP4P/3N3K w - - 0 26	d1e3 f5d4 e6e7 d4f3	1827	93	endgame fork
JZeeW	r4k2/2p2p1p/p4p2/1p5Q/8/P2q4/5PPP/4R1K1 b - - 0 27	a8e8 h5h6 f8g8 e1e8	1195	93	deflection endgame mate mateIn2
Ja3r1	2r1r3/p2n2k1/1P1P1q1p/1P2p1p1/2NpP3/5pPP/1Q3P2/4RBK1 b - - 0 37	d7b6 c4b6 a7b6 d6d7	1536	97	advancedPawn
Ja8W9	1r5k/1p4p1/1p1b3p/3B4/3p4/5PP1/PP5P/3R2K1 w - - 0 27	d1d4 d6c5 g1f1 c5d4	761	99	endgame pin
JbEzg	3r1r1k/1p2bp1P/4p1P1/p3P3/3p1PQ1/q1P5/2P5/3K2RR b - - 2 25	d4c3 d1e2 f7g6 g4g6 d8d2 e2f3	1812	93	defensiveMove
Jc2o3	3r3k/1bq5/4p1Q1/1p3p2/6p1/6P1/4PP1P/2Rr1BK1 w - - 0 35	c1c7 d1f1 g1f1 d8d1	673	100	attraction endgame mate mateIn2 sacrifice
JccIq	5r1k/1Q4bp/p1p3p1/7q/2Pn4/2N5/PP3PPP/1R3RK1 w - - 1 26	b7a6 d4f3 g2f3 g7e5 h2h4 h5h4	2309	94	sacrifice
JdESH	8/5P1p/4K3/1pk5/6R1/8/5r2/8 b - - 5 52	f2e2 e6f5 e2f2 g4f4 f2f4 f5f4	1873	95	defensiveMove endgame rookEndgame
JfDCd	rn2k2r/pp3ppp/4b3/2bq4/Q4B2/8/PP3PPP/R3KBNR b KQkq - 1 10	d5c6 f1b5 e8g8 b5c6	1100	94	pin
Jfb44	3rb1k1/1p3pp1/p6p/8/PbBB2n1/2N5/1PP2PPP/3R2K1 w - - 0 19	f2f3 b4c3 b2c3 g4e3	2216	93	
JfzYW	r4rk1/pp1q1ppn/2p3np/4N3/3P2b1/P1P5/1PQN2PP/1B2RRK1 b - - 0 18	g6e5 c2h7	847	100	kingsideAttack mate mateIn1
JiMyR	3R4/4r1p1/p4r1p/1p1k4/3N4/2P3KP/PP4P1/8 b - - 5 32	f6d6 d8d6 d5d6 d4f5 d6e6 f5e7	1351	94	attraction endgame fork
JiOX1	2k3r1/2q2b2/4p3/pQB1R3/Pp1P1n1p/1Pp5/5P2/4RK2 w - - 3 34	b5a6 c7b7 a6b7 c8b7	1101	97	defensiveMove
Jibga	8/8/8/4kp2/6p1/5PP1/6K1/8 w - - 1 52	f3g4 f5g4 g2f1 e5d4 f1e2 d4e4	2063	92	defensiveMove endgame pawnEndgame zugzwang
JjPA0	1r5k/3b1q2/p3p3/3pPpRp/P4P1P/7R/1r4PK/3Q4 b - - 3 42	b2b1 d1h5 f7h5 g5h5 h8g8 h3g3 g8f8 h5h8 f8f7 h8h7	2416	92	exposedKing
JjjlV	8/5R2/8/6p1/6k1/5p1p/5K2/8 w - - 4 89	f7f3 h3h2 f3d3 h2h1q	633	100	advancedPawn endgame promotion rookEndgame
Jkw9L	2kr4/p1p5/2p2p2/4pqPr/N2p4/NP2P1Q1/P1PP2P1/R5K1 w - - 1 20	a1f1 h5h1 g1h1 f5f1 h1h2 d8h8 g3h3 h8h3	1338	97	attraction deflection kingsideAttack
Jl0Iv	2r1r1k1/1p2Rp2/p2p2p1/3q4/P4PP1/2R5/5QP1/6K1 b - - 1 34	e8e7 c3c8 g8g7 f2h4 d5d4 g1h1 e7e1 h4e1	2322	95	endgame hangingPiece
JlQru	1r4q1/4R1p1/5p1k/4pQ1p/3pP3/3P1P1P/6PK/8 w - - 10 40	g2g4 g8a2 h2g3 h5h4 g3h4 a2f2	1785	96	attraction endgame mate mateIn3
JlZS4	3rr1k1/2q2pp1/5b1p/p1p2N2/2p1p3/2P2Q1P/PP3PP1/3RR1K1 w - - 0 23	e1e4 d8d1 f3d1 e8e4	980	100	kingsideAttack
JlbiQ	5n1r/p2Qnk2/1p2p2q/4PpR1/1P1N1Pp1/4P1P1/4NK2/8 w - - 12 39	d7c7 h6h1 g5g7 f7g7 c7e7 g7g8 e7g5 g8f7	2257	93	defensiveMove quietMove
Jlw69	2kr3r/1p2b2Q/p1q1pp2/2p5/4Nn2/1P1P4/PBP2PPP/R4RK1 w - - 1 20	h7e7 f4e2 g1h1 h8h2 h1h2 d8h8 e7h7 h8h7	1381	93	anastasiaMate attraction kingsideAttack mate mateIn4 sacrifice
JnMjb	8/8/1p6/1P1r3p/2k1QP2/3p3P/6PK/2r5 b - - 1 56	c4c5 e4e3 c5b4 e3c1	1503	96	endgame fork queenRookEndgame
JnWAb	r1bQ4/5ppk/p6p/2ppq2n/8/2N5/PPPP2PP/R1B3K1 w - - 2 22	d8d5 e5e1	759	99	mate mateIn1
JnbFp	r2q1rk1/p4pp1/1p1ppn1p/2n5/1PP1b3/2B2NP1/P3RPBP/R2Q2K1 b - - 0 14	c5a6 c3f6 d8f6 e2e4	1399	86	capturingDefender
Jnj80	8/8/pp2n2p/4k1pP/PPK1p1P1/2N1P3/8/8 b - - 0 38	e6g7 b4b5 a6a5 c3d5 g7e6 d5b6	2504	95	endgame knightEndgame
JnrnS	r5rk/pp1q3p/2nb2R1/3p1P1Q/1P1P4/P3B3/3K1P1P/6R1 b - - 0 24	c6e7 h5h7 h8h7 g6h6	1754	87	attraction kingsideAttack mate mateIn2 sacrifice
Jq8cF	8/7p/p1b1kp2/1pB2p2/1b1K1P1P/1PN3P1/P7/8 b - - 4 51	a6a5 c5b4 a5b4 c3d1	2453	95	defensiveMove endgame
JrwuF	3r2k1/Q4p1p/1p2p1p1/4P3/5q2/P6P/1PR2PP1/2Rr2K1 w - - 1 34	c1d1 d8d1	856	100	endgame mate mateIn1
JsmM8	r3r1k1/pp4q1/2b3p1/3p1p2/5Q2/3BR3/PPP2PP1/3R2K1 w - - 0 25	d3f5 e8e3 f2e3 g6f5	1676	87	intermezzo
JtCQY	3q1b1r/1k1nppp1/1r5p/3Pn3/Q3PBb1/2R5/PP3PPP/5RK1 b - - 5 23	d8a8 c3c7 b7c7 a4a8	1544	94	deflection
JtEHz	3B1k2/5pbp/P3b1p1/1Bn1p3/4P3/5P2/2r3PP/5RK1 b - - 0 28	e6c4 a6a7 c2a2 b5c4 a2a7 d8b6	2184	95	advancedPawn
JvqI7	3r1rk1/pp2qpp1/2p1b2p/4Q3/8/2N3R1/PPP2PPP/R5K1 b - - 3 17	e7d6 e5g7	693	100	kingsideAttack mate mateIn1
JxQBD	3r3k/1p4pp/p7/4np2/4p2P/1Nq3P1/P1P1QP2/3R2K1 b - - 1 26	e5f3 e2f3 d8d1 f3d1	1625	93	endgame
JxV8y	3r1rk1/ppq3pp/3b1n2/3p1Q2/2pP4/P1B4P/1P2BPP1/R4RK1 b - - 2 22	f6e4 f5d5 g8h8 d5e4	1626	94	fork
Jxact	1k5r/ppp3pp/4Qnp1/8/6P1/2N2P2/Pr4q1/K2RR3 b - - 2 23	g2c2 e6e8 h8e8 e1e8 f6e8 d1d8	1406	91	backRankMate mate mateIn3 sacrifice
JxkT5	r1b2rk1/pp2qpp1/7p/1B2P2Q/4n3/8/PPPB2PP/R4RK1 w - - 1 18	d2e1 e7c5 g1h1 c5b5	1194	94	fork
K1M2s	1R6/2p1kp2/4p3/pB1pBn2/3P4/K3P3/PPb2r2/2r5 b - - 1 33	f5e3 b8e8	645	100	mate mateIn1
K22xM	3r2k1/pp3ppp/2p2b2/2q2P2/2PB2R1/1P2rQ1P/P5P1/3R3K b - - 0 27	f6d4 f3e3 d4e3 d1d8 c5f8 d8f8	1849	97	kingsideAttack
K2cjn	2r3k1/2r2pp1/1p6/pB3Nq1/3QP3/P4n1P/1P1R3P/3R3K w - - 1 31	d4d6 c7c1 d2g2 c1d1 d6d1 c8c1 g2g5 c1d1 h1g2 f3g5	2564	94	attraction clearance pin
K3mfS	2r2k2/pp2bpRp/4bn2/4N2q/2BP4/8/PPQ2P1P/2K3R1 b - - 2 20	e6c4 e5d7 f8e8 d7f6 e7f6 g7g8 e8d7 g8c8	2056	93	
K5Uyz	4r3/1p4kp/pq4p1/3B1p2/3Nb3/4Q3/PPP4P/R5K1 w - - 1 30	d4e6 e8e6 e3b6 e6b6 d5e4 f5e4	1211	93	
K63Ol	2kr3r/Qpp2ppp/2q5/3n4/3P4/B1P2P1P/P4P2/4RK1R b - - 0 17	d5c3 a7a8 c8d7 e1e7	1240	95	mate mateIn2 queensideAttack
K6PZl	7k/p5pp/1p1P4/2p1qp2/8/P7/1P4Q1/7K b - - 2 34	e5d6 g2a8 d6b8 a8b8	870	100	backRankMate endgame mate mateIn2 queenEndgame
K6YLp	3rr1k1/ppp1nq1p/3b1ppB/3b4/2B1N3/P7/1PQ2PPP/R3R1K1 w - - 6 18	e4f6 f7f6 c4d5 e7d5	709	99	hangingPiece
K7CS2	r7/pp3B2/3B1kp1/1b3n1p/8/8/PPK5/5R2 b - - 0 38	b5c4 f7c4 a8c8 c2b3	2040	94	defensiveMove endgame hangingPiece pin
K7Xz0	k1q5/p2r4/P3p2b/2p1Pp1p/P1Qr1P2/4KP2/2R2B2/3R4 w - - 0 32	c4c5 h6f4 e3e2 c8a6 c5b5 a6b5 a4b5 d4d1	2353	93	
K8kRe	Q5R1/3n1pk1/4p1pp/3p4/2r5/2P5/KPB2P2/2q5 b - - 9 41	g7h7 a8e8 c4a4 c2a4	2537	94	endgame
K95fX	r2qk2r/p2b1ppp/4p3/1Bbn4/Q7/5N2/PP3PPP/R1B1K2R b KQkq - 3 12	c5f2 e1f2 d8b6 f3d4	2031	88	hangingPiece
K9CDr	8/R5k1/6p1/4r1bp/2B5/P3p3/1P5P/1K6 b - - 2 40	g7f6 a7f7	668	86	endgame mate mateIn1
KBDH9	r2q1rk1/p4p1p/1pn4p/2bN1N1n/6P1/P4P2/1PPQ3P/R4K1R b - - 0 18	d8g5 f5h6 g5h6 d2h6	1573	94	kingsideAttack xRayAttack
KBIKd	2r5/4Q3/4R1pk/3p1p1p/3q1P2/2r4P/6P1/4R2K b - - 1 41	d4f4 e6g6 h6g6 e1e6	1333	91	attraction endgame mate mateIn2 sacrifice
KCRQQ	r5rk/p1p2p1p/2pq1p1Q/3ppP2/4P1R1/2P4P/PPP2P1K/R7 b - - 3 21	d5e4 a1d1 g8g4 d1d6 c7d6 h3g4	2455	92	endgame
KCu2X	1k5r/ppp2ppp/5n2/2b5/Q4B2/8/PP3qBP/3R3K b - - 0 19	h8e8 a4e8 f6e8 d1d8	1079	89	mate mateIn2 queensideAttack sacrifice
KDn9P	3r1rk1/p2n1p1p/1qp3p1/1p3Nb1/1P2PR2/P2B4/1BP1Q1KP/R7 b - - 0 23	g5f4 f5e7	1276	90	mate mateIn1
KEIoV	5r1k/1p3Bp1/2p1Q1pq/2P5/1P6/8/5K2/8 b - - 3 48	h6h3 e6h3	694	100	endgame hangingPiece mate mateIn1
KEMGH	Q1kq1b1r/2p3pp/1nPn4/4p3/8/8/1P3PPP/R1B1R1K1 b - - 6 27	b6a8 a1a8	679	100	mate mateIn1 queensideAttack
KGTCn	r4rk1/1bq1bpp1/p1p5/1p3P1Q/4B2p/P5P1/1PP5/1K1R3R b - - 1 20	e7f6 h1h4 f6h4 f5f6 g7g6 h5h4	2336	91	intermezzo sacrifice
KGdQm	2rr3k/R3pp1p/6p1/1P1QP3/3P1b1q/4N3/1R1B1P2/6K1 w - - 5 50	a7d7 h4h2 g1f1 h2h3	2267	92	
KH939	2r2b1r/pp1knbpp/8/q2pQ3/3P1P2/2P2N2/PP4PP/R3KB1R b KQ - 1 14	c8c3 b2c3 a5c3 e1f2	2342	92	defensiveMove
KHSwX	r3r3/1p1k1pQ1/pq2b3/2bpP1B1/6n1/P1N5/1PB2PPP/R4RK1 w - - 3 24	g5h4 e8g8 g7h7 g8h8	1903	92	
KIee3	b2r2k1/4q1pp/8/1p4N1/7P/2N3P1/1b3PB1/1Q4K1 b - - 0 27	a8g2 b1h7 g8f8 h7h8	977	100	mate mateIn2
KJI2V	r1b4r/p1kp1p2/2pQpP1p/8/8/2PR1N2/2PK1PqP/8 b - - 7 22	c7b7 c3c4 g2f2 d2c1 a7a5 d3b3	2401	91	defensiveMove quietMove
KJdWv	8/6Rp/3k4/1r3P2/1p6/5K1P/8/8 w - - 1 39	f5f6 b4b3 f6f7 d6e7 f7f8q e7f8	2308	92	endgame rookEndgame
KJjgH	4RQ2/5pk1/2p4p/3q2p1/3P4/6PP/1r4PK/8 b - - 1 37	g7h7 f8g8	1355	95	endgame mate mateIn1
KKzyX	r1bqkbnr/pp4p1/2p1PnQp/8/5B2/8/PPP2PPP/RN3RK1 b - - 2 14	e8e7 g6f7	809	100	mate mateIn1
KMFsG	rr6/p3Np1k/4pB2/2np4/4b3/P1P1K1R1/8/8 b - - 11 36	e4g6 g3h3 g6h5 h3h5	1030	100	mate mateIn2
KO6Og	2r3k1/5p2/7B/8/1p6/7P/p1P2PP1/2R3K1 w - - 0 37	h6d2 b4b3 c2b3 c8c1	2191	96	endgame
KOQSd	r4rk1/5pp1/3qp1b1/2p3Pp/1nB4P/2PPQP2/pP2N3/1K1R3R w - - 0 28	b1a1 b4c2	745	100	mate mateIn1
KQaMH	1r4k1/p4r1p/5qp1/4R3/8/1NP3Pb/PP2Q2P/R6K w - - 3 29	e5e8 b8e8 e2e8 g8g7	2445	89	
KR9qC	8/1kp5/7p/p4p1P/4p3/4n1P1/6QK/8 w - - 0 59	g2f2 e3g4 h2g1 g4f2	864	100	endgame fork
KSEOX	8/5p1k/6pp/pp4q1/2pPQ3/7P/PP1r2P1/4R2K b - - 0 35	d2b2 e1f1 h7g7 e4b7 g5f5 f1f5	2518	92	endgame
KWACC	1k1rqb1Q/1pp2p1p/p7/3pp3/4P3/3P3P/PPP3P1/R1B2RK1 w - - 0 16	c1g5 f8c5 g1h1 e8h8	852	97	discoveredAttack
KWpRp	8/8/p4k2/1p3p2/1P3K2/6P1/P7/8 b - - 0 48	f6e6 f4g5 e6e5 a2a3 e5e6 g5g6	2537	95	endgame pawnEndgame quietMove zugzwang
KXvuo	3r4/p2Pr1k1/1p2ppp1/2p4p/q1P2P1Q/6R1/P5PP/3R2K1 b - - 1 32	a4c4 g3g6 g7g6 f4f5 e6f5 h4c4	2231	93	attraction discoveredAttack endgame sacrifice
KY17F	2r4k/6p1/p3ppQp/8/1p6/2q4P/5PPK/2BR4 b - - 1 33	b4b3 d1d7 c3c7 d7c7	1748	88	endgame
KYwl5	8/4b3/2k5/2P1pPp1/2K1P2p/4B2P/8/8 w - - 7 39	e3d2 g5g4 d2e3 g4h3 e3g1 e7c5 g1h2 c5f2	2337	97	bishopEndgame defensiveMove endgame
KZ9Ni	8/3k1pp1/8/4KP1p/7P/5P2/8/8 b - - 0 44	d7e7 f5f6 g7f6 e5f5 e7d8 f5f6	2049	93	endgame pawnEndgame zugzwang
KZoBg	8/2p5/1pp4K/3k2p1/5pP1/P1PN1n1P/1P6/8 w - - 4 39	h6g6 f3e5 g6f6 e5d3	1484	94	endgame knightEndgame
Ka9Lo	3r4/pp3p2/3pk3/P3p2p/4K1R1/P7/8/7R w - - 0 35	h1h5 f7f5 h5f5 d6d5 e4d3 e6f5	1880	88	deflection endgame fork rookEndgame
Kakqv	3q4/3nk1Q1/p2p2P1/2p1p3/P3P3/3PN2P/r7/n5K1 b - - 0 36	e7e6 g7f7	895	100	endgame mate mateIn1
Kaw32	8/1r3p2/k7/2QbP3/r2pq3/5RP1/7P/5RK1 b - - 5 44	d4d3 f3f6 d5e6 f6f4	2173	95	
KbZuf	3r1rk1/ppp2p2/5Qp1/8/1P2P1R1/6PK/P2q3P/4R3 b - - 3 31	d2e1 g4h4 e1f1 f6f1	1798	92	endgame quietMove
KcNrk	Qn2k1nr/p2b1ppp/8/1pb1q3/P1p5/8/1P2BPPP/RNB1K2R w KQk - 2 12	b1c3 d7c6 a8b8 e5b8	1658	96	trappedPiece
Kcc6f	r1q4k/6pp/2p5/p4r2/P1PQ1P2/1p2R3/1P5P/2K1R3 b - - 1 32	c8c7 e3e8 f5f8 e1e7 c7e7 e8e7	2327	90	clearance endgame
KfDxY	8/2r5/3r3p/P4R1P/2Bkp3/1P3p2/2P2K2/8 b - - 1 38	c7c5 c2c3 d4c3 f5c5	1626	96	deflection endgame
Kfcmq	rbb2k1r/4npp1/p3p3/P1N3Pp/1P2NR2/BBP4P/6K1/3R4 b - - 0 31	b8f4 d1d8	763	98	backRankMate mate mateIn1
KgH3N	1r5k/Q5pp/2p2pq1/8/3P4/2P2bbP/PP3P2/R4RK1 w - - 0 22	a7b8 g3b8	969	99	discoveredAttack endgame hangingPiece mate mateIn1
KjQFT	8/pk3pr1/1pp1q1r1/3p4/5P1p/3PPQP1/P3K2P/2R2R2 b - - 1 29	h4g3 f4f5 e6f6 f5g6 f6b2 e2d1	1599	92	defensiveMove endgame fork
KjYoL	8/R5pp/8/4P3/2P1rB1P/2kb2P1/8/2K5 w - - 3 36	c1d1 d3c2 d1c1 e4e1	1505	96	endgame mate mateIn2
Kk6Wv	7R/8/8/p2r4/1p2p1kP/4K3/1P3P2/8 b - - 1 62	g4f5 h8h5 f5e6 h5d5	1181	88	endgame rookEndgame
KkEIO	8/5kp1/7p/1prn4/4RB1P/5PPK/8/8 w - - 4 54	e4e5 d5f4 g3f4 c5e5	750	88	discoveredAttack endgame
KkIik	1r1q4/ppp1n1bk/3pNrpp/3Pn3/2P1P3/7Q/PP2N3/2K3RR b - - 0 23	d8g8 h3h6 g7h6 h1h6 h7h6 g1h1	2103	94	anastasiaMate attraction mate mateIn3 sacrifice
Knd4Z	2R5/5rk1/4p1p1/7p/2R4P/2P3P1/5rK1/8 w - - 0 54	g2g1 f2f1 g1h2 f7f2 h2h3 f1h1	919	97	endgame exposedKing mate mateIn3 rookEndgame
KoZVu	rn1qr1k1/pp2bR1p/2p1p1p1/3n2B1/3P3Q/2NB4/PPP3PP/R5K1 b - - 0 14	e7g5 h4h7	725	100	kingsideAttack mate mateIn1
Koyyk	r5rk/p2n1p1p/1q3p1B/1p2pP2/P1p4Q/2P2R2/6PP/R6K b - - 2 23	b5a4 h6e3 g8g7 e3b6	2536	94	
KpD3X	2R5/7p/p3pkp1/2P2p2/8/P5QP/5PPK/2qr4 w - - 1 33	g3h4 g6g5 h4h6 f6e5 h6g7 e5f4 g2g3 f4f3	2522	91	defensiveMove endgame
KqBCq	8/7R/5kp1/p4p2/8/1r2P2P/5PPK/8 w - - 0 43	h7h6 f6g7 h6h4 b3b4 h4d4 b4d4	2092	92	endgame rookEndgame
KqINe	4r1k1/p2b1p1p/1p4p1/q2P4/8/1Q3B1P/P4PP1/2R3K1 w - - 1 24	c1c7 a5e1 g1h2 e1e5 g2g3 e5c7	1554	96	endgame fork
Kqe7T	8/2R5/6pk/4p3/B7/1P4P1/r6r/2KR4 w - - 0 44	g3g4 a2a1	1088	90	endgame mate mateIn1
KrVr1	2r3k1/4bpp1/3p1n1p/1N2p3/1p2q3/1P5P/1BPRQPP1/6K1 b - - 8 23	e4c6 b5a7 c6b7 a7c8	1227	96	fork
Krm6v	r2qk2r/pppn1pp1/4p2p/3pPb1P/6Pb/2P2P2/PP1NP3/R1BQKB1R w KQkq - 1 11	h1h4 d8h4	626	100	hangingPiece mate mateIn1
KsAxE	3r1rk1/2p3p1/1p2p2p/p3PQ2/P7/R3B2P/1P1b1PP1/5RK1 b - - 0 22	f8f5 f1d1 f5e5 d1d2	1760	89	endgame
KsLnb	1N6/8/p4k2/PpP3p1/2r4p/4K2P/6P1/8 b - - 2 48	c4c5 b8d7 f6e7 d7c5	716	100	endgame fork
Ku28Y	5k2/7p/p5r1/2n1p3/4q3/1P5Q/PB1p1PRP/3N3K w - - 2 46	f2f3 e4e1 g2g1 e1g1	765	100	fork mate mateIn2
KuAMc	4rr1k/ppp5/3p1b1p/8/3P1p1q/2P2P1b/PPBQR2N/6RK b - - 6 30	f6g5 d2d3 h3f5 d3f5 f8f5 e2e8 f5f8 e8f8	2252	100	deflection exposedKing kingsideAttack quietMove
KuLG7	r1b2k2/p5q1/1pp2b2/2np2pB/1P2n2p/2N2Q1P/P1P2PP1/4R1K1 b - - 0 30	e4c3 e1e8	845	100	mate mateIn1
KuVYg	8/R7/8/Pk3p2/4p3/6K1/5P2/r7 b - - 3 47	a1a5 a7a5 b5a5 g3f4 a5b4 f4f5	1223	97	endgame rookEndgame
KumUM	1r6/1PK2p2/8/5p2/7k/1R6/8/8 b - - 1 47	b8b7 c7b7 h4g4 b7c6	2304	95	defensiveMove endgame hangingPiece rookEndgame
KwKMz	8/8/3q2pk/5p2/7p/4Q1PP/5P1K/8 b - - 1 50	f5f4 e3f4 d6f4 g3f4 g6g5 h2g2 g5f4 g2f3 h6g5 f3e4	2501	92	endgame queenEndgame
Kwrnq	2r1kq1r/5pp1/B3b3/3N2QP/8/4P3/1pP5/1K1R4 b k - 1 26	f8a3 d5c7 e8f8 d1d8 c8d8 g5d8	1907	92	mate mateIn3
Kxdpg	3q1rk1/r4p1p/pnp3pN/2N1P3/3P1R2/3R4/PP4PP/6K1 b - - 1 31	g8g7 f4f7 a7f7 c5e6 g7h8 h6f7 f8f7 e6d8	2244	94	fork sacrifice
Kzt8l	8/6p1/p6p/1p1k1p1P/1PrP1K2/P2R1P2/8/8 b - - 1 40	c4d4 d3d4 d5d4 f4f5 d4e3 f5g6	1962	94	endgame rookEndgame
L03Y2	6r1/7p/3b4/8/4QP2/2kr4/4B2P/6K1 w - - 5 40	g1f2 d6c5 f2e1 g8g1 e2f1 d3e3 e4e3 c5e3	1519	94	endgame exposedKing fork
L0Mec	7k/pp4p1/2p1p3/8/2Pq1P2/3B1Q1P/1r6/5K2 b - - 7 41	d4f6 f3h5 h8g8 h5e8	1637	94	endgame
L1Dmn	2r5/3b3k/6R1/1P1Nb2B/5pp1/8/5PPP/6K1 w - - 3 42	g2g3 c8c1 g1g2 f4f3	1099	99	endgame mate mateIn2
L1j85	5k2/bp1R2pp/2p1pq2/4p2n/P1Q1P3/2P4P/1P2NPP1/6K1 w - - 2 27	d7b7 f6f2 g1h2 h5f4 c4b4 a7c5 b4c5 f2c5 e2f4 e5f4	2348	94	endgame
L3205	4r1k1/1ppr1p1p/p4P2/2pn4/6Q1/1N1P4/PPP3PP/4qR1K b - - 1 25	g8h8 g4g7	963	95	mate mateIn1
L3J7I	6k1/5p2/6pp/P2p4/1n6/5PN1/3R1KPP/r7 w - - 4 39	d2b2 b4d3 f2e3 d3b2	784	100	endgame fork
L3UC0	3R4/5Qpk/4p2p/p7/2r2P2/2P4P/1q4P1/7K b - - 0 35	b2c3 f7g8 h7g6 g8e6	1330	87	endgame
L4J5k	4r1k1/2q3pp/R3r1b1/1p1B2Pn/3P4/5Q1P/1PPB1P2/6K1 b - - 0 26	c7c8 d5e6 e8e6 a6a8	2385	96	fork pin
L72IX	8/8/2r3k1/2P5/5n2/5PNP/5P2/2R3K1 w - - 1 36	g3e4 f4e2 g1g2 e2c1	915	100	endgame fork
L7qfX	2k5/ppq3p1/2p5/3p1p2/1P1Pr1P1/P2Q1K2/2Pb1PP1/4R3 w - - 1 29	d3d2 f5g4	1347	100	endgame mate mateIn1
L9bdr	r6k/p5bp/2RP2q1/3Q4/3P1r2/P7/3N1P2/5B1K w - - 2 30	d6d7 f4h4 f1h3 h4h3	1078	94	mate mateIn2
LACb8	2rr2k1/p1N2ppp/2R5/1p6/4Pn2/8/PP3PPP/3R3K w - - 3 22	c6d6 d8d6 d1d6 f4e6	1781	93	endgame
LBNTa	2R2bk1/pN6/5p2/3p3p/3n4/5N2/PP1Qr1p1/7K w - - 0 30	h1g1 d4f3	1065	97	hangingPiece mate mateIn1
LBQrQ	6k1/5pp1/3q3p/8/8/7P/2pQ1PP1/1rR3K1 w - - 0 35	d2d6 b1c1 g1h2 c1d1	1250	97	endgame hangingPiece queenRookEndgame
LCS0K	3r2k1/1b1r2p1/p7/8/1Bp3R1/1PP3Q1/P3qPPP/5RK1 w - - 3 32	b3c4 d7d1 g4g7 g8h8 g7g8 d8g8 g3h3 h8g7	2434	92	
LCe1q	r2q2kr/4p1bp/p4np1/1p4Nn/3B4/P1N4P/1PP1Q1P1/R3K2R b KQ - 3 17	d8d4 e2e6 g8f8 e6f7	1196	88	kingsideAttack mate mateIn2
LDGxn	8/5p2/8/pBkPp3/P3Pp2/5P1b/5KpP/8 b - - 4 48	c5d4 d5d6 g2g1q f2g1	882	99	bishopEndgame endgame
LDkVY	8/8/1p1k4/p1pp3p/P1PP1p2/1P1KnP2/3N3P/8 b - - 0 42	d5c4 d2c4 e3c4 d3c4 c5d4 c4d4	2123	93	endgame knightEndgame
LE6Zt	2k3rr/1p6/p4p2/2pP1Pq1/P2pP3/3b1R1B/4Q1P1/R4K2 w - - 0 30	e2d3 h8h3 f3h3 g5g2 f1e1 g2b2	2420	90	
LEJdG	r3k2r/pppb1ppp/3bp3/8/2P1Bq2/5n1P/PPQ1NPP1/R3BRK1 w kq - 6 18	g2f3 f4h2	679	100	mate mateIn1
LEZvi	b2q1rk1/2p2pp1/3b1n1B/1p1NpN2/3n4/1B5Q/1PP2PPP/5RK1 b - - 0 19	g7h6 h3g3 f6g4 g3g4 d8g5 f5h6 g8h7 g4g5	2453	96	kingsideAttack pin
LF08g	r7/5p2/8/p3nk1N/p6p/2P5/P5PP/4R1K1 w - - 2 30	g2g3 e5f3 g1f2 f3e1	776	100	endgame fork
LLZnp	1r4k1/p6p/6p1/r4p2/KN5b/2PP1Q1P/Pq6/1R4R1 w - - 5 33	a4a5 b2a3	1051	97	mate mateIn1
LLamz	3r3r/p1pk1ppp/Q1pb1n2/8/7q/2N1BP2/PP3P1P/3R1RK1 w - - 6 17	a6a7 h4h2	754	99	kingsideAttack mate mateIn1
LLo8W	r4rk1/pppq1pp1/2nb3p/3n3b/4N2B/5N1P/PPP1BPP1/R2QK2R w KQ - 4 14	d1d5 d6b4 d5d2 b4d2	1183	86	
LOem9	r1b3k1/p5r1/4p3/3pNpqp/2pP4/2P1PP2/P1Q2KP1/RB5R w - - 2 23	h1h2 g5g3 f2f1 g3h2	1045	100	fork
LPJN7	r3rqk1/pp1n1p1p/6p1/3p4/3Bp2Q/2P3R1/P1P2PPP/R5K1 b - - 4 24	f8e7 h4h7 g8h7 g3h3 e7h4 h3h4 h7g8 h4h8	1890	94	attraction kingsideAttack mate mateIn4 sacrifice
LPeKJ	1r3rk1/p3ppbp/1q2bnp1/1B6/3P4/P3PN2/1B2QPPP/R4RK1 w - - 3 16	d4d5 b6b5 e2b5 b8b5 d5e6 b5b2	2002	92	
LPikV	8/2p1k3/1q3r2/4p2p/1P2P1p1/1Q6/5PPP/3R2K1 w - - 4 33	b3g8 b6f2 g1h1 f2f1 d1f1 f6f1	765	100	backRankMate endgame mate mateIn3 sacrifice
LPwc9	r1br2k1/ppb2qpn/n1p1pp1p/8/3PNN2/PP2Q1PB/1BP2P1P/R4RK1 w - - 9 17	e4d2 e6e5 h3c8 e5f4 c8e6 f4e3 e6f7 g8f7	1793	91	
LQ00Q	2r2rk1/p1R2pbp/1p2b1p1/q2p1p2/3Pn3/1Q2PNP1/PP3PBP/1N3RK1 w - - 2 17	f1c1 e4c5 c7c5 b6c5	2119	94	
LQN0p	8/7p/p3p1pk/3pq3/7Q/1P1B2PP/5P1K/2r5 b - - 7 36	e5h5 h4f4 h6g7 f4c1	1374	100	endgame fork
LSRDG	3r2rk/1p1q1p1Q/p2p1Pp1/2nPp3/R7/2PB1R2/1P4PP/6K1 b - - 0 24	h8h7 a4h4	1730	96	mate mateIn1
LT5hv	2r1kr2/6p1/p5P1/np1R2Bp/7P/2R2P2/P5K1/8 b - - 0 30	c8c3 d5d8	694	100	endgame mate mateIn1
LT6wC	8/p4k2/1p1pR3/2pP1p1r/2P2PpP/1P1q4/P4QK1/8 w - - 8 38	e6d6 d3h3 g2g1 h5h4	1652	94	endgame
LUh9Z	3r1r1k/p1p3pp/3b4/3B1p2/2P5/1P4qP/PBQ5/4RR1K w - - 6 26	f1g1 g3h3 c2h2 h3h2	1381	100	kingsideAttack mate mateIn2
LXrW4	2kr1r2/p3b3/4p1p1/P1pnPnPp/N2p3P/1R3N2/2PB1P2/1R4K1 b - - 1 27	d5b4 a4c5 e7c5 d2b4 c5b4 b3b4	2064	90	
LXzHf	6k1/2R2pp1/3Npn2/6n1/p7/Pr6/2B2P1P/6K1 b - - 9 42	b3a3 c7c8 f6e8 c8e8	809	100	endgame mate mateIn2
LZQSS	1k5r/ppp2p2/2p1b3/4P2q/4NQ2/3P4/PPP2RP1/4RK2 w - - 13 30	e1e3 h5d1 e3e1 h8h1	1574	97	clearance mate mateIn2
LZWdp	1r4k1/p4p1p/4P1pB/3n1p2/q2p4/bp1P1P1P/1Pr5/KNR1Q1R1 w - - 0 26	b1a3 a4a3 b2a3 b3b2 a1b1 b2c1q	2086	92	advancedPawn doubleCheck mate mateIn3 promotion sacrifice
LZyO8	r4rk1/6p1/3b2q1/2p3P1/3p4/1P6/p1Q5/B1K2R1R b - - 1 31	d4d3 c2c4 f8f7 f1f7 g6f7 h1h8 g8h8 c4f7	1808	97	deflection
LaKUJ	2r2r1k/pp3Rp1/4Q1Pp/3pB3/3P4/P1P5/4q1P1/7K b - - 4 30	f8f7 e6c8 f7f8 c8f8	2042	87	endgame hangingPiece mate mateIn2
LcBIF	r1bq1r1k/2p3pB/2n1p3/P1bpn1N1/8/2N5/P5PP/R1BQ1R1K w - - 1 18	d1h5 f8f1	733	100	backRankMate hangingPiece mate mateIn1
Lcapb	4r1k1/5p1p/5R2/8/PRnP4/4B3/2r2PPP/6K1 w - - 3 34	f6f3 c2c1 e3c1 e8e1	1740	91	backRankMate endgame mate mateIn2 sacrifice
Ldeal	rnbq1rk1/pp2npbp/6p1/4p3/2PBP3/2NB1N2/PP4PP/R2Q1RK1 w - - 0 12	d4e5 g7e5 f3e5 d8d4 g1h1 d4e5	1568	93	fork
LeeA1	4r1k1/1p3p1p/p1pq1Pp1/3p4/4rP1Q/7R/PPP3PP/R6K b - - 5 26	d6f4 h4h7 g8f8 h7g7	679	100	endgame kingsideAttack mate mateIn2
LfdGz	4r1k1/ppp2pp1/q6p/8/6P1/P2r1N1P/1PK3Q1/R4R2 w - - 2 25	a1d1 a6c4 c2b1 d3d1 f1d1 e8e2 g2e2 c4e2 d1d8 g8h7	2476	94	deflection fork
LfrIY	1r4k1/1p4pp/3N4/rP6/3p2P1/3P2KP/8/4R3 b - - 2 38	b8d8 d6b7 a5b5 b7d8	1336	94	endgame fork
Lg8rK	r1bq1rk1/5ppp/p1p5/1p2b3/4B3/PP2P3/2PN1PPP/R2Q1RK1 w - - 0 15	e4h7 g8h7 d1h5 h7g8 h5e5 d8d2	1074	100	hangingPiece
LgR24	1r6/bP1k2p1/P2p3p/8/8/6P1/5P1P/2R3K1 b - - 2 40	a7c5 c1c5 d6c5 a6a7 b8b7 a7a8q	1392	97	advancedPawn endgame promotion sacrifice
Lh27O	r4rk1/1R2pp2/2N3pp/p2nQ3/8/7P/q4PP1/5RK1 b - - 1 24	a2c4 e5d5 c4d5 c6e7 g8g7 e7d5	1714	95	attraction capturingDefender fork sacrifice
LhnSi	rn4k1/4p3/2pp4/1p4qp/8/5Q2/P3N3/5K1R b - - 1 35	b8d7 h1g1 g5g1 f1g1	1595	95	endgame pin
LiQ8j	8/1r6/6PK/8/pk6/8/8/R7 b - - 4 54	b7b6 a1b1 b4a5 b1b6 a5b6 g6g7	889	99	advancedPawn endgame rookEndgame
Lkcjx	8/p6p/1p2Q2k/3p1pq1/P2P2b1/3B4/1PP2PK1/8 b - - 5 39	h6h5 f2f3 g4f3 g2f3 g5g4 f3f2	2504	93	endgame trappedPiece
Ln5lB	3r1rk1/pp1R1ppb/n1p1B2p/4P2P/6Q1/6N1/Pq3PP1/5K1R b - - 4 23	f7e6 g4g7	1265	100	kingsideAttack mate mateIn1
LoYhj	1b1r4/7k/1pq1p3/p4pp1/2P5/1P3RP1/1B2QP1K/8 b - - 1 41	g5g4 f3f5 e6f5 e2e7 h7g6 e7d8	2558	92	endgame exposedKing fork sacrifice
Lov6X	r1b1k2r/1p1p1ppp/p2Qpn2/2B5/q7/1N3nP1/PPP5/R4R1K b kq - 1 18	f3g5 d6e7	752	100	mate mateIn1
Lq3vR	2R2k2/p4ppp/5n2/4N3/3r4/6PP/P4P2/6K1 b - - 1 25	f8e7 e5c6 e7d7 c8d8 d7c6 d8d4	1570	94	endgame fork skewer
LrIQr	8/8/p6p/3k1p2/1Pp2P1P/3p4/3NK3/8 w - - 0 40	e2e3 c4c3 d2f3 d3d2	2239	93	advancedPawn endgame knightEndgame
LsOl7	8/4kppp/8/1B1nP3/3p1P2/7P/4K1P1/8 w - - 2 35	g2g3 d5c3 e2d3 c3b5	741	100	endgame fork
Lsl79	3r2k1/2R4p/1p3p2/p6R/4pP2/4P3/PPP2K2/3r4 w - - 8 33	h5h7 d8d2 f2g3 d1g1 g3h3 g1h1	1173	91	endgame rookEndgame
LtjFi	8/8/3n1PN1/8/1k5P/1p6/1K6/8 w - - 2 50	h4h5 d6c4 b2c1 b4c3 c1d1 b3b2	2428	93	advancedPawn endgame knightEndgame
Lu3rx	r1b2rk1/p2p2pp/2pQpp2/4P3/N7/5N1n/PPP3PP/R3R1qK w - - 8 18	f3g1 h3f2	693	100	mate mateIn1 smotheredMate
LuiVF	1Q6/6pk/P3p2q/3p1p2/8/7r/2r3P1/R5RK w - - 0 40	g2h3 h6h3 b8h2 c2h2	768	100	endgame mate mateIn2
LvMTW	8/6pk/6p1/1qP2p2/4p2P/2Q3P1/r4P2/2R1K3 w - - 9 44	c3c4 b5b2 c4a2 b2a2	1943	100	endgame
Lvi0D	8/8/R7/7p/P1Bk2pP/1P3bK1/8/4r3 w - - 1 45	a6h6 d4e3 h6e6 f3e4 e6e4 e3e4	2333	93	defensiveMove endgame
Lw51d	8/3N1k1p/3p2pP/p2P2P1/1p1R1P1K/1P5R/6r1/6r1 w - - 5 47	f4f5 g2g5 f5g6 f7g6 d7f6 g6f6	2508	95	endgame
LwZuo	1r2r1k1/1q3pb1/p5pp/1p6/4N2P/1P1P1QP1/P4P1N/4R1K1 b - - 4 30	f7f5 e4f6 g7f6 e1e8	1677	87	discoveredAttack kingsideAttack
LxSm6	5k2/3Bbpp1/4p3/3pP2P/3NnPP1/3K4/8/8 w - - 2 48	g4g5 e4c5 d3d2 c5d7	1093	94	endgame fork
LxubZ	8/3n4/p2P2p1/1pr2kP1/3Npp2/8/P2R1P2/6K1 b - - 2 49	f5g5 d4e6 g5f5 e6c5	792	99	endgame fork
Ly1DQ	5n2/1P2k3/P2p3p/1q6/4P1P1/7P/6P1/R6K b - - 3 41	f8d7 a6a7 b5b7 a7a8q b7a8 a1a8	1170	95	advancedPawn endgame promotion
LzANg	2r2rk1/4ppbp/2Np2p1/1q1n4/2p3PP/4BP2/PP1Q4/1KR4R w - - 0 23	d2d5 b5b2	1315	100	mate mateIn1 queensideAttack
LzFNQ	2kr3r/pppb4/7p/P1bq1pp1/3P1n2/2P3N1/1P2BPPP/R2Q1R1K w - - 1 20	d4c5 d5g2	708	100	kingsideAttack mate mateIn1
LzcND	r2q1rk1/pbp4p/1p1pp3/5p2/2PPn1p1/P1P2PP1/2Q1P1BP/R1BR2K1 b - - 0 16	e4g5 c1g5 d8g5 f3f4 g5g7 g2b7	1830	95	discoveredAttack
Lztmw	8/2k4P/8/7r/R7/K7/8/8 b - - 0 52	h5h7 a4a7 c7c6 a7h7	710	100	endgame rookEndgame skewer
M0WtO	8/7k/3p1p2/3Bp2p/P3Pn1q/5Q1P/3r1P1K/5R2 w - - 1 38	a4a5 d2d3 f3d3 f4d3	1842	95	endgame
M6UNq	r4rk1/pb1n1ppp/3Np1q1/1Bb5/8/P3n3/4NPPP/R1BQ1RK1 w - - 0 15	c1e3 g6g2	822	85	kingsideAttack mate mateIn1
M6gqP	8/5p2/2R1p1k1/P2pP1P1/1r6/4K3/2p5/8 b - - 1 43	b4c4 c6c4 d5c4 e3d2 c2c1q d2c1	1450	94	endgame rookEndgame
M6kkW	rn1k4/pp1bbp2/4pNp1/q3P3/7Q/1P1p3P/P1P2PP1/R4RK1 b - - 4 24	a5e5 h4h8 d8c7 f6e8 d7e8 h8e5	1483	95	discoveredAttack exposedKing
M7Tsf	1r4k1/5ppp/1r2pn2/1P1p4/2qP4/1R3P1P/3QN1P1/1R4K1 b - - 0 26	b6b5 b3b5 b8b5 b1c1 h7h6 c1c4	2092	98	
M7Zo0	r2qr1k1/1p3pp1/p3n3/3p1Q2/2pP4/P1N5/1P2RP2/4R1K1 b - - 3 30	d8g5 f5g5 e6g5 e2e8 a8e8 e1e8	723	98	kingsideAttack
M7urd	7r/1QNq4/3b1pk1/1p2p3/3P2p1/P3P1P1/1P3PP1/5RK1 w - - 5 31	f1c1 d7h7 f2f3 h7h1 g1f2 h1c1	1843	94	endgame skewer
M8CKS	8/p1pk2p1/2r2p2/2P4p/PK6/7P/4R1P1/8 b - - 0 44	a7a5 b4b5 c6e6 e2e6	1775	91	defensiveMove endgame rookEndgame
M8Nu4	2r2rk1/pp2bppp/1np1p3/4Nq2/2PP4/4B3/PP2QPPP/3R1RK1 b - - 2 14	f7f6 g2g4 f5e4 f2f3 e4e3 e2e3	1600	88	trappedPiece
MAPIE	rn1qr3/pp1k2pp/2pN1p1n/5b2/5B2/1Q1p4/PPP1B1PP/R3K2R w KQ - 2 18	d6f5 d8a5 e1f2 e8e2 f2f3 a5f5 b3d3 f5d3	2544	93	exposedKing fork pin
MAdOR	5rk1/1p4pp/p3p2q/2Pp4/PP1Pnp2/5QP1/1R3PP1/1R4K1 w - - 2 29	g3g4 e4g5 f3d1 f4f3	1717	89	endgame
MAkp1	8/pp6/3P1qkp/6p1/1QP5/PP2R3/4nrPP/4R2K w - - 1 39	d6d7 f2f1 e1f1 f6f1	822	99	endgame mate mateIn2
MBACh	r1b1r1k1/ppp2ppp/8/2nP4/2BQ1p2/P1n2N2/2q3PP/3RR1K1 b - - 1 21	c3d1 e1e8	885	96	hangingPiece kingsideAttack mate mateIn1
MC2Zw	5rk1/1p3rpp/p2p4/3NpPbq/P1P5/1P5P/2Q2RP1/3R2K1 b - - 2 25	f7f5 f2f5 f8f5 g2g4 h5h3 c2f5	2546	92	attraction fork intermezzo
MCHd1	1rb2rk1/p1p3pp/p2p4/5p2/4P1nq/2N4P/1PP3BK/R1BQ3R w - - 2 17	h2g1 h4f2	765	100	mate mateIn1
MCKdv	r4r2/pp3p2/4bB1k/4P1R1/6pP/8/P7/2R4K b - h3 0 26	g4h3 c1g1 e6d5 h1h2 d5g2 g5g4 f8g8 g4h4 h6g6 h4h3	2438	93	defensiveMove endgame exposedKing pin quietMove
MCjjf	r4rk1/1pQ2pp1/3p3p/pP1PpN2/P7/4PqP1/2P4P/5RK1 b - - 1 28	f3d5 f5e7 g8h7 e7d5	894	100	endgame fork
MD09g	r3kbnr/p1p2Npp/1p6/5P2/6P1/4Q3/PPb1PK1P/R1Bq1B1R b kq - 0 16	e8f7 e3e6	752	100	mate mateIn1
MDHtH	1q4k1/2R2p1p/1p2r1p1/p1bp1pB1/8/5NQ1/PP4PP/7K w - - 0 27	h2h4 c5d6 g3d6 e6d6	1492	86	fork
METxo	5r2/1p2Q1pp/pkp5/3p4/8/N4P2/PPPq2PP/6K1 w - - 1 26	e7f8 d2e1	1073	91	endgame mate mateIn1
MFEsW	3rk3/RR6/4p3/2Pq1pp1/3P2n1/3Q4/4N1Pr/6K1 w - - 0 31	d3b5 e8f8 b7f7 f8g8 f7g7 g8h8 g7h7 h2h7	1376	94	defensiveMove
MFMsF	8/1p1Rbpk1/p5p1/4P2p/1P4r1/P3BqP1/5P1K/5Q2 b - - 5 36	e7g5 e5e6 g5e3 d7f7 f3f7 e6f7	1860	94	advancedPawn endgame fork pin sacrifice
MFYbN	1R6/6pk/6p1/1P6/P4p1P/1r6/6K1/8 b - - 4 47	g6g5 h4g5 h7g6 a4a5	2139	92	defensiveMove endgame rookEndgame
MFz2w	3r3k/6p1/7p/pp1B4/8/P5PP/1n2PK2/2R5 w - - 1 31	e2e4 b2d3 f2e3 d3c1	792	100	endgame fork
MGkmn	rn2k2r/ppp2ppp/3bpn2/8/3P4/2N2N1q/PPPBBP2/R2Q1RK1 w kq - 0 11	f3g5 h3h2	938	100	mate mateIn1
MH1p7	2b5/R7/1ppkp1p1/3p2N1/3P3r/P1P5/1KP5/8 b - - 0 31	h4g4 g5f7	883	100	endgame mate mateIn1
MHONP	2rq1rk1/p1Q2ppp/8/n2p1b2/3PnB2/P2BPN2/5PPP/2R1K2R w K - 4 15	c7d8 c8c1 e1e2 e4c3 e2d2 a5b3	1816	89	hangingPiece mate mateIn3
MIbVg	8/p1k3N1/5pP1/8/1P1P1K2/2r5/8/8 b - - 1 53	c7d6 g7f5 d6e6 d4d5	2153	93	endgame
MIdSk	3r4/pp2rp1k/2p1q3/8/3p1PQ1/1KP4P/P4PR1/6R1 w - - 2 29	b3c2 e6a2 c2c1 a2a1	1973	95	endgame
MKRWU	3rk3/3n3p/4q1r1/R3p3/4Q3/5P1P/P5P1/3R2K1 b - - 4 39	e6h3 e4g6 h7g6 g2h3	2003	95	
MLn9h	2k5/ppp4p/1b4p1/5p2/7P/2R1BQK1/PPP2PP1/5r1q b - - 10 30	f1g1 f3d5 g1g2 d5g2	2143	93	endgame
MM0HA	8/8/3p2kR/p3pN2/P1p1P3/2P1KPP1/1r6/2r5 b - - 13 56	g6g5 f3f4 e5f4 g3f4 g5g4 h6h4	1084	96	endgame hookMate mate mateIn3
MMv9p	r4rk1/n1q1bppp/p1b5/Ppp1P3/8/2PQBN2/2B2PPP/R4RK1 b - - 2 18	c5c4 d3h7	667	100	kingsideAttack mate mateIn1
MN9w3	r6r/p2k1ppp/2pb4/2p4b/7q/P2P1PN1/1PP1QKPP/R1B4R b - - 3 15	d6g3 h2g3 h4h1 c1g5	2139	90	defensiveMove sacrifice
MNBfS	r1b2Bk1/pp5p/4p1p1/8/3q4/K4Q1P/P4PP1/7R b - - 4 24	b7b5 f8b4 c8b7 f3b7	2419	91	endgame quietMove
MNrV2	1k2r3/ppp5/3p4/3p4/2Pb2Q1/8/P5PP/7K w - - 7 37	g4d4 e8e1 d4g1 e1g1 h1g1 d5c4	824	100	endgame queenRookEndgame
MO29u	6k1/1p3p2/p7/4p2p/2p1P3/1P5P/P1Pr1BPK/5B2 w - - 1 30	f2g3 c4c3 g3e5 d2c2	2344	93	endgame
MOqNr	7r/k1p2pp1/1p3q2/3Bn2p/8/1RP3P1/P3PP1P/5RK1 b - - 1 21	h8d8 b3a3 a7b8 a3a8	790	98	endgame mate mateIn2
MPDnx	r2q1rk1/pppb1ppp/8/4N3/1b1P4/1P6/1B2QPPP/3R1RK1 b - - 6 17	f8e8 e2c4 d8e7 e5d7 e7d7 c4b4	1746	95	
MPTw5	5R2/5p2/4p3/k1K1P3/8/8/8/5r2 b - - 1 61	f1d1 f8a8	646	100	endgame mate mateIn1 rookEndgame
MPvaR	r1b2knr/pppp1Bpp/8/2bQ1Nq1/3nP3/2p5/P4PPP/RN3RK1 b - - 4 13	g7g6 d5c5 d7d6 c5d4	1636	97	fork hangingPiece
MSRw9	r7/5P1r/3b2pp/p1ppNk2/8/1P2R1B1/2P2PPP/2K5 b - - 2 25	d6e5 e3e5 f5f6 e5e8 h7h8 g3e5 f6f7 e8h8	2249	92	clearance endgame
MT0Vf	8/1p5p/3k1pb1/3p2p1/r5P1/4B1K1/1P3P1P/2R5 b - - 1 33	a4b4 e3c5 d6e6 c5b4	883	100	endgame fork
MT1g6	8/pp4pk/6rp/2p1P1q1/4Q3/8/PP3RP1/6K1 b - - 2 39	h7g8 e5e6 g5g4 e4g4 g6g4 e6e7 g4e4 f2f8	2370	95	advancedPawn endgame
MT2RZ	rn3k2/pp4pp/2p2p2/8/3N2b1/2P2P2/PPP3PP/3R2K1 b - - 0 19	g4h5 d4e6 f8e7 e6c7	1404	97	endgame
MV36q	5k2/1B3ppp/6b1/2B5/8/6P1/qP3P1P/3R2K1 b - - 1 24	f8e8 b7c6	860	100	endgame mate mateIn1
MXhwa	r3r1k1/pp1q1ppp/1b3p2/8/Q2n2b1/1P1pP1P1/PB1P1PBP/2R2RK1 w - - 0 16	a4d7 d4e2 g1h1 g4d7	1822	91	fork intermezzo
MYjWW	2kr3r/ppp2pp1/3b1n1p/4q2b/4P3/2N4P/PPPBBPP1/R2QR1K1 w - - 0 13	f2f4 e5c5 g1h1 d6f4 d2f4 d8d1	2292	93	discoveredAttack
MYl3f	8/8/6RP/P3p1p1/4P3/3pk3/7r/6K1 b - - 1 62	h2a2 h6h7 d3d2 g6d6	1796	97	advancedPawn endgame rookEndgame
MZ8LN	8/ppp3R1/1bkp4/7p/1Pn2B2/2P2P2/P3rPK1/3R4 w - - 1 32	f4g3 c4e3 g2h3 e3d1	1100	98	endgame pin
MZiN7	2q3k1/5ppp/2NQ4/2p5/8/1P5P/5PPK/r7 b - - 4 42	c8f8 c6e7 f8e7 d6e7	883	99	endgame
MZr3v	4r3/ppp3k1/3p1n2/1P4R1/P2P4/8/2B3K1/8 b - - 5 39	g7h6 g5g6 h6h5 g6f6 e8e2 f6f2	1055	94	endgame fork
MaC0H	8/7p/4k1p1/3p2P1/1p1K3P/6P1/P7/8 w - - 0 41	g3g4 e6d6 h4h5 d6c6 h5h6 c6d6	2418	91	defensiveMove endgame pawnEndgame
MbA39	3r2nr/ppk5/2pN1b2/4B3/1PP1PQ2/5KP1/P6q/4RR2 b - - 0 26	f6e5 f4e5 h2h5 e5h5	1996	87	
MbPvF	5r1k/1ppb2p1/p1np3p/4p2q/P5n1/2P1BRKP/BP3QP1/5R2 b - - 9 29	g4f2 f3f8 h8h7 a2g8 h7g6 g8f7	2231	93	fork hangingPiece
McJqf	5Q2/p1qr2p1/4p2k/2p1N2P/np2PP2/P7/1PP5/1NKn4 b - - 0 31	h6h5 f8h8	861	100	mate mateIn1
MdNtd	3Q4/6pk/p6p/P7/1q2P3/5B2/6PP/7K w - - 1 44	d8d3 b4e1 d3f1 e1f1	951	100	endgame mate mateIn2
MeiQo	2kB2r1/1p3p2/2p4p/4p3/1Q2B3/6qb/PPP3Pb/R4R1K w - - 0 22	d8h4 h3g2 e4g2 g3g2	1500	93	fork mate mateIn2
Melbp	r2r4/pQ2bkpp/2p2n2/2q5/4N3/5R2/PP3P1P/4R1K1 b - - 3 24	c5h5 b7e7 f7e7 e4f6 h5e5 e1e5	2502	92	discoveredAttack sacrifice
Mg7Xn	6rk/pp2rp1p/8/8/3Q1p2/8/PP3RP1/2q2BK1 b - - 1 26	g8g7 d4d8 g7g8 d8e7	1001	98	endgame fork
MgBOq	2r1r1k1/pp3pp1/q6p/4b3/3pn3/P1P1BN1P/1PQ2PP1/3R1RK1 w - - 0 22	f3e5 d4e3 c2e4 e3e2	2019	92	advancedPawn
MgbX5	2kr4/pp3p1p/1qp5/3p1b2/6n1/3n1NP1/PBPQ2BP/RNR2K2 w - - 0 19	c2d3 f5d3 f1e1 d8e8 b2e5 e8e5	1998	96	exposedKing
Mh37J	8/4r1k1/8/4q1p1/3pn3/1R2Q1PP/6BK/8 w - - 0 47	e3d3 e4c5 d3c2 c5b3	1788	93	endgame fork
MhBgP	1q3r2/p1r1Rpk1/6pp/3p1b2/3P1QN1/7P/P4PP1/4R1K1 b - - 4 26	c7e7 f4h6 g7g8 g4f6	1158	97	mate mateIn2
MhlTA	3r4/4kp1Q/p3ppB1/1p2b2P/1P3Pq1/P3P3/3K1P2/2R5 w - - 9 34	d2c2 g4e2 c2b1 e2b2	1236	96	endgame mate mateIn2
MhxIY	1k6/pp3prp/3q2r1/Q2pR3/6P1/2P2P2/PP1N4/2K4R b - - 0 27	d6e5 a5d8	650	99	endgame mate mateIn1
MiPpr	r4rk1/pb6/1pp1pq2/7Q/3P3b/2P4R/PP3PPP/R1B3K1 w - - 3 21	h3h4 f6f2 g1h1 f2e1	688	100	backRankMate mate mateIn2
MiSBc	2kr1r2/pb1n1Qpp/2q1p3/1p1pP3/1P1P4/2n1P3/1BBN2PP/R4RK1 w - - 1 21	f7g7 c3e2 g1h1 f8f1 a1f1 c6c2	1987	90	deflection kingsideAttack
Mji0H	8/5p1k/3Q2p1/2r1pqB1/8/7P/1bP2PP1/1R4K1 b - - 0 28	f5c2 b1b2 c2b2 d6c5	1366	95	deflection endgame
MkXbw	6k1/p1p3B1/3pP3/1Pp2R1p/P1P1p1n1/6PK/3q3P/5Q2 w - - 0 39	e6e7 d2h2	690	99	endgame mate mateIn1
MlCry	1r6/3n2k1/2p1pp1b/5q2/p2PN3/P4PR1/1r4P1/R2Q1K2 b - - 3 34	g7f7 e4d6 f7f8 d6f5	895	100	fork
MmQW9	3k2r1/ppp5/3qp1nR/5p2/3PpN2/2P1P1r1/PP2QK2/7R w - - 5 28	f4e6 d6e6 f2g3 g6h4 g3f2 e6h6	2246	93	discoveredAttack interference sacrifice
MmoYU	rr3b2/1q1b2k1/3p1p1p/pPnN2pP/3pP1P1/PP3P2/R1QNBK2/R7 w - - 2 27	e4e5 d4d3 e5f6 g7h8 e2d3 b7d5	2578	92	defensiveMove fork
MoBZm	8/2Q4p/p4p1r/4q1k1/1P3R2/P4B1P/5PPK/8 w - - 3 49	g2g3 e5c7 h3h4 g5g6 f4g4 g6f5	2514	91	endgame hangingPiece
MoGWg	3r2Qk/6pp/1qn4N/p7/1p1PpP2/7P/PP4P1/3R2K1 b - - 7 31	d8g8 h6f7	789	100	endgame mate mateIn1 smotheredMate
MqdmX	7r/8/2R2pp1/1p2p1p1/p5Pr/P2PkPKP/1P5R/8 b - - 7 39	e3d3 c6c3 d3d4 h2d2	1452	100	endgame mate mateIn2 rookEndgame
Mu6Vt	r4rk1/ppp1p2p/3p2p1/3P4/2P2q2/2N4b/PP5P/R2QR1KB w - - 0 18	d1e2 f4d4 e2e3 f8f1 e1f1 d4e3	1761	90	clearance deflection kingsideAttack pin
MvBUz	r4rk1/pQp2ppp/4p3/7n/P1Pq4/R2P2P1/4bPBP/1N2R1K1 b - - 1 16	e2d3 e1d1 a8b8 a3d3 d4d3 d1d3 b8b7 g2b7	2278	91	intermezzo
Mvenh	6k1/5p1p/2N1pb2/3b1p2/3B1P2/P1P3PP/1P3R1K/1r6 w - - 3 33	d4f6 b1h1	642	100	endgame mate mateIn1
Mxxwj	8/1p2rkp1/2nR1p2/4p2p/1P2K2P/P2RB1P1/2r2P2/8 w - - 7 36	e4d5 e5e4 d3c3 c2c3	1511	100	endgame
My4ox	2rq1r1k/p3bpp1/bp2pn1B/8/2PP3P/P1NB4/2Q2P2/2KR2R1 b - - 0 19	g7h6 c2d2 f6g8 g1g8 h8g8 d2h6	2015	92	exposedKing kingsideAttack
MzKIT	6k1/p3b3/4P2p/1b1P1Q1P/1P1q4/P4R2/5KP1/8 w - - 3 41	f2g3 d4h4	1031	100	dovetailMate endgame mate mateIn1
N039n	8/2p5/8/1P1k1p2/P1p2Pp1/3K2P1/8/8 w - - 0 38	d3c3 d5c5 a4a5 c5b5 a5a6 b5a6 c3c4 a6b6 c4d4 c7c5 d4c4 b6c6	2462	93	defensiveMove endgame exposedKing pawnEndgame zugzwang
N0QTh	1k1r1b1r/qP3p2/1R5p/P1p2bp1/Q2np2P/8/5PP1/2B2RK1 b - - 0 26	g5h4 c1f4 f8d6 f4d6 d8d6 b6d6	997	96	exposedKing queensideAttack
N1e3T	r3r1k1/ppb2ppp/2nq4/3p4/1P1Pn3/P1N1B3/2Q2PPP/R3NRK1 w - - 5 18	e1f3 e4g5 f3e5 c6e5 d4e5 d6e5 f2f4 e5e3	2479	92	kingsideAttack
N3kAM	4k2r/pp2bp2/1q2p2p/3p4/bn1P2P1/P1rB1NP1/1P1N2P1/1QK1R2R w k - 0 20	b2c3 b4d3 b1d3 e7a3	1122	100	discoveredAttack mate mateIn2 queensideAttack
N4Luj	8/p2R1p2/1p3kp1/2r4p/7P/1B4P1/P4PK1/4r3 b - - 7 29	a7a5 d7f7 f6e5 f7e7	1420	94	endgame
N5i6p	5r1k/6pp/4Qp2/8/PP1PN3/4Pq2/6rP/R1K4R w - - 1 34	e4g3 f3f2 a1a2 f2a2 e6a2 g2a2	2021	90	
N6jbS	2kr2r1/pq2n2p/2b5/1N2Q3/8/6P1/PP1pKPBP/2R4R b - - 1 24	d2c1q g2h3 d8d7 b5d6 c8c7 d6b7 c7b7 h1c1	2513	91	discoveredAttack exposedKing fork pin
N7iOM	r1b2rk1/pp3ppp/n3pn2/1Nb5/3N1B2/2P5/PP2BPPP/R3K2R w KQ - 5 12	e2f3 e6e5 f4e5 f8e8 e1c1 e8e5	1738	93	pin
N7jzC	5rk1/ppp3pp/2p5/2qn4/6Q1/3P2PP/PPP3PK/R1B5 b - - 6 20	c5c2 c1h6 c2b2 d3d4	2399	90	defensiveMove endgame pin
N8UKX	1rr1b1k1/1p3pp1/p1n1p2p/2Np4/1P1P4/P1R1P2P/4BPP1/2R2K2 b - - 5 26	g8f8 c5b7 b8b7 e2a6	2146	93	capturingDefender
N8XtK	r2q4/ppp3k1/2n2n1p/4N3/2Q3pP/P1N3B1/1P3bP1/R6K b - - 1 26	f2g3 c4f7 g7h8 e5g6	971	95	mate mateIn2
N9Jh4	3b4/3k4/3p4/1PpP1Kp1/P5P1/2B2p2/4b2R/8 w - - 3 65	c3e1 e2d3	697	99	endgame mate mateIn1
NBJIm	r1b2rk1/pp3pp1/7n/q2Np3/4P2Q/8/PPP1B1P1/2K4R b - - 2 20	c8e6 d5f6 g8h8 h4g5 e6h3 h1h3	2215	95	
NC78p	r2qr1k1/1b1nbpp1/p2p3p/1p1P4/nP1Q1P2/2N2N2/P1B3PP/R1B1R1K1 w - - 1 20	c3a4 e7f6 e1e8 d8e8 d4d3 f6a1	1561	94	skewer
NCEMH	r3k2r/ppp1Qp1p/3b2pB/3Nnq2/5n2/8/PPP3PP/2KR1R2 b kq - 1 18	d6e7 d5c7	828	100	mate mateIn1
NCFGK	r3r3/pp2PQbk/5ppp/2qN4/P7/5pPP/1P3R2/6K1 b - - 4 28	b7b6 d5f6 h7h8 f6e8	1220	95	fork
NDZaM	6k1/3q2p1/p3p2p/1pQb3P/1P1P1BP1/P7/5K2/8 w - - 3 38	f4e5 d7f7 f2e1 d5c4 c5c7 f7f1	2158	90	endgame quietMove
NEMXE	2r3k1/pp3ppp/4q3/3pP1Q1/4r3/P7/1P4PP/2R2R1K b - - 4 24	c8c1 g5d8 e6e8 d8e8	1039	100	endgame mate mateIn2
NGdTi	2kr1r2/ppp5/1b3Rpp/6N1/4N1p1/3P4/PPPB2PP/7K w - - 0 25	g5e6 f8f6 e4f6 d8d6 f6e4 d6e6	1116	95	
NI2Og	8/1b6/3p3k/7P/1PP2p1P/P3p3/5K2/3B4 w - - 0 57	f2e2 h6h5 e2d3 h5h4 c4c5 d6c5	1841	93	bishopEndgame endgame
NIcpA	2br3k/pp2q1pp/2pR1p2/8/7Q/4P2P/PPB3P1/7K b - - 2 27	h7h6 h4e4 e7e4 d6d8	2140	94	deflection endgame sacrifice
NIhXD	2qr2k1/4b1pp/pQ6/1b1p1p2/3BpP2/P1P4P/6PN/RR4K1 w - - 5 26	d4e5 e7c5 b6c5 c8c5	958	95	fork
NKLru	2Q5/5pkp/p3p1pb/1pB1p3/4Pn2/PP3P1P/6P1/3q1BK1 b - - 4 34	f4e2 g1f2 d1d4 c5d4	1392	88	defensiveMove endgame
NLPQ9	r5k1/5pp1/7p/pq6/4n3/5QP1/1Pr2P1P/1R3RK1 b - - 1 25	e4d2 f3a8 g8h7 f1c1 c2b2 b1b2	2575	91	hangingPiece
NLg6Q	8/5p2/4pkp1/P1Rp3p/r2P1K1P/4PPP1/8/8 w - - 3 52	c5b5 e6e5	982	96	endgame mate mateIn1 rookEndgame
NLsjN	2r5/p5pk/1p3p1p/3qp3/4R3/5PP1/P5KP/1Q6 b - - 0 36	d5d2 e4e2 d2d3 b1d3	1906	90	discoveredAttack endgame
NMH0b	2q1k3/3pbr2/1pp1p1R1/p6Q/2P5/8/PP5P/7K b - - 2 31	c6c5 g6g8 e7f8 g8f8 e8f8 h5h8 f8e7 h8c8	1546	94	attraction endgame pin sacrifice skewer
NNcd3	r4rk1/2q1bppp/p1b1p3/1p1p2B1/4P1n1/P1NB4/1PPQ1PPP/3R1R1K w - - 0 16	g5e7 c7h2	699	99	kingsideAttack mate mateIn1
NNoTY	5rk1/p3bpp1/1pR1p2p/4P3/5P2/4nNN1/PP2Q1PP/3r2K1 w - - 1 24	g1f2 e3g4	1371	98	mate mateIn1
NO1NV	4k3/1p2r2p/1P4p1/2PB4/1r5P/5RP1/5K2/8 b - - 1 48	e7e5 f3e3 b4b2 f2f3 e5e3 f3e3 b2c2 e3d4	2184	91	defensiveMove endgame pin
NORMz	1nk4r/1p3pp1/7p/2p2q1P/Q7/P1P5/3NrPP1/2KR3R b - - 0 28	e2f2 d2e4 f5f4 c1b1	2146	86	defensiveMove
NPMsF	r3r1k1/pp3pp1/8/2qp4/4n3/3BR1PQ/PPP2P2/R5K1 b - - 2 19	e4f2 h3h7 g8f8 h7h8	1083	97	mate mateIn2
NTjh7	r3kr2/pp3p1p/2npbQpN/4p1B1/2q1P2P/8/P1P2PP1/R5KR b q - 0 18	c6d4 f6e7	895	99	mate mateIn1
NU9FQ	3r2k1/Q2n1pp1/3qp1p1/1B1P4/6n1/2N5/P4PPP/2R3K1 w - - 1 21	d5e6 d6h2 g1f1 h2h1 f1e2 h1c1	938	98	skewer
NVI82	rnb1k2r/pp3ppp/1q1p4/3Pp3/4P1n1/2N1BN2/PP3KPP/R2Q1B1R w kq - 4 10	f2e2 b6e3	771	97	mate mateIn1
NVQVK	4r2k/p1p2Q2/1p1p2pp/3P4/2P1q2P/6R1/P4PPK/8 w - - 2 37	g3g6 e4h4 h2g1 e8e1	1326	85	endgame mate mateIn2
NW3e5	3k4/p1p1bQ2/2pq4/8/3Pp2r/6r1/PP3P2/RN3RK1 w - - 0 24	f2g3 d6g3	685	99	mate mateIn1
NWkau	r4rk1/2p2pp1/2q1bB1p/7P/2P5/1Q6/P3BPP1/1K1R3R w - - 0 23	b3g3 e6f5 b1c1 c6f6	1965	94	discoveredAttack
NYfly	8/3k2R1/1P6/6Pp/7P/8/1Prb2K1/8 b - - 2 50	d7c6 g7c7 c6b6 c7c2	1337	97	endgame skewer
NZ3fR	2r1r1k1/3q2pp/pn3p2/1p1p1P2/5b1N/2P3P1/PPQ1R2P/4R1K1 w - - 0 27	e2e8 c8e8 e1e8 d7e8	757	99	
NZDBM	r2qr1k1/pppn1ppp/3b4/3P4/5P2/P2Q2N1/1PP3PP/R1B2RK1 w - - 4 14	c1e3 e8e3 d3e3 d6c5 e3c5 d7c5	1334	93	
Nbt0v	4r3/1p3pkp/p1b5/2P2P2/1P1pp3/P3B1Q1/6PK/3q4 b - - 1 38	g7f8 e3h6 f8e7 g3d6	2006	95	endgame mate mateIn2
NcCAC	5r1k/5q2/5p2/3P1Q2/p7/4PK1P/2r2PR1/8 b - - 4 34	f7h5 f5h5	762	98	endgame hangingPiece mate mateIn1
NcFWr	2k5/pp1b4/2p1B1p1/q7/2PPQ3/2K1P3/P2B1r2/1R6 w - - 1 35	c3d3 a5d2	838	99	mate mateIn1
Nck1d	2r5/1p1qpkb1/p3N2p/3P4/2P1np2/1P3Q2/P4P1P/2R4K b - - 0 26	e4f6 c1g1 c8g8 f3d3 g7f8 g1g8	2436	91	quietMove
Ne7uP	6r1/p4pk1/2p1p3/2b4R/4KB1P/1Br1P3/P4P2/8 b - - 1 36	g7f8 h5c5 c3c5 f4d6 f8e8 d6c5	1594	96	attraction endgame fork sacrifice
Nehyy	3q1rk1/1p3pp1/p2b1r1p/2pQ4/8/2NP4/PPP2PPP/R3R1K1 w - - 1 17	c3e4 d6h2 g1h2 d8d5 e4f6 g7f6	997	95	discoveredAttack
NfVZO	8/2R2p1p/3k1K2/8/4P3/8/8/3r4 w - - 0 46	c7f7 d1f1 f6g7 f1f7 g7f7 d6e5	2329	91	endgame rookEndgame
Ng5li	3r2k1/pp3p2/2p1pbpp/q3P3/5Q1P/7R/PPP2PP1/2K5 w - - 0 22	e5f6 a5e1	786	99	endgame mate mateIn1
NgALy	rn2k2r/pbqpBp1p/1p2pQ2/8/8/3B4/P1PN1PPP/4K2R b Kkq - 0 13	h8g8 d2c4 d7d5 c4d6	2402	91	
NgJXR	5rk1/pQ3pp1/1p6/2pN4/3q4/3n4/PP4PP/R1B2R1K w - - 7 27	f1f4 d3f2 f4f2 d4d1 f2f1 d1f1	1753	93	clearance mate mateIn3 sacrifice
NiSsV	8/8/P1R5/8/8/4K3/3p4/r2k4 w - - 0 53	c6f6 d1e1 f6h6 a1a3	2412	97	endgame rookEndgame
NiVHC	8/8/8/5pRp/4p2P/5rPk/4KP2/8 w - - 1 58	g5h5 h3g2 h5h8 f3f2	1572	96	endgame rookEndgame
NiWAm	rb1q4/3PB1Q1/1pR5/1p5p/5p1k/5PpP/6P1/4rBK1 b - - 3 44	e1e7 g7f6	1394	98	mate mateIn1
Nkc25	8/3k4/p2p4/1p2p1K1/1PP1P3/3P4/8/8 w - - 1 40	g5f5 a6a5 b4a5 b5b4	1709	92	defensiveMove endgame pawnEndgame
Nkmen	8/5R2/prk3p1/7p/5PP1/7P/8/6K1 b - - 0 43	h5g4 f7f6 c6c7 f6b6 c7b6 f4f5 g6f5 h3h4 a6a5 h4h5	2519	94	defensiveMove endgame quietMove rookEndgame
NmCDK	r3r1k1/ppp2pp1/3p3p/3Pq3/8/2P2Q1P/PP3K2/R5R1 b - - 0 21	a8d8 a1e1 e5h2 g1g2 e8e1 g2h2	1926	94	defensiveMove endgame trappedPiece
NnwMA	1k1r1r2/1p1b1p1Q/p3p3/2RpP3/3P1P1P/3B2P1/PP1q4/1K5R w - - 7 24	h1c1 f8h8 c5c2 d2e3 h7f7 e3d3	2135	92	
NpdrE	rbbr2k1/1p3npp/p3N1q1/3NQp2/1P2p3/P3P2P/1B3PP1/R4RK1 b - - 3 23	b8e5 d5e7 g8h8 e7g6 h7g6 e6d8	2007	94	fork
Nq5xe	7k/1q5p/5p2/4bQ2/3pP3/2pP1B1P/2P5/7K w - - 5 40	f3h5 b7b1 h1g2 b1c2	771	98	endgame
NqRcQ	8/1p6/p1p1k3/P5p1/1PRP1r2/6KP/8/8 w - - 13 49	d4d5 e6e5 c4c3 c6d5	2517	91	defensiveMove endgame rookEndgame
NrncE	r1bqk2r/1p2bppp/p1nppn2/2p5/2B1P3/P1NPBN2/1PP2PPP/R2QK2R w KQkq - 4 8	h2h3 d6d5 c4a2 d5d4 e3d2 d4c3	1537	93	fork
Ns9KS	3k2r1/1ppb4/p4n1p/4pN1q/4P1rP/1PP1R1pN/1P2Q1P1/5RK1 b - - 0 33	f6e4 e3e4 d7f5 e4e5	1979	94	
NsX4e	8/R7/4pk2/8/4p3/5n2/PP1BKP2/7r w - - 1 35	d2e3 h1e1	706	100	endgame hookMate mate mateIn1
Nts7w	8/1p2k3/p1p1BP2/1n1P2P1/8/4K3/8/7b b - - 0 50	e7d6 g5g6 b5c7 f6f7	2578	93	advancedPawn endgame
NxRnF	6k1/5p1p/3Rnqp1/8/5P2/4KQ1P/8/8 w - - 1 43	d6a6 f6d4 e3e2 d4c4 e2d2 c4a6	1871	93	endgame fork
Nxfrp	N1b4N/pp5p/2k3p1/3n4/1n6/6P1/PP1P1b1P/R1BK1B1R w - - 0 17	f1g2 c8g4 g2f3 g4f3	699	99	mate mateIn2
NzD2y	1k2r3/1p3p2/p7/q1p1n1Q1/3bN3/1P4PP/2P2PB1/4RK2 w - - 2 29	e4d6 a5e1 f1e1 e5f3 e1d1 e8e1	2011	96	attraction doubleCheck mate mateIn3 sacrifice
NzFUk	8/1pQ5/1Npp2k1/6R1/2PPbq2/PP6/4pbB1/7K b - - 2 36	f4g5 g2e4 g6h5 c7f7 h5g4 f7f3 g4h4 f3f2	2535	96	endgame exposedKing fork hangingPiece
O15u7	4R3/2k5/3p1Pr1/p1p5/PpP5/3r4/1P3R1P/7K w - - 0 34	f6f7 d3d1 e8e1 d1e1 f2f1 e1f1	770	100	endgame mate mateIn3 rookEndgame
O1GUK	1k1r1br1/pp3p2/n4n2/3P1BBp/2P1Pq1P/PN6/1P3P2/1QRR2K1 w - - 1 25	b1d3 f4h4 d3g3 h4g3 f2g3 g8g5	2305	92	kingsideAttack pin
O3atb	r1b2rk1/5ppp/4pn2/p2p3P/1p1Q1P2/8/PPq1PPB1/R2NK1R1 b Q - 0 16	h7h6 d4f6 g7f6 g2e4 g8h8 e4c2	1828	86	discoveredAttack sacrifice
O3bCR	6r1/1b4r1/1p1p1k2/pR3p2/2P2K1P/1P2RPP1/P7/8 w - - 4 39	b5b6 g7g4 f3g4 g8g4	1088	100	endgame mate mateIn2 sacrifice
O5IgN	6k1/5p2/8/2pR2r1/1pP5/1P2K3/5P2/8 b - - 1 46	g5d5 c4d5 g8f8 d5d6 f8e8 e3e4 e8d7 e4d5	2455	94	endgame
O5ZnH	2b2rk1/3pppbp/p1p3p1/q7/4n3/1PN1BP2/1PPQ2PP/2KR3R w - - 0 14	c3e4 a5a1	685	89	mate mateIn1
O5aTU	3r2k1/pp3pn1/4p2Q/2r3NP/b1Pqp3/8/PP2BPP1/1KR4R w - - 2 24	b2b3 a4b3 a2b3 c5a5 h6h7 g8f8 h7h8 f8e7 h8d8 d4d8	2319	92	sacrifice
O5yWK	2rq1rk1/pp2bp1p/7P/3pP3/b3n2P/P1P1B3/1P4Q1/R3KB1R b KQ - 0 21	g8h8 g2g7	854	95	mate mateIn1
O64xM	8/1p6/p3k3/P5pp/3K1p2/4N3/1P3P2/8 w - - 0 43	e3g2 h5h4 g2e1 h4h3 e1f3 g5g4	2496	93	endgame knightEndgame quietMove
O7i4b	4kn2/p1r2p2/1p6/3BQ3/2pP1p2/P1q2P2/8/1KN5 b - - 2 32	c7e7 d5c6 f8d7 e5h8	1669	94	endgame mate mateIn2
O80Ch	B2r4/p4ppp/3Qbk2/b3p3/4P3/2P5/P2R1PPP/RNq3K1 w - - 3 21	d2d1 c1d1 d6d1 d8d1	737	100	backRankMate mate mateIn2 xRayAttack
O92Mt	1k2r2r/p1p5/1p6/6Rp/7P/2NQ2p1/PP3qP1/3R3K w - - 4 30	d3f3 e8e1 d1e1 f2e1 f3f1 e1f1	972	99	mate mateIn3
O9JQZ	3Q4/kp5R/p1p5/8/4q3/3p3P/5RK1/8 w - - 11 54	g2f1 e4h1	1154	95	endgame mate mateIn1
O9Zsa	rn4rk/ppp1bp1p/5p2/3q4/2N1N2Q/8/PPP2PPP/R4RK1 w - - 0 19	e4f6 d5g2	852	100	kingsideAttack mate mateIn1
OA5MS	2r1r3/5R1R/b1p1n1p1/1p3pk1/p7/P1PP3P/B1P3PK/8 b - - 12 28	c8d8 h2g3 f5f4 g3f3 e6d4 c3d4	2170	91	defensiveMove
OAvsL	r4rk1/5ppp/1p6/p2pN1q1/2pP4/2n3P1/PQB2P1P/5R1K b - - 1 23	g5d2 c2h7 g8h7 b2d2	1055	88	discoveredAttack
OBFJa	6k1/5p2/4p3/1p6/2qnNPP1/P7/8/3Q2K1 w - - 2 38	g1g2 c4d5 g2g1 d5e4	2414	95	endgame pin
OBFjH	8/6p1/8/p1k1K2p/1ppp4/3P2PP/PPP5/8 b - - 0 42	a5a4 b2b3 c4b3 c2b3 a4b3 a2b3	2310	93	endgame pawnEndgame
OBndI	8/pbq2p1k/1pp1pQ1p/2Pr1p2/1P6/P5P1/5P1P/1B2R1K1 b - - 1 30	d5d7 b1f5 e6f5 e1e8	2090	91	defensiveMove endgame sacrifice
OBt6z	r3k2r/ppp2ppp/4b3/2bpP3/6nq/1BP2Q2/PP1P2PP/RNB2R1K w kq - 1 12	g2g3 h4h2	772	99	kingsideAttack mate mateIn1
OBtFi	r3r1k1/1pq1bpp1/p1n1p2p/2Pp4/NP2n3/4PN2/P3QPPP/B2R1RK1 b - - 2 18	c6b4 e2b2 f7f6 b2b4	1780	93	
ODWTR	4b1k1/1q2b3/4N1pQ/2rpP3/6Pp/8/5P2/1B4K1 b - - 2 39	e7d6 e5d6 c5c1 h6c1	2502	97	hangingPiece
OF3ky	2r5/kp6/p4PR1/6b1/4Q3/1KP5/PP6/2q5 b - - 0 47	c8c6 e4d4 c6b6 d4b6 a7b6 f6f7	2326	95	advancedPawn discoveredAttack endgame sacrifice
OFYTu	3b1r1k/7q/1n2Q3/p2pPnP1/Pp1P4/1P2BR2/3N3P/7K b - - 2 30	h7f7 e6f7 f8f7 g5g6 f7g7 f3f5	2408	93	
OFzlZ	1k6/pp2Q3/7p/4p1p1/2Pq4/7N/PP3KPP/8 w - - 3 34	f2g3 d4h4 g3f3 g5g4 f3e4 h4e7	1987	98	discoveredAttack endgame exposedKing fork
OH5VW	r2q1bnr/pppb1Qpp/2n5/8/4kP2/3B4/PPPP2PP/R1B1K2R b KQ - 1 14	e4d4 f7c4	1029	95	mate mateIn1
OHNdD	r1b2rk1/pp2bppp/8/3p2PP/2q1p3/4QPN1/PP2N2R/2R2K2 b - - 1 23	e7c5 e3c5 c4c5 c1c5	1357	94	xRayAttack
OHZuw	3r1k2/pq3p1Q/2Rb3p/4P2N/1r3Pp1/1P4P1/P2p1PK1/2R5 b - - 1 34	d2c1q h7h8 f8e7 h8f6 e7e8 h5g7 e8f8 g7e6 f8g8 f6g7	2225	93	mate mateIn5 pin
OI35G	4rrk1/4qpp1/7p/ppPQ1Pb1/3P2R1/1P2P3/6R1/3N2K1 b - - 0 28	g8h8 g4g5 h6g5 g2h2 h8g8 d5h1	1831	92	clearance defensiveMove sacrifice
OInuH	q2r1k1r/4bpR1/3p1n1p/1B1P1P1P/3QpP2/4B3/1PP5/2KR4 w - - 6 28	d1g1 a8a1 c1d2 a1a5 d4c3 a5b5	1530	93	fork
OLP1b	6rk/p1p2Q1p/1p1p4/3Pb3/1PP2N1P/8/P3r1BK/8 w - - 1 36	h2h3 e2g2 f4g2 g8g3	2033	95	endgame sacrifice
OLlAH	2rq1rk1/pb2n1b1/1pn1pp1p/2p3pP/2B5/PP2PNN1/1BQP1PP1/1R2K2R b K - 1 17	e7d5 f3g5 f6g5 b2g7 g8g7 c2g6 g7h8 g6h6	2535	93	attraction deflection exposedKing kingsideAttack sacrifice
OMMjK	r6r/p3pkb1/4b1pp/1p1QN3/1qpP3P/8/PP3PP1/2KR3R b - - 4 20	f7f6 d5f3 e6f5 g2g4	1740	94	
ONytK	r1b2b1r/pp2k1pp/4pp2/2p1n2Q/1qBn1N2/8/PP1N1PPP/R1B1R1K1 b - - 1 15	e5c4 f4d5 e7d8 d5b4	1550	94	pin
OPCS9	8/8/2p5/1p1P1R2/1k1r1P2/4K3/8/8 b - - 2 61	d4d5 f5d5 c6d5 e3d4	1900	93	endgame rookEndgame
OPPSi	4r1k1/5pPp/3R3P/5bP1/1p6/1Pp5/r7/1K1R4 w - - 0 37	b1a2 e8a8 d6a6 a8a6	1310	91	endgame mate mateIn2
OQMCt	3r2k1/pR4pp/5p2/2Q5/4qn1P/5NP1/P4P2/6K1 w - - 1 36	c5c7 d8d1 g1h2 d1h1 h2h1 e4f3 h1g1 f3g2	1555	96	attraction endgame mate mateIn4 sacrifice
OR31W	4r1k1/pp3p2/5q1p/2p3p1/3pBr2/PP1P4/2P3Q1/R2K3R w - - 2 29	d1e2 e8e4 d3e4 d4d3	2078	92	sacrifice
OR970	8/8/4k1p1/4Pp1p/3K3P/6P1/8/8 w - - 0 52	d4e3 e6e5 e3f3 f5f4 g3f4 e5f5 f3g3 f5e4 g3f2 e4f4	2123	93	endgame pawnEndgame zugzwang
OR9kY	8/4kp2/R3n1p1/7p/3KPP1P/8/8/8 w - - 5 48	d4e5 f7f6 e5d5 e6c7 d5d4 c7a6	1412	94	endgame fork
OREl5	2r3k1/4R1pp/p2p3b/5p2/5P1Q/3q1N1P/4p1PK/2R5 b - - 0 35	c8c1 e7e8 g8f7 h4e7 f7g6 e7e6 g6h5 g2g4 f5g4 h3g4	2005	94	endgame mate mateIn5
ORxwy	2r5/pp3pk1/1q2b1p1/3pPp1p/2rN1P1P/P1P3P1/1PQ5/1K1R3R w - - 4 22	b1a1 c4d4 d1d4 b6d4 c3d4 c8c2	1413	94	
OSST7	r4k1r/3nbp1p/p1q2n2/3p1N2/5p2/PPN2PP1/1Q2P1KP/R2R4 b - - 2 21	a8c8 c3d5 c6c2 b2c2	1885	92	
OTSKQ	1r6/1ppb4/p1k2R2/3p2p1/4p3/2P1P2P/PP2B1P1/2K5 b - - 4 27	c6c5 b2b4	1003	95	endgame mate mateIn1
OTbYh	3r1k1r/p5pp/4pp2/3p4/5B2/2Q4n/PP2N1PP/R5qK w - - 8 25	e2g1 h3f2	787	100	mate mateIn1 smotheredMate
OTztE	5rk1/ppp2pp1/3r3p/4p2Q/8/3B1q2/PP1n2RP/6RK b - - 9 27	f3h5 g2g7 g8h8 g7h7	1076	94	mate mateIn2
OUhj5	r5k1/1p4b1/p2p3p/3Pp3/8/2N1Qrq1/PP4N1/2R1R1K1 w - - 4 25	e3e2 e5e4 e2e4 g3f2	2463	95	quietMove
OYtct	4r3/p1p2k1p/1p1b4/8/2P2P2/1PB1r1PP/P1R1p1K1/4R3 b - - 5 31	e3c3 c2c3 d6b4 c3c1 b4e1 c1e1	1910	89	endgame hangingPiece quietMove
OZOLt	3qrnk1/1p3ppp/8/2ppPQ2/7R/1P2P3/6KP/B4R2 b - - 0 24	d8h4 f5f7 g8h8 f7f8 e8f8 f1f8	1449	88	backRankMate deflection endgame fork mate mateIn3
OZokC	6k1/r6p/4P1pP/6q1/p1Q1p3/8/PPK5/8 b - - 0 42	g5h6 e6e7 g8g7 e7e8q h6h2 c2b1	2459	95	advancedPawn defensiveMove discoveredAttack endgame promotion
Ob8D9	2r4r/1q1k1p2/4p1p1/3pP1P1/1B2bP2/7p/PP3Q1P/2R1R1K1 b - - 0 32	b7b4 f2a7 d7d8 c1c8 d8c8 e1c1	1483	95	attraction
Ob9nI	r3k2r/pp3pp1/2p2n2/4q2p/2P5/P2QP3/1P1N2PP/2KR3R b kq - 0 16	a8d8 d3d8 e8d8 d2f3 e5d6 d1d6	1495	91	discoveredAttack sacrifice
ObAO4	1k5r/pp3pb1/4q3/5p1p/2P1n3/4PQ2/P2B1PPP/1R3RK1 b - - 0 20	e4d2 f3b7	601	100	mate mateIn1 queensideAttack
ObphF	5r1r/p4k2/1bbp4/4p1pn/1pP4p/P2P1P1P/4QBP1/R4R1K w - - 0 27	f2b6 h5g3 h1h2 g3e2	843	100	fork
Oc0Lh	6k1/5pp1/p4q1p/2R5/7P/P1P3Q1/r3rPP1/5RK1 b - - 0 32	a2a3 c5c8 e2e8 c8e8	790	100	endgame
OcHUB	r5k1/pbRQ1p1p/1p6/3p1p2/3b4/8/PP1q3P/5B1K b - - 7 27	d2g5 d7f7 g8h8 f7h7	1067	100	mate mateIn2
Oe0dt	6k1/5pp1/P3p1p1/3p2P1/1R3P2/1P3R2/1rr5/3K4 b - - 4 35	c2g2 b4b8 g8h7 f3h3	819	100	endgame mate mateIn2 rookEndgame
OeglI	2r2r2/1pq2kp1/p3p2p/3p4/4p1Q1/P1P2P1P/1P4P1/4RRK1 b - - 0 28	e4f3 g4e6	1766	85	dovetailMate endgame mate mateIn1 pin
Of1d0	6k1/3r1pp1/p5p1/6n1/4n1q1/Q7/PB2R1P1/5BK1 b - - 7 33	e4g3 e2e8 g8h7 e8h8 h7h8 a3f8 h8h7 f8g7	2003	97	attraction mate mateIn4 sacrifice
OfNDx	5k2/pp3rpp/8/3Q4/3BPp2/2P2q2/P2K1P1P/8 b - - 0 30	h7h6 d5d8	613	100	endgame mate mateIn1
OfREW	rn1qk1r1/ppp2p1p/8/3p3R/1b2n3/5p2/PBPPPP1P/RN1QKB2 b Qq - 2 10	d8e7 h5e5 e7e5 b2e5	1355	86	pin
OhAYQ	8/8/1Kp5/8/2rk4/8/8/R7 b - - 7 70	c4c5 a1d1 d4c4 d1c1	1297	96	endgame rookEndgame
Ohd0k	r6k/pp4pp/3q1r2/1Pn2p2/2B1p3/B1Qn4/3P1PPP/R4RK1 b - - 1 21	f6g6 c4d3 d6d3 a3c5	1990	96	capturingDefender
OhgyK	6k1/1p2P1p1/3q1p1p/8/8/P7/5PPP/4R1K1 b - - 0 34	g8f7 e7e8q	677	99	advancedPawn endgame mate mateIn1 promotion
OiRYg	2r2rk1/p4p2/1p2p1pQ/3p3P/8/P4P2/1Pq5/K5R1 b - - 1 29	f7f6 h5g6 c2c7 g6g7 c7c1 g1c1	2235	91	advancedPawn endgame
OiRtT	3r1r1k/2p1R1n1/1p6/p2QPqp1/3B4/1P3P1p/P5PP/3R2K1 w - - 6 32	d5c4 c7c5 e5e6 d8d4	2396	86	
OjTz6	2b5/1pP5/1P2k1p1/PK3p2/5P2/4P3/8/8 b - - 0 50	e6d7 b5c5 d7e7 a5a6 b7a6 c5c6	2165	95	bishopEndgame defensiveMove endgame
Ok8Ys	r1bk2r1/1pRn3p/3Qpqp1/1p1pN3/8/8/PP3PPP/4K2R b K - 5 19	f6f5 c7d7 c8d7 d6d7	1268	96	mate mateIn2
OkThZ	r2qkb1r/1pp2pp1/p1n2n1p/1Q1P4/8/2N2N2/PP3PPP/R1B1K2R w KQkq - 0 12	b5b7 c6a5 b7a8 d8a8	1743	93	trappedPiece
OoAme	5rk1/5ppb/p1p4p/1p5P/PP2PqP1/2P5/B4R2/3Q2K1 b - - 1 34	f4e4 f2f7 e4e3 g1h2 e3e8 f7e7 g8h8 e7e8	2459	91	discoveredAttack endgame
OpHB1	2R5/1P4k1/7p/6pK/1r6/7P/8/8 w - - 3 56	b7b8q b4h4	937	99	endgame mate mateIn1 queenRookEndgame
OpvOr	5rk1/4Rp1p/3P1Q2/1b4p1/6Pq/7P/3r1PB1/4R1K1 w - - 2 40	f6e5 h4f2 g1h2 f2g2	796	98	mate mateIn2
OqDGD	8/1R6/6pk/2p5/4n1PP/1p3K2/1r3P2/8 b - - 5 42	e4f2 g4g5 h6h5 b7h7	884	100	endgame mate mateIn2
OqIoa	5rk1/2Q2ppp/4p3/2b2q2/2P5/1P5P/PB1r1PP1/1R3RK1 w - - 1 22	c7g3 c5f2 f1f2 f5b1	1818	97	deflection fork
OqW0q	1r4k1/5p2/4p1pQ/4P3/1qp1R3/6P1/1P3PK1/8 b - - 1 34	b4b2 e4h4 b2e5 h6h7 g8f8 h7h8 e5h8 h4h8 f8e7 h8b8	1573	94	endgame skewer
OrXs4	8/p7/5k1p/2p2p2/2PP1Pp1/P3K3/7P/8 b - - 0 41	f6e6 d4d5 e6d6 e3f2	2298	92	defensiveMove endgame pawnEndgame
OsftI	4b1k1/pp4b1/q2p2p1/5n2/6QP/2N1B3/PP4P1/5RK1 w - - 1 26	h4h5 a6f1 g1f1 f5e3 f1e2 e3g4	1707	94	attraction fork
OtZ7Q	2k2r2/pp3b2/2pr1p2/Pq2p2p/Nn2P2P/QB6/1PP5/1K1R1R2 w - - 0 31	d1d6 b5f1 d6d1 f1d1	638	99	hangingPiece mate mateIn2 queensideAttack
OtpeB	4r1k1/ppQ3P1/5p1q/2nP4/8/2P2p1p/PPB1r2P/R5RK w - - 1 34	c7c5 h6f4 c2h7 g8h7	2468	87	
Ou6RJ	1rb4k/3N3P/p2b2p1/3p2P1/Npn2B2/8/qPP4Q/2KR3R w - - 1 26	f4d6 a2a1	1213	91	mate mateIn1
Oub09	r3k2r/p1p1qpbp/b1p3p1/3PP3/1n2Q3/PP6/1B3PPP/RN2KB1R b KQkq - 0 13	c6d5 e4b4 e7b4 a3b4	1368	93	
OueeE	6k1/7p/p1p1q3/1p4p1/2pP1p2/P1P2PnP/1PQ3PB/4K3 w - - 1 35	e1f2 e6e3	1517	100	endgame mate mateIn1
Ow86u	7r/Rbr1kp1p/4p1p1/1B2Pn2/1PN2P1P/3p2P1/1P3K2/6R1 w - - 0 26	c4d6 c7c2 f2e1 c2e2 e1d1 f5e3 d1c1 d3d2 c1b1 e2e1	2369	90	advancedPawn
Ox8xO	2q3k1/5pp1/8/3P2b1/4Q1p1/1rrB2K1/7P/3R3R b - - 3 44	c8a6 e4e8	891	98	mate mateIn1
OxrQn	2r1b1k1/b4pP1/pq3Q1p/3pp3/1r1P4/2N1P1P1/1P4BP/2R2RK1 w - - 0 25	d4e5 b6f6 e5f6 a7e3 g1h1 e3c1 c3d5 b4b7	2409	94	discoveredAttack fork pin
OykQS	7k/3q1ppp/1p1Pr3/p2Q4/1P3p2/P6P/5PPK/8 b - - 3 37	d7d6 d5a8 e6e8 a8e8 d6f8 e8f8	855	89	endgame mate mateIn3
Oz6em	2r4r/3n1Q2/p1qp1p1b/k6P/1R3P2/7B/PPP4P/1K2R3 w - - 1 26	h3d7 c6c2 b1a1 c2c1 e1c1 c8c1	819	85	backRankMate mate mateIn3 sacrifice
Ozoy1	Q1b2rk1/p1p3pp/1p1p4/8/1n1q1B2/2N3P1/PPP3KP/R6R w - - 4 19	a1f1 c8h3 g2h3 f8a8	1601	93	discoveredAttack
P0GfH	2r3k1/5p2/Np2pPp1/3p2P1/3K4/P1P5/1P3n2/4R3 w - - 3 35	d4e5 f2d3 e5d6 d3e1	938	87	endgame fork
P0KbP	8/7p/1k4p1/1P1K4/4Pp1P/8/8/8 w - - 0 50	e4e5 f4f3 e5e6 f3f2 e6e7 f2f1q e7e8q f1d3	2327	92	advancedPawn endgame pawnEndgame promotion
P0M5R	2bqkb1r/p4ppp/3pp3/3pP3/1r3BQ1/2PB4/P4PPP/R4RK1 b k - 0 13	b4a4 d3b5 c8d7 b5a4	994	89	fork
P1fph	rb5k/2q2pp1/p1p1r3/2B5/5P2/8/PPQ2P1P/2RR2K1 b - - 0 25	c7f4 d1d8 e6e8 d8e8	782	99	mate mateIn2
P1gNS	8/8/8/1p6/1P5R/P1kp4/6r1/3K4 w - - 1 49	h4h5 g2g1	641	100	endgame mate mateIn1 rookEndgame
P2gQW	6k1/pp3ppp/2p2n2/3p1Q2/1P1P1Nnq/P3r2N/6P1/R4RK1 w - - 2 22	b4b5 h4g3 f5c8 e3e8	1986	92	
P3AhI	r4r2/1p3ppk/1bppb2p/n3pN2/3PPq2/P1P2N1P/2B1Q1P1/R3R2K b - - 1 23	e5d4 g2g3 f4f5 e4f5	1994	90	trappedPiece
P4eP9	r6r/pp4pk/2n3Pp/4p3/4q3/2P1n2Q/P4P1P/R3K1R1 b Q - 0 20	h7g8 h3e6 g8f8 e6f7	1013	95	kingsideAttack mate mateIn2
P4j1i	8/8/1R6/k7/8/7P/p5PK/r7 w - - 7 54	b6b2 a1h1 h2h1 a2a1q h1h2 a1b2	1473	92	advancedPawn attraction endgame fork promotion rookEndgame
P5Iwd	8/8/2r3p1/4kp1p/1R5P/4PKP1/PN3P2/2q5 b - - 1 42	c6c2 b2d3 e5f6 d3c1	1031	96	endgame fork
P5UdX	8/7p/2p2p2/ppPk1p1p/3P1P2/PP2K1P1/8/8 b - - 1 54	h5h4 g3h4 h7h5 e3d3	1638	94	defensiveMove endgame pawnEndgame
P5epQ	8/3RR1pk/8/4P1Kp/5P2/6q1/8/8 w - - 0 44	g5f5 g3g6	1393	93	endgame mate mateIn1 queenRookEndgame
P5gO4	r3k2r/1pq1bppp/p3p3/4P3/3pQBP1/3P4/PPP4P/4RRK1 w kq - 1 18	e4d4 e7c5 d4f2 c5f2	1020	100	pin
P6dqT	5rk1/1R4pp/p1p1p3/1pq1p2Q/4P3/2P5/PP1r1PPP/5RK1 w - - 4 22	h5g5 c5f2 f1f2 d2d1 f2f1 d1f1	1402	99	endgame kingsideAttack mate mateIn3 sacrifice
P6l7J	8/1kn3R1/p2R2p1/P1P1p2p/4P1b1/8/1K4P1/r7 b - - 14 54	a1a5 d6b6 b7a8 g7c7	1572	96	deflection endgame
P7mZj	5rk1/pp1b1p2/3p1Qp1/8/4r3/Pq5P/1P4P1/R1B2R1K b - - 0 25	d7h3 c1h6 h3g2 h1g1	1881	95	defensiveMove
P90pQ	8/3k3p/4RKp1/3P4/7P/8/4r3/8 b - - 10 59	e2e6 d5e6 d7e8 f6g7 e8e7 g7h7 e7f6 h7h6 f6e6 h6g6 e6e7 g6g7	2407	92	defensiveMove endgame
P9qU7	7k/1p2N3/p4p2/r6p/P6P/1PP3PK/8/8 b - - 0 44	a5e5 e7g6 h8h7 g6e5	622	100	endgame fork
PA3Ga	r1bq1rk1/pp1n1pp1/2n1p3/3pP1NQ/1b1P4/2N5/PP3PPP/R1B2RK1 b - - 3 12	f7f6 h5h7	797	100	mate mateIn1
PAkAl	6k1/pp5p/6p1/n4pKn/1BP1p2P/P1P5/7P/3r1BR1 b - - 3 24	a5c4 f1c4 g8g7 b4f8 g7f8 g1d1	2224	92	endgame hangingPiece
PBxnz	2k5/1p4p1/5pPp/3Pq3/2P5/1P1Q1P2/PK6/8 w - - 5 38	d3c3 h6h5 c3e5 f6e5 b2c3 h5h4	2164	100	defensiveMove endgame queenEndgame quietMove
PC04l	8/4R2p/p2Bk3/1p2p3/8/8/r6r/3R2K1 b - - 1 33	e6f6 d1f1 f6g6 e7e6 g6g5 e6e5	2330	91	endgame
PC9Bw	5r2/ppp1kp2/3p4/4p3/2B1P2Q/3P4/PP3Pq1/4K3 b - - 1 34	f7f6 h4h7 e7e8 c4e6 g2h1 h7h1	2069	92	endgame quietMove
PEXbO	8/8/5k2/p4p2/2P2K1p/7P/P7/8 b - - 2 44	f6e6 a2a4 e6d6 f4f5	2511	92	endgame pawnEndgame quietMove zugzwang
PEbtK	r4bkr/pp1q2pp/2n5/3p2N1/6PP/2p2Q2/P4P2/R1B1R1K1 b - - 1 19	h7h6 e1e7 c6e5 e7d7 e5f3 g5f3	2109	91	
PF8Du	2rB1r2/2P2k1p/R3q1pP/1p3pQ1/2bPp3/2P3R1/6P1/7K b - - 0 33	e6a6 g5e7 f7g8 e7g7	1286	86	mate mateIn2
PFGqM	8/5k2/8/3N1p2/p5pP/Kp4P1/8/8 w - - 6 61	a3a4 b3b2 d5c3 f5f4 a4b3 f4f3 b3b2 f3f2	2182	94	advancedPawn endgame knightEndgame
PG5qe	8/4k1pp/1p1rP3/p2nKPP1/8/7P/P1p5/2R5 b - - 1 42	d5b4 f5f6 g7f6 g5f6	863	100	endgame
PHYOr	6k1/p3b3/6K1/3P1N2/5P1p/8/8/8 b - - 2 46	h4h3 f5e7 g8f8 e7f5 a7a5 d5d6 f8e8 f5g3 a5a4 f4f5 a4a3 f5f6 a3a2 f6f7	2502	97	advancedPawn endgame hangingPiece quietMove
PHxrT	3r2k1/1q2bpp1/5B1p/pp6/8/P4P1P/1PB1QP2/3R2K1 b - - 0 27	e7f6 d1d8 f6d8 e2e8	804	99	endgame mate mateIn2
PI28t	r3Nk1r/2p1q3/p3p1Q1/1p2PP2/1P1P4/8/2R3PP/6K1 b - - 0 32	a8e8 c2f2 e7f7 f5e6 f7f2 g1f2	2458	93	endgame pin quietMove
PJt34	5k2/1R6/2R5/8/4r3/5pp1/8/5K2 w - - 2 62	c6c3 g3g2 f1f2 e4e2	1081	88	advancedPawn endgame rookEndgame
PLFAh	8/8/7p/4k1p1/pK4P1/5P2/6P1/8 w - - 3 50	b4a4 e5f4 a4b3 f4g3 b3c4 g3g2	849	99	endgame pawnEndgame
PLf77	8/ppb3kp/2nq2p1/8/4Q3/2P4P/PP3PP1/4R2K w - - 4 29	e4e6 d6h2	786	100	endgame mate mateIn1
PNNR4	4r3/1pp2k2/3p2p1/3N1p2/p1P5/Pn1QP3/1PK1Nq2/3R4 w - - 4 30	d3c3 f2e2 d1d2 e2d2 c3d2 b3d2	2247	94	hangingPiece
POUDb	r1bqk1nr/pp1p1p1p/2n1p1p1/1Np1b3/2B1P3/6Q1/PPPP1PPP/R1B1K1NR w KQkq - 6 7	b5d6 e8f8 d6f7 f8f7	2359	95	defensiveMove
POfm3	7k/p3rp2/5K1p/7P/2P3P1/1P2r3/P1R3R1/8 w - - 1 47	c4c5 h8g8 g4g5 e3e5 g5h6 g8f8	2507	92	defensiveMove endgame rookEndgame
PPWSm	8/5p2/2rb3Q/6P1/R6P/4P2k/5P2/6K1 w - - 3 42	h6h5 c6c1 h5d1 c1d1	666	100	endgame mate mateIn2
PPdYM	r1bq3r/pp3kpp/2n5/3Bp3/1b2P3/8/PP1B1PPP/R2QK2R b KQ - 0 11	c8e6 d5e6 f7e6 d1b3 e6f6 d2b4	2235	93	attraction
PPpj5	r5kb/1p2q2R/1nppn1p1/3Pp1P1/1PP1P3/r1N2P2/2KB3Q/7R b - - 0 35	h8g7 d5e6 e7e6 h7g7	2548	92	kingsideAttack
PR19O	8/5k2/8/1rB2p2/1N6/pr1N4/1p2KPP1/1R6 w - - 15 63	b4c2 a3a2 b1b2 b3b2	1583	93	advancedPawn endgame pin
PRPsS	1k2r3/1pp4p/7p/4KP2/P2p3P/1P1P4/2P2P2/4R3 w - - 1 33	e5d4 e8e1 f5f6 e1e6	2179	94	endgame hangingPiece rookEndgame
PSugE	2r4k/5ppp/7q/8/5PQ1/P6R/1r6/5R1K b - - 7 44	h6g6 g4c8	683	100	endgame hangingPiece mate mateIn1
PTbiW	4rk2/pp4pp/2n4r/3Bpb1q/2P3n1/1Q4B1/PP3PPN/R4RK1 w - - 1 22	h2g4 h5h1	795	99	mate mateIn1
PTf6f	2b4r/pr3pbp/N2Rp1p1/1k2p3/PP6/8/2P2PPP/5RK1 b - - 0 22	b5a4 f1a1 a4b5 a1a5 b5c4 a5c5	1995	94	mate mateIn3
PTthd	r7/p5rk/2p1Q3/2bp4/N3P3/6P1/P1q2PBP/5RK1 w - - 0 22	e6c6 c5f2 f1f2 c2c6	1190	95	discoveredAttack
PVL67	3q2k1/ppr2ppp/8/6P1/3br1bP/3QP3/PPP1N3/R1B1K2R b KQ - 1 18	g4e2 d3e4 c7e7 e4d4 d8d4 e3d4	1519	95	hangingPiece
PVv4D	2r4k/p5pp/1n6/4Bn1q/3PQ3/8/PP4P1/5RK1 b - - 1 31	f5e7 e5g7 h8g7 e4e7 g7g8 e7e6 g8h8 e6f6	2299	98	attraction discoveredAttack
PWRCN	3rr1k1/1p3pb1/2p1b1p1/p7/Pq2PB2/7P/1PQ1NPP1/3RR1K1 w - - 5 23	d1d8 b4e1 g1h2 e8d8	1388	95	hangingPiece intermezzo
PXGYN	8/5kb1/p5p1/2p1q1P1/Pp2Np1P/1P1Pp3/2P3K1/3Q4 b - - 2 43	e5f5 e4d6 f7e6 d6f5	633	100	endgame fork
PY3dO	3rr3/2p2pbk/p1n3pp/1pB1Pq2/3p1P2/7P/PP1QN1P1/3RR1K1 w - - 0 27	e2d4 c6d4 c5d4 c7c5	1634	95	
PYPxa	r4rk1/pb2qppp/4p3/p1b5/8/P3PN2/1PQ2PPP/1BR2RK1 b - - 1 18	c5b6 c2h7	688	100	kingsideAttack mate mateIn1
PYhha	4r1k1/pp4P1/2p4r/3n2N1/q2P4/2PQp3/PP1nB3/1K1R3R w - - 4 27	d1d2 h6h1 d2d1 a4d1	2593	92	hangingPiece queensideAttack
PZFMw	1r2k1nr/pQ5p/2n2p2/1B1bb3/3q4/8/P2B1PPP/RN2R1K1 w k - 1 19	b5c6 e8f8 b7a6 d5c6	2598	93	defensiveMove
PaCtc	8/8/5p2/5k1p/R4P1K/5r2/8/8 w - - 6 62	h4h5 f3h3	791	100	endgame mate mateIn1 rookEndgame
PajG9	2r5/p3rpk1/1p3bP1/7p/7P/1Bq3P1/P2R1B1K/3Q4 b - - 0 33	f7g6 d2c2 c8e8 c2c3	1836	93	
PcUhW	1r1q1rk1/1bb2ppp/p1n1pN2/1ppnP1N1/8/2P3P1/PPQ2PBP/R1B1R1K1 b - - 3 15	g7f6 c2h7	687	100	kingsideAttack mate mateIn1
Pe8Dm	7k/p5p1/1pp4p/2b5/2nB4/2KR1P2/P3QP2/1q6 w - - 0 36	c3c4 b1b4	1075	99	endgame mate mateIn1
Petb1	r2q1rk1/p1p4p/6p1/1R3p2/4pN2/P1NnP1P1/3BKP1n/3Q1R2 w - - 0 23	f1h1 d3f4 e3f4 d8d3 e2e1 h2f3	1446	94	clearance
Pg3m4	b1r2rk1/3R1ppp/pbn1p3/1p5B/4N3/1PB1P3/P4PPP/3R2K1 b - - 12 20	c6b8 d7f7 f8f7 h5f7	2450	90	kingsideAttack
PiwWt	4r1k1/P2n1pp1/1pN4p/1P1p4/8/5NP1/5PK1/8 b - - 0 38	g8f8 f3e5 d7e5 c6b8	2120	91	defensiveMove endgame sacrifice
Pj8aa	1k5r/ppp1bpp1/2p5/7r/4P3/2NB2B1/PPP2PP1/R4RK1 w - - 3 19	f2f3 e7c5 g3f2 h5h1	1437	94	mate mateIn2
PkbE1	3r2k1/1p3ppp/p1q1r3/3Nb3/8/P1PQ4/1P3PPP/R2R2K1 w - - 3 22	d5f6 e5f6 d3d8 f6d8 d1d8 e6e8	1547	92	hangingPiece
PklSl	7r/1q2kpR1/p4NQ1/4PP1p/3R4/8/b5PP/2r4K w - - 1 40	d4d1 c1d1	624	100	hangingPiece mate mateIn1
PlBYH	8/8/5P2/7p/1K4pP/6k1/8/8 b - - 0 56	g3h3 f6f7 g4g3 f7f8q g3g2 f8f2	2373	91	advancedPawn endgame pawnEndgame promotion
PmSXI	3r2k1/pp1q1pp1/2p4p/8/P2N3P/1P1Q4/5PP1/4R1K1 b - - 0 22	d7d4 e1e8 d8e8 d3d4	1006	100	deflection endgame
Pmjpd	8/pR5p/3b2pk/3N4/3P4/4PP1P/P1r3P1/6K1 w - - 3 27	b7a7 d6g3 a7c7 g3c7	2028	93	endgame quietMove
Pn6nb	r4r1k/q5pp/1b6/1P2N3/2QpP3/6PP/5P2/2R3K1 b - - 0 31	a7a4 e5f7 f8f7 c4a4	2389	93	
PnaXf	r1bqr1k1/1pp1b1pp/p1p2pn1/8/3NP3/1P6/PBPN1PPP/R2QR1K1 w - - 1 14	d1f3 c6c5 d4f5 d8d2	1917	93	
Po2JS	3r4/1p3p1p/p2rb1p1/2Rpk3/1P1R4/P3PBP1/5PP1/4K3 b - - 6 28	d8c8 d4e4 e5f6 e4e6 f7e6 c5c8	2025	92	endgame pin
PoVIn	2b2r2/1p1p2bk/2nN3p/2P3RQ/1PB1ppP1/4P3/2q2PKP/r7 b - - 0 27	f4e3 h5g6 h7h8 g6g7	980	98	mate mateIn2
Pp47u	8/5pk1/3qp1p1/1r1P3p/5P1P/4Q1P1/1P6/1K1R4 b - - 0 42	b5d5 d1d5 d6d5 e3e5 d5e5 f4e5	1809	93	endgame
PpPAP	4N3/5Qpk/n1q1p2p/p1Pp4/P2P2P1/5P2/1r5P/6K1 b - - 1 34	b2b7 e8f6 h7h8 f7f8	1131	94	endgame mate mateIn2 pin
PqEvH	Qn3rk1/p3b1pp/1p2p3/4p3/2Pq3p/P1NP4/1P3P2/R3KB1R w KQ - 1 17	a8e4 d4f2 e1d1 f2b2	2108	86	
PqYr7	r4rk1/pp3Qpp/2p5/2n5/4P3/qB3P2/P2RN1PP/3R2K1 b - - 0 19	f8f7 d2d8 a8d8 d1d8	696	100	kingsideAttack mate mateIn2 pin
PqkRi	r7/3k2p1/5p2/5P1p/6bb/2BP4/1PPK2R1/5R2 w - - 4 38	f1h1 h4g5 d2e1 a8a1 e1f2 a1h1	1927	96	endgame skewer
PrTcK	3q2k1/p4pp1/2p2n1p/3p4/3Pr2B/P1PQ3P/5PP1/1R4K1 w - - 1 21	g2g3 g7g5 h4g5 h6g5	1655	85	endgame trappedPiece
Ps8Ja	rnb2rk1/p5p1/1p2p2q/2p2pN1/5Q2/2R5/P4PPP/5RK1 b - - 1 20	e6e5 f4c4 c8e6 g5e6	1781	94	
PtGAY	r2q1rk1/pp3pbp/2n2np1/6B1/4B3/4PQ1P/PPP2PP1/R4RK1 b - - 0 14	d8b6 g5f6 c6e5 f6e5	1226	91	
Pu8PL	5kr1/5qp1/b2p1pRp/3PpP2/nPp5/4Q2R/4N1PP/6K1 w - - 0 39	h3h6 g7h6 e3h6 f8e7	1985	89	defensiveMove
Pudv8	8/3k1p2/6p1/bR1pB1Pp/p2P1P1P/2rK4/P7/8 w - - 0 44	d3d2 c3c5 b5a5 c5a5	1766	96	discoveredAttack endgame
PwXgF	8/6R1/4p2P/6p1/8/5kP1/7K/4r3 b - - 2 62	e1e2 h2h3 g5g4 g7g4 e2e1 g4f4	2359	92	defensiveMove endgame rookEndgame
PwfOK	8/5ppp/2k5/p1p5/P1K2P2/1P5P/6P1/8 b - - 0 32	f7f5 g2g4 f5g4 h3g4 c6d6 c4b5	1891	98	endgame pawnEndgame zugzwang
PxjLd	r1bqrnk1/pp2bppB/2p2n2/3pN2Q/3P1P2/P1N1P3/1P4PP/R1B2RK1 b - - 0 13	f8h7 h5f7 g8h8 e5g6	997	96	kingsideAttack mate mateIn2
PzBRt	3r3k/p3R1R1/8/3p1b2/1P6/P1K1P1P1/5r2/8 w - - 3 37	e7a7 d5d4 e3d4 d8c8	2320	92	endgame
PzbLz	1B6/8/4P3/1R4pk/3n3p/7P/4r1PK/8 w - - 3 49	b5b4 d4f3 h2h1 e2e1	921	95	endgame mate mateIn2 pin
Pzqb3	5rk1/p7/7p/3pQ1p1/3n4/1P4P1/P4q1P/3BR2K b - - 1 31	f8f5 e5e8 g8g7 d1h5	2380	92	endgame
Q0xiW	8/7R/1p3qp1/4p1k1/6r1/1PQ3K1/P3PP2/7R w - - 1 34	g3h2 f6f2 h2h3 f2g2	1620	96	endgame mate mateIn2
Q2upO	2kr3r/pppn1pp1/2np1q2/2b1p2p/4P1b1/1BPP1N1P/PP3PP1/R1BQRNK1 w - - 5 12	c1g5 g4f3 g5f6 f3d1 f6d8 d1b3	1641	95	
Q2y2C	3rq1k1/1p3pp1/p2b3p/3n4/8/1P3N2/PB1Q1PPP/R5K1 w - - 0 23	d2a5 d6b4 a5d8 e8d8	1572	94	
Q3nha	r1b2rk1/1p3p1p/p3pQpB/q1p1n3/2P5/3P4/PP2K1PP/R4B1R b - - 4 17	e5g4 f6g7	824	100	mate mateIn1
Q4xTg	7k/p1p2Q2/3p3q/3P3p/2P4P/2bB1K2/P4R2/6r1 b - - 0 39	g1g7 f7f8 g7g8 f8h6	1110	99	endgame mate mateIn2
Q5XuB	8/5p2/6kp/3R1b2/3p1P2/3P2K1/4PQ2/7q w - - 2 49	d5d4 h1h3	672	100	endgame mate mateIn1
Q6c4x	r3r1k1/p3Rpb1/1pp3B1/3q4/7R/7Q/2P2PP1/6K1 b - - 0 27	e8e7 h4h8 g7h8 h3h7 g8f8 h7h8	1358	94	clearance deflection mate mateIn3 sacrifice
Q70F8	6k1/pp4p1/3q3p/8/3B2P1/2P3K1/1PQ5/8 w - - 3 39	g3f2 d6h2 f2f3 h2c2	1185	89	endgame skewer
Q7Cvb	2r1q1rk/1p4pp/p7/3P3R/6P1/8/5Q1P/5R1K b - - 2 42	e8d7 h5h7 h8h7 f2h4 h7g6 h4h5	1286	94	attraction endgame mate mateIn3 sacrifice
Q7FdV	2r3k1/pb4pp/1p2p3/3pQ3/8/P3B3/1Pq1B1PP/K4R2 b - - 1 24	c2e2 e5e6 g8h8 e6c8 b7c8 f1f8	1103	95	backRankMate endgame mate mateIn3 sacrifice
Q7G1b	r3kr2/pp3p1p/1qbn1Qp1/4N3/2pp1P2/3P4/PPP3PP/R1B2R1K w q - 2 17	f6d6 c6g2 h1g2 b6d6	796	98	discoveredAttack
Q8f11	2r1k2r/1p1n1ppp/p2qp3/8/3P4/1Q1bPN2/PP1K1PPP/R6R w k - 0 16	d2d3 d7c5 d3e2 c5b3	996	98	pin
QAFFe	8/3b4/p1pKp1k1/6P1/PP1P4/6P1/8/8 b - - 4 50	c6c5 d4c5 d7a4 d6e6 g6g5 e6d6	2543	92	bishopEndgame defensiveMove endgame
QAcz2	1r4k1/4qpbp/2Q3p1/2p1n1N1/5P2/6PP/1p4B1/1R4BK w - - 0 33	g1c5 e5c6 c5e7 c6e7	1057	90	
QBVJC	r5nr/1p1kb2p/1p2p3/1N1pP1p1/8/P3B3/1PP3PP/R1R3K1 w - - 0 19	e3b6 d7c6 b6f2 c6b5	1572	96	
QCmEY	8/5ppk/1P4p1/8/8/Q2p3P/2p2PP1/3q1RK1 w - - 0 40	b6b7 d1f1 g1f1 d3d2 f1g1 c2c1q g1h2 c1a3	2397	94	advancedPawn endgame promotion sacrifice
QDbdb	r1k2b1N/pp1n2p1/2p2n1p/7P/5BP1/8/1qPKQP2/3R2NR w - - 0 21	g1f3 f8b4 d2e3 b2c3 e2d3 f6d5 e3e2 d5f4	2599	95	deflection
QDyIU	6k1/4ppb1/6p1/1P1p4/PB1qPn1P/1K1b1P2/3Q4/2R5 w - - 0 35	b4c3 d4c4 b3a3 f4e2 c3g7 e2c1	2413	92	
QEYGz	8/4Q3/P3Rrp1/2p2pkp/5b2/7P/1P4Pq/5K2 b - - 12 44	h2h1 f1f2 g5h4 e7f6 g6g5 f6c3	2287	92	endgame
QEvFR	8/1b1n2k1/pp5p/2p3p1/3b4/P2P2P1/1P2QrPP/1B2R2K w - - 1 27	e2e7 g7h8 e7e8 d7f8 h2h4 b7g2	2529	93	defensiveMove
QFZuj	4n2k/Q1p5/3pq2B/4pr1p/3PP1p1/2P3Pb/PP3P1P/4R1K1 w - - 0 25	e4f5 e6d5 f2f3 d5f3 a7a8 f3a8	1756	96	endgame
QFehG	2rqr1k1/pp5b/2pPpp1p/3nP2N/5P2/P7/1P4PP/R2Q1RK1 b - - 0 22	d8d7 d1d5 c6d5 h5f6 g8f7 f6d7 e8d8 d7f6	1519	95	capturingDefender exposedKing fork sacrifice
QHrOs	6rk/6p1/6p1/R2R4/1p6/5P2/6PK/1r6 b - - 1 41	b4b3 d5h5 g6h5 a5h5	756	99	endgame mate mateIn2 rookEndgame sacrifice
QIym7	r5k1/1p3p1p/P1b1p1p1/4P3/2R5/3r2BP/5PP1/R5K1 b - - 0 32	c6b5 a6b7 a8a1 g1h2	1189	90	advancedPawn endgame sacrifice
QK1Cm	7r/4k3/2n1p2p/p2p3P/q2P1Q2/P1P5/1p2B1K1/1R6 b - - 1 38	a4c2 f4c7 e7e8 c7c6	1379	100	endgame fork
QLK8U	2r1q2k/Q6R/3p1p2/p2P1b2/8/2B4P/PP3PP1/6K1 b - - 0 25	f5h7 c3f6 h8g8 a7g7	973	100	endgame mate mateIn2
QMVJf	8/8/8/6pp/1p6/4N1PP/3pKP2/2k5 w - - 0 52	f2f4 b4b3 e3d1 h5h4	2388	91	endgame knightEndgame
QN0Av	8/5pk1/4np1q/8/1QP5/6pP/P4rB1/4R1RK w - - 4 41	b4c3 h6h3 g2h3 f2h2	1513	98	mate mateIn2 sacrifice
QNPZ8	r2q2r1/3k1p1p/p1pbpp2/3p1b2/7Q/P1NP1N2/1PP2PPP/R4RK1 w - - 4 15	f3d4 g8g4 d4f5 g4h4	1722	93	
QNdHP	8/6p1/3nkpP1/2p1p2P/2P5/1P3K2/1B6/8 b - - 12 40	f6f5 b2e5 e6e5 h5h6 d6e4 h6h7	2090	92	advancedPawn endgame sacrifice
QNtST	8/p3R1pk/7p/3r3r/4p1q1/P3BnPP/5PK1/5R2 w - - 0 34	h3g4 h5h2	911	100	endgame hookMate mate mateIn1
QNzwG	3R1rk1/5ppp/1p2p1q1/p4n2/1P6/P5NP/3Q1PP1/6K1 b - - 3 35	f5g3 d8f8 g8f8 d2d8	776	100	attraction endgame mate mateIn2
QOQRJ	r4rk1/pp2b1p1/2q1p1QB/8/2pP4/P1P2N1P/1P4P1/R6K b - - 2 25	e6e5 g6g7	910	100	kingsideAttack mate mateIn1
QPZtO	r4rbk/1p4p1/3q1pQp/3p4/p4P1R/3B3P/6PK/8 b - - 3 38	a4a3 h4h6 g7h6 g6h6 g8h7 h6h7	1120	93	mate mateIn3 sacrifice
QPfir	r2qr1k1/2p1npp1/p3pn1p/1p2P3/3Pb3/PN1Q1N2/1P3PPP/1BR1R1K1 w - - 1 18	e5f6 e4d3 f6e7 d8d5 b1d3 d5b3	2208	95	
QPjlU	8/r7/3R4/Pp1p1ppk/3P4/6PP/r7/6RK b - - 0 44	a7a5 g3g4 f5g4 h3g4 h5h4 d6h6	1099	85	endgame mate mateIn3 rookEndgame
QPmXe	8/5Rr1/6P1/p1k3K1/Pp1p4/1Pp5/2P5/8 b - - 1 47	g7g6 g5g6 d4d3 c2d3 c5d4 f7d7	1720	92	endgame hangingPiece rookEndgame
QPpy7	1k1r2r1/pppR1p1p/2n1p3/1BP2p2/QP6/5q2/P4PPP/5RK1 w - - 0 17	b5c6 g8g2 g1h1 g2g1 h1g1 d8g8	2183	96	attraction doubleCheck kingsideAttack mate mateIn3 sacrifice
QQjTD	8/6nk/1p1R2p1/1P5p/2P1P2N/3P2Pn/r6P/4R1K1 w - - 3 43	g1f1 a2f2	692	100	endgame mate mateIn1
QS6IT	5rk1/1bp3p1/1p1p3p/p5qB/2P5/8/PPQ2PPP/4R1K1 w - - 4 22	c2e2 g5g2	696	100	endgame kingsideAttack mate mateIn1
QT6ny	r5k1/pp3pp1/5n2/2pPr1N1/2B1b3/P6P/1q1Q1P2/4RRK1 w - - 0 24	d2b2 e5g5 g1h2 g5g2 h2h1 g2f2 e1e4 f2b2	1388	94	discoveredAttack hangingPiece kingsideAttack
QT8WQ	1k1r1b1r/1bp4q/p2pNp2/3Pp3/1Pp1npB1/P6P/2Q2PPN/2R2R1K b - - 1 28	d8d7 e6f8 h8f8 g4d7	1478	88	discoveredAttack
QTl7d	b5r1/7k/1pB4p/3Pbp1q/P3n3/5N2/1P2Q1PP/3R1RK1 w - - 3 35	c6a8 e5h2 f3h2 h5e2	1744	90	
QV05F	2rr2k1/1ppn1pqp/p5p1/3R4/2P1N3/1P2QP2/P5PP/4R1K1 b - - 0 23	d7f6 d5d8 c8d8 e3g5 d8d6 e4d6	2290	92	
QV1Zd	r6k/1ppbBrpp/pbq1p3/4p1N1/8/3QP2P/PPP2PP1/R4RK1 b - - 3 18	f7e7 d3h7	639	100	kingsideAttack mate mateIn1
QV6oL	r1bq1k2/p3bp1Q/2p4p/3p4/2pP2r1/2P1R3/PP1N1PPP/R5K1 b - - 1 19	e7g5 h7h8	792	98	mate mateIn1
QVPYo	8/6R1/1P1p4/3k4/8/pP6/P2KN1pr/8 w - - 0 42	g7g2 h2g2 b6b7 g2g8	1091	94	defensiveMove endgame hangingPiece
QXItY	8/p7/1p6/5pkp/PP4p1/4K1P1/6P1/8 b - - 1 52	h5h4 g3h4 g5h4 e3f4 h4h5 f4f5 h5h4 f5f4	1448	93	endgame pawnEndgame
QXKUG	2r3k1/pp1n1p2/4p1P1/3p4/3P4/8/q1P2r2/2QK2RR b - - 0 25	c8c2 h1h8 g8h8 c1h6 h8g8 g6f7 g8f7 g1g7 f7e8 h6e6 e8f8 e6e7	2322	93	advancedPawn attraction deflection doubleCheck mate mateIn5 sacrifice
QXsmb	6k1/2R3p1/4P2p/3p4/8/2p2K1P/r7/8 b - - 3 46	d5d4 c7c8 g8h7 e6e7	1740	91	advancedPawn endgame rookEndgame
QXxh7	2nr2k1/2p2ppp/p7/1pB1P3/2n2PP1/P1Nq3P/1P3Q2/5RK1 w - - 1 28	f1d1 d3d1 c3d1 d8d1 g1g2 d1d2 f2d2 c4d2	1302	94	exposedKing kingsideAttack pin
QZXpN	4r1k1/ppp2pPp/2n5/3q4/2pPr3/2PbBN1P/P4PP1/R2QR1K1 w - - 7 18	f3g5 e4e3 e1e3 e8e3 f2e3 d5g5	1754	95	
QbKzD	B1b4r/p3b1p1/5k1p/1p2p3/6q1/P7/1PQ2PPP/R1BR2K1 w - - 1 19	c2e4 g4d1 e4e1 d1e1	837	98	hangingPiece kingsideAttack mate mateIn2
QcK3P	2kr3r/pp3pp1/2nqp2p/8/3NQ3/2P3P1/PP3PP1/2KR3R w - - 3 17	d4f5 e6f5 e4f5 d6e6 f5e6 f7e6	1718	95	
Qcx94	3q4/1K5R/2Pkp3/8/3P4/8/8/8 b - - 0 59	d8g8 h7d7	885	100	endgame mate mateIn1 queenRookEndgame
Qd5Ux	1r3rk1/1p2qppp/p2p4/3PP3/P3R1N1/R2P2QP/1Pn3P1/6K1 b - - 2 25	c2a3 g4h6 g8h8 h6f5	2513	92	pin
QdFtP	4kr2/pp1b4/2nqp1p1/2p2nB1/4Q3/2PP1B1R/P1P2KP1/7R w - - 12 21	h3h8 d6g3 f2g1 g3g5	1580	94	fork
QesUV	1rr3k1/1p1n2b1/p2Pp3/P1P1p1p1/1P3pP1/2B1q3/BQ6/2NR2KR w - - 2 38	g1f1 e3f3 f1e1 f3h1	916	100	fork
Qey7w	8/1Q5p/1R6/6pk/1K5r/8/1PP5/5q2 w - - 8 50	b4b3 f1c4 b3a3 c4a4	1590	94	endgame mate mateIn2
QgNte	8/8/p5p1/1k5p/1P5P/2K3P1/8/8 b - - 3 46	b5a4 c3c4 a4a3 b4b5 a6b5 c4b5	1829	86	endgame pawnEndgame zugzwang
QgXZ6	5b1k/5Ppp/p4n1B/1p6/1P6/PB4RP/2r3PK/3r4 b - - 4 29	g7h6 g3g8 f6g8 f7g8q	683	100	advancedPawn endgame mate mateIn2 promotion
QgaaR	4nrk1/1p2ppb1/p2pb1p1/6Pp/q2BP2P/2Q2P2/1PPKB3/6RR w - - 4 21	g1a1 a4d4 c3d4 g7d4	1524	95	
Qh3b2	rnbqk1nr/p4ppp/4p3/1p6/2pP4/2B1PN2/1P3PPP/R2QKB1R b KQkq - 0 9	b8c6 d4d5 g8e7 d5c6	1855	91	
QhdP0	8/2k2pp1/7p/2PK4/5P2/6P1/8/8 b - - 0 41	h6h5 c5c6 g7g6 d5e5 g6g5 f4g5	2487	93	endgame pawnEndgame zugzwang
QhqmT	r4rk1/pbp3pp/1p1pp1q1/5p2/1PPPn3/P3P3/2QNBPPP/R3R1K1 w - - 5 17	d2e4 b7e4 c2e4 f5e4	1134	92	
QjPZ7	1r1b2k1/5p2/2Rp2pp/3Np3/4P3/1r3P1P/1P4P1/1R4K1 b - - 3 26	b3b2 b1b2 b8b2 c6c8 g8g7 c8d8	1367	92	endgame pin
QjnqF	4r1k1/pp3p2/2pr1Ppp/P1n5/4P1Nq/2P1Q2P/6P1/4RRK1 b - - 3 34	h4g5 g4h6 g8f8 e3g5	1041	89	kingsideAttack
QknGX	6k1/5pq1/p3pRnp/3pP3/8/3r1NP1/2r4P/1Q3R1K b - - 7 38	d3c3 f3d4 c2h2 h1h2	1900	92	
QmOhc	8/5PR1/5r2/p7/P4k2/4p3/4K1p1/8 b - - 1 53	g2g1q g7g1 f6f7 g1f1 f4g5 f1f7	1015	100	endgame skewer
QnTy6	r5k1/1p2R2p/2qB1pp1/5b2/3Q4/p1P4P/5PP1/6K1 b - - 1 37	a3a2 d4f6 a2a1q g1h2 c6d6 f6d6	1398	86	endgame
QoJLM	r1b2rk1/pp3ppp/4p1n1/3pn3/7q/P1NB3R/1P3PP1/R1BQ2K1 b - - 1 14	h4g4 d3e2 g4f5 h3h5 f5f6 c1g5	2483	93	
QotAX	2k2r2/p2R4/6p1/1pp2n2/8/2P1b1B1/PP4PP/3R3K w - - 8 29	d7a7 f5g3 h2g3 f8h8 a7h7 h8h7	923	96	endgame mate mateIn3
Qpyte	r4rk1/p5pp/1p1p1q2/2pb4/2n5/P4N1P/1PB1Q1P1/R4RK1 b - - 1 23	d5f3 e2c4 d6d5 c4d3 f3e4 f1f6 e4d3 f6f8 a8f8 c2d3	2315	92	hangingPiece
QqY8L	2k5/p5q1/1p2bn2/nP1p1p2/P1pPpP2/2P1P1rp/4BN2/R2Q2RK w - - 2 32	f2h3 g3h3	1120	93	hangingPiece kingsideAttack mate mateIn1
QrqgL	5rk1/B2Rppbp/6p1/8/8/8/r1P2PPP/2K4R w - - 0 21	h1d1 g7c3 d7b7 a2a1 b7b1 a1a7	2176	97	deflection endgame quietMove
QtFVj	8/p2b4/1kp1p3/8/8/1pqNQKP1/7P/8 b - - 3 39	b6b7 d3c5 c3c5 e3c5	795	98	endgame fork
QtHNz	r3k1nr/pp3ppp/2n5/2b1pP2/7q/2N2B2/PPP3PP/R1BQK2R w KQkq - 3 12	e1f1 h4f2	762	100	mate mateIn1
QuHzP	8/8/4p1p1/5p1p/4PP1P/2k1K1P1/8/8 w - - 1 47	e4f5 e6f5 e3e2 c3c2	2489	91	defensiveMove endgame pawnEndgame zugzwang
QuY14	5rk1/ppp2ppp/8/4nq1P/1PB5/2Q1P3/KBr4P/5R1R b - - 7 20	f5f1 c4f1 c2c3 b2c3	2250	90	
QuldX	r3rbk1/ppp2ppp/5n2/1q3b2/3Q4/P4N2/1P1BNPPP/R3KB1R w KQ - 1 15	e1c1 b5b3 d4c3 b3a2	2465	93	
QvAAx	4r1r1/1p2bQ2/p2p3k/2p5/P5q1/7R/1PP2PPP/6K1 b - - 1 28	h6g5 f2f4 g4f4 h3h5 g5g4 h2h3 g4g3 f7b3 f4f3 b3f3	2264	93	endgame mate mateIn5
Qvs5v	8/p7/1p1P4/4K3/5p1p/PP4k1/6P1/8 b - - 0 48	h4h3 g2h3 f4f3 d6d7 f3f2 d7d8q f2f1q d8g5 g3h3 g5f5 f1f5 e5f5	1974	94	advancedPawn endgame pawnEndgame promotion
QwNpJ	8/1k6/1p1K4/1PP2p1p/5P2/5b2/5B2/8 b - - 0 43	f3g4 c5c6 b7c8 f2b6 g4e2 d6c5 h5h4 c5b4 h4h3 b6g1 c8c7 b4c5	2510	93	bishopEndgame clearance defensiveMove deflection discoveredAttack endgame quietMove
QxF0u	r6r/1pk2ppp/3bp3/1Q1p4/1P3B2/P7/5PPP/q4RK1 b - - 5 20	a1a3 b5c5 c7d7 c5d6 d7e8 f4g5 f7f6 d6e6 e8f8 g5f4	2456	92	defensiveMove pin quietMove
Qy8Ty	r1b2rk1/pp1n1pp1/2p1p2p/q7/2BPn2B/P1P1PN2/2Q2PPP/R3K2R w KQ - 5 13	c2e4 a5c3 e1e2 c3c4	1220	97	fork
QynZV	1kB5/5Rpp/2K5/8/8/2N1b2P/1r6/8 b - - 0 34	b8c8 f7f8	615	100	endgame mate mateIn1
QzpsJ	8/8/2k3Kp/P7/6p1/4n3/1N6/8 w - - 0 54	g6h6 g4g3 b2d3 e3g4 h6g5 g3g2	2346	95	advancedPawn endgame knightEndgame
R15Jw	1r6/1q1bppkp/3p1np1/6N1/p1Q1P3/P6P/1P1N2P1/KR6 b - - 4 29	d7b5 c4f7 g7h8 e4e5 d6e5 d2e4 b5c4 f7c4	2455	92	
R1gSm	8/8/2p5/1pkr2p1/3R3p/2P1K2P/2P3P1/8 w - - 10 37	e3d3 d5d4 c3d4 c5b4 c2c3 b4b3	2215	93	endgame rookEndgame zugzwang
R23yu	8/3b1p2/8/2k2PKp/3pN2P/1P6/8/8 b - - 1 40	c5d5 e4f6 d5d6 f6d7 d6d7 g5f4 d7d6 f4e4	1989	92	endgame fork
R3puN	8/P7/8/2Kb4/1P6/2k5/8/8 b - - 2 57	d5h1 b4b5 c3b3 c5b6 b3a4 b6a6	2211	93	bishopEndgame defensiveMove endgame quietMove
R4Dhk	8/8/b3N3/P7/4kp2/8/5K2/8 b - - 1 52	f4f3 e6c5 e4d4 c5a6 d4c4 a6b4 c4b5 a5a6	2339	90	endgame fork quietMove
R58zn	5rk1/5ppp/1pp5/3b3q/5B2/6Q1/PPP2PPP/3RR1K1 w - - 7 21	e1e5 h5d1 e5e1 d1e1	721	100	hangingPiece kingsideAttack mate mateIn2
R5gKD	6R1/5p1p/p3pN1k/8/1p3P2/1r6/4b3/6K1 b - - 0 37	b3h3 g8g5 h3g3 g5g3	2303	97	endgame quietMove
R5zH7	r2qk1nr/pp1n1ppp/2pbp1b1/4N3/3P1B2/6N1/PPP1QPPP/R3KB1R b KQkq - 2 9	g8f6 e5g6 d6b4 c2c3 h7g6 c3b4	1468	92	
R6HHl	2k2rr1/pppn4/6q1/3Q4/1bP4p/3PB2P/PP3PP1/R2RN1K1 w - - 1 20	a2a3 b4e1 d1e1 f8f5 d5e4 d7f6	2577	91	
R6Q0V	8/5Qpk/7p/6qP/1p2p3/r1nP4/5PP1/2R2RK1 w - - 1 33	d3e4 c3e2 g1h1 g5h4	1571	94	endgame fork mate mateIn2
R6rZc	8/8/5p2/4p3/1pk1Bp2/2p2P2/P1K5/8 w - - 4 53	e4d3 c4d4 d3e4 d4e3	1086	94	bishopEndgame defensiveMove endgame
R78u0	3r3k/p1p3pp/2Q5/6q1/1B1rP3/n4P1P/6P1/2R2RK1 w - - 0 25	b4a3 d4d2 f1f2 d2f2	2204	92	
R80Lh	3r1rk1/pp2q1pp/5Bb1/2p1n3/2P1pQ2/1N6/PP2BPPP/3R1RK1 b - - 0 18	f8f6 d1d8 e7d8 f4e5	1107	99	kingsideAttack
R83Ts	8/2p5/1pk5/p7/P1PK4/1P6/8/8 w - - 1 48	d4c3 c6c5 c3c2 c5b4 c2b2 c7c6 b2c2 b4a3 c4c5 b6c5 c2c3 a3a2	2475	95	endgame pawnEndgame quietMove zugzwang
R8mWA	2r5/5ppk/3q3p/3pRp2/3P1Q2/7P/6P1/6K1 b - - 5 43	d6b4 f4f5 g7g6 f5f7 h7h8 f7f6	2224	93	endgame fork
RAd27	7k/8/6p1/p4n2/B7/1P1Nr1bP/3R2K1/8 w - - 2 36	d3c5 f5h4 g2f1 e3e1	924	100	endgame mate mateIn2
RCahD	6k1/1p4p1/p4p1p/3p1P2/2pr1N1P/P4R1K/8/8 b - - 7 47	g8f8 f4e6 f8e7 e6d4	808	100	endgame fork
RDpwO	r1bqk2r/pp2bppp/2n2p2/3p4/3P4/2N2Q2/PPP2PPP/R3KBNR w KQkq - 2 8	c3d5 c6d4 f3e4 d4c2 e4c2 d8d5	1964	89	deflection
RGIMV	r1br2k1/1p3ppp/p4n2/8/8/1P2P3/P1B2PPP/R1B2RK1 w - - 0 16	f1d1 c8f5 c1a3 f5c2 d1d8 a8d8	1887	93	
RGtrr	5rk1/p4Np1/4n2p/4PQ2/1p3PP1/1P5P/1qP5/3R2K1 b - - 0 30	f8f7 f5e6 b2c3 d1d8	1354	100	endgame hangingPiece pin
RHN6j	2r3k1/1bq1Bppp/p3p3/1pn5/6n1/P1N1PP2/1PB1Q1PP/3R2K1 w - - 1 21	e7c5 c7h2 g1f1 h2h1	1317	86	kingsideAttack mate mateIn2
RHYEG	1qr3k1/pNQ2pp1/1p1Pb2p/4R3/1b1N4/6P1/5PBP/6K1 w - - 5 27	c7e7 c8c1 g2f1 e6h3 e5e1 c1e1 e7e1 b4e1	1922	94	kingsideAttack pin
RIgbc	3r4/pp3k1p/6p1/1r1bRp2/8/2B2P2/PP5P/3R2K1 b - - 2 23	d5f3 d1d8 b5e5 c3e5	1000	98	endgame hangingPiece
RIm6O	8/2pk4/p1p3p1/2PpBnP1/PP3P2/3K4/8/8 w - - 7 48	b4b5 c6b5 a4b5 a6b5	1450	94	endgame
RJS2G	b4r1r/6Q1/p1q1k3/4P3/3RN3/7P/PPP3P1/7K b - - 2 35	c6e4 d4d6 e6f5 d6f6 f5e5 f6f8	2516	94	discoveredAttack endgame exposedKing
RK5e7	7r/1q3pk1/2nPp3/1p3p2/3P1P2/2P1B1p1/RQ5P/6K1 w - - 0 27	h2g3 c6e5 b2g2 e5f3	2414	92	endgame quietMove
RK6VV	4r3/Qp3k1p/3Rbpp1/8/8/2P2P1P/Pq4P1/R5K1 w - - 0 28	a1e1 e6h3 d6f6 f7g7 a7b7 b2b7	2414	93	endgame
RLPn7	8/1p6/p2p2p1/P2Ppk1p/2P4P/5K2/6P1/8 b - - 4 44	e5e4 f3e3 f5e5 g2g3 g6g5 h4g5	1324	94	defensiveMove endgame pawnEndgame quietMove zugzwang
RMrYc	8/7p/6p1/6KP/6P1/5k2/8/8 b - - 0 47	f3g3 h5h6 g3h3 g5f6 h3g4 f6g7 g4f5 g7h7 f5f6 h7g8 g6g5 h6h7	1998	96	advancedPawn endgame pawnEndgame
RNT9F	r5k1/p4p1p/1p1q2p1/2p2PQR/4r3/2P5/P5PP/5RK1 b - - 0 27	a8e8 g5h6 d6f6 f5g6 f6g6 h5g5	2546	92	endgame pin
RNjFt	r3kb1r/pp3ppp/1q2p3/3pn3/Q2N2PP/2P1B3/PP3P2/1R2K2R b Kkq - 1 13	e5c6 d4e6 b6e3 f2e3	1837	92	
RPrQZ	8/8/5p1K/2k1pP2/4B3/8/1p6/8 w - - 1 46	h6g6 c5d4 e4b1 e5e4 g6f6 e4e3 f6g7 e3e2 f5f6 e2e1q	1339	94	advancedPawn bishopEndgame endgame promotion quietMove
RQb5S	1k1r3r/ppp2p2/2q2bp1/PNP5/1P3n2/R2p2Pp/5P1P/1RBQ1BK1 w - - 0 28	c1b2 f4e2 d1e2 d3e2	1496	89	advancedPawn kingsideAttack
RSS02	2rr2k1/2q3p1/p2bRnp1/1p1p2B1/2nP4/P1P4P/1PB2PP1/1R1Q2K1 b - - 0 23	g8f7 g5f6 g7f6 d1g4	2526	92	
RU7xm	7r/4Q1pp/1qpN1p2/1k2p3/3pK3/1pr5/5PPP/1R6 b - - 1 34	b5a6 b1a1 b6a5 e7b7	1426	96	endgame mate mateIn2 pin
RVndt	8/5p2/3k2pp/8/2K3P1/1P5P/8/8 w - - 1 47	c4b5 d6d5 b5b4 d5d4 b4a3 f7f5 g4f5 g6f5	2506	93	endgame pawnEndgame
RVznp	8/pK6/1p6/5k2/P7/1Pn5/7P/8 b - - 1 41	b6b5 a4a5 b5b4 b7a7 c3a4 a5a6	2460	93	endgame knightEndgame quietMove
RW5OO	1r3r1k/p5p1/3p3p/5p1Q/4P3/2P4n/PP4PP/R1B2RqK w - - 7 25	f1g1 h3f2	886	99	mate mateIn1 smotheredMate
RWL3c	3r1bk1/p1q2pp1/1pn4p/2p2N2/4PPQ1/1P4P1/P5BP/5RK1 b - - 2 24	c6d4 f5h6 g8h7 h6f7 c7f7 g4h4 h7g8 h4d8	2291	91	deflection fork pin
RWNyp	8/8/p7/1p3k2/3P1p2/2P1q3/PP3R2/5K2 b - - 9 70	f5e4 f2e2 e4d3 e2e3 f4e3 f1e1	1752	96	defensiveMove endgame pin queenRookEndgame
RXFQt	N6r/1p1n1kp1/1p1P1pp1/4p3/8/1P2KPBP/P1n3P1/R2R4 w - - 1 27	e3e4 d7c5 e4d5 c2e3	1963	95	mate mateIn2
RXqWU	8/8/3pk3/2p2pPp/1pP1rNbP/1P4K1/P2R4/8 b - - 1 62	e6e5 d2d5	1029	97	endgame mate mateIn1
RaLyD	5r1k/4n1pp/8/q3Pp2/1pQ5/5B1P/PP3PP1/2K4R w - - 2 24	f3d1 f8c8 c4c8 e7c8	1214	85	endgame pin
RanUG	rnb1k1nr/p3bN1p/2p3p1/8/5q2/1BQ5/PPP2P1P/R2K1R2 b kq - 3 16	f4f7 b3f7 e8f7 c3h8	1524	91	
RcGyA	3q4/P1n3kp/1R4p1/8/4B3/3P3P/5P2/5K2 b - - 0 46	d8c8 b6b7 g7f6 b7c7 c8c7 a7a8q	1914	91	advancedPawn deflection endgame promotion
RcZsd	r6k/1p5p/p3N3/3nppQp/1P6/P4qP1/2R2P1K/8 b - - 5 36	a8g8 g5g8 h8g8 c2c8 g8f7 e6g5 f7f6 g5f3	2221	92	attraction endgame fork sacrifice
RczBJ	8/p4p2/1p6/2p1k3/6Pp/2P2K1P/PP6/8 w - - 0 35	g4g5 e5f5 g5g6 f7g6	1413	98	endgame pawnEndgame
ReSOw	8/8/8/P4Rpp/8/4k3/r6P/4K3 w - - 4 45	f5g5 a2a1	1097	99	endgame mate mateIn1 rookEndgame
ReoDh	r4rk1/pb3ppp/1pn1p1n1/2p1P1N1/3q4/P1B3PP/2P1B2K/1R2QR2 b - - 4 21	d4a4 e2b5 a4c2 f1f2 c2f2 e1f2	1565	93	defensiveMove trappedPiece
RgDRY	r4rk1/5ppp/p4nb1/qp1P3P/6P1/1BNnBP2/1b1Q4/1K1R2NR w - - 0 20	h5g6 a5a1 b1c2 d3b4	1198	96	mate mateIn2 queensideAttack
RgSje	2kr3r/p2qn1b1/1p2b3/2pN1p2/2PpPP1p/3P3P/PQ2N1B1/1R2K2R b K - 1 20	f5e4 d5b6 a7b6 b2b6	1520	94	queensideAttack
RgppC	4k3/6P1/7R/5K1p/8/8/8/7r b - - 0 72	h1g1 h6g6 g1g6 f5g6	1813	95	endgame rookEndgame
Riq5K	r3k2r/ppp2p2/3bpB2/8/3P2q1/2P2N1p/PP3PB1/RN1QR1K1 w kq - 0 19	g1f1 h3g2 f1e2 g4e4 e2d2 d6f4	1815	91	advancedPawn
Rn70E	rr4k1/2Q2p1p/p2p2pP/1n2p3/P3Pq2/1P1P4/1KR5/8 b - - 1 40	b8c8 c7c8 a8c8 c2c8	624	100	endgame mate mateIn2
RrQEq	1n1r2kr/Q3RR1p/1p1q3b/1P6/3P4/3P3P/P4PP1/6K1 b - - 2 23	h6f8 f7g7 f8g7 e7g7 g8f8 a7f7	986	97	mate mateIn3 sacrifice
Rs1jL	3b4/3P4/8/p7/Pp6/1kp2R2/4K3/8 w - - 0 63	e2d1 b3b2 f3f2 b2b1	1967	91	defensiveMove endgame
RtK6H	8/8/1p6/1K2p3/5pkP/6P1/5P2/8 w - - 0 64	b5b6 f4g3 f2g3 e5e4	1685	97	defensiveMove endgame pawnEndgame
RtUXN	8/5kpp/4R3/p4P2/3r2K1/rP6/2R4P/8 w - - 3 35	g4g5 h7h6 g5h5 a3b3 c2c7 f7g8	2184	93	defensiveMove endgame rookEndgame
Rtvmc	2Bk4/2R2p2/3p1p2/1P2p2r/1r6/5RK1/7P/8 w - - 1 42	c8g4 b4g4 g3g4 h5g5 g4h4 d8c7	2114	91	attraction endgame exposedKing sacrifice
Ru06Z	6k1/p3R3/1p2pP1K/3r3P/8/P1p5/5P2/8 w - - 0 42	e7c7 d5c5 c7d7 c3c2 h6g6 c5g5 g6g5 c2c1q	2427	93	advancedPawn attraction endgame promotion rookEndgame
Ru9hR	r7/1R4pp/pN6/2k5/5P2/6PK/P1r4P/8 b - - 3 29	a8e8 b7c7 c5b6 c7c2	1265	95	endgame skewer
RuBay	5r1k/pQ6/5B1p/6p1/8/P6p/1P3Pq1/2R1K3 b - - 0 32	f8f6 c1c8 f6f8 c8f8	1172	94	endgame mate mateIn2
RuZCi	r1bqr1Qk/pp4bn/n1pN2pp/4P3/8/1B5P/PP1B1PP1/3RR1K1 b - - 2 22	e8g8 d6f7	760	100	mate mateIn1 smotheredMate
RuzIb	2k5/2p2pb1/2q1p1p1/QpN1P3/2pP1nP1/P7/1PP5/1K3RBr w - - 0 31	f1f4 h1g1 b1a2 c6h1 a5a6 c8d8 a6a8 h1a8	2246	95	hangingPiece quietMove
RxtBF	r1br3k/1p3p1P/p2p3Q/4p3/1q2P3/5B2/P4KP1/3R3R b - - 2 23	d6d5 h6f6	1090	90	mate mateIn1
RywY0	4rk2/5pb1/p6n/1pq1p3/7N/2R2QPP/P4P1K/8 b - - 2 46	c5e7 h4g6 f8g8 g6e7	977	99	pin
RznQ7	5rk1/3R4/8/4pq2/3Q2p1/1P4P1/P1P3PP/4R1K1 w - - 0 31	d4e5 f5f2 g1h1 f2f1 e1f1 f8f1	1150	94	backRankMate endgame mate mateIn3 sacrifice
S10K0	4r1k1/r7/1nq1pRPQ/1p1pn3/p2p3P/P1NP4/1P6/1K1R4 b - - 2 31	d4c3 d1f1 c3c2 b1a2 a7g7 f6f7 e5f7 g6f7	2574	92	advancedPawn defensiveMove quietMove sacrifice
S1RVf	r2qkb1r/ppp1pppp/1n6/3Pnb2/2P5/2N1B3/PP4PP/R2QKBNR b KQkq - 1 9	b6c4 f1c4 e5c4 d1a4 c7c6 a4c4	1711	94	fork
S5jB5	2kr2nr/Qp4p1/2p3b1/3pn1Pp/4qB1P/2P5/P1P1NP2/R3KBR1 w Q - 1 17	a1b1 e5f3 e1d1 e4c2	1556	88	fork mate mateIn2
S6uTY	8/1p6/p2p4/7k/PP1p4/1K1P4/8/8 b - - 1 41	h5g4 b3c4 g4g5 c4d5 g5f4 d5d4 b7b5 a4b5 a6b5 d4d5 f4e3 d5d6	2394	92	endgame pawnEndgame
S79Yk	r4rk1/1p3pbp/1Pp2q2/2Pp1bp1/3Pp2n/2N1P3/3NBPPP/R2Q1RK1 w - - 1 20	e2g4 a8a1 d1a1 f5g4	1647	94	
S7RbW	5bk1/2N4p/p7/2pPp3/2P5/P3N1P1/5r2/7K b - - 1 37	f8h6 e3g4 f2d2 g4h6	1265	98	endgame fork
S8uX5	2rqk2r/5ppp/p2p4/1p1Pp1b1/P3P1b1/1Q6/1P3PPP/R1B1KB1R w KQk - 1 16	c1e3 d8a5 b3c3 c8c3	1396	87	
S9znq	r3rbk1/1R3p1p/p5p1/q2b4/P2P1B2/5N1P/1P3PP1/2RQ2K1 w - - 2 19	c1c5 f8c5 f4c7 d5f3 c7a5 f3d1	2227	92	
SAaCR	4r1k1/p5pp/2Q1p1r1/8/5P2/8/PqP1R2P/5R1K b - - 5 27	b2b6 c6e8	745	99	endgame hangingPiece mate mateIn1
SAfap	r3r1k1/7p/2ppNQp1/1p2n3/1P2P3/P1q5/6BP/5R1K b - - 4 31	a8a7 f6f8 e8f8 f1f8	1342	95	mate mateIn2 sacrifice
SBbGt	2r3k1/ppq2ppp/4p3/1P1pP3/P1rN2P1/b1PQ3P/2R2P2/R5K1 b - - 8 23	c4c3 c2c3 c7c3 a1a3	1952	94	fork
SFXFi	r1k2b1r/ppp1p3/2n3p1/1N1Q3p/8/8/PPP2qPP/1K1R2NR b - - 1 17	f8g7 d5d7 c8b8 d7c7	1285	87	mate mateIn2 queensideAttack
SGJQI	3B4/5k2/p3pp1p/1p1p2p1/1QnP4/P3PP1P/1Pq3P1/6K1 b - - 4 31	c4e3 b4e7 f7g6 e7f6 g6h5 f6f7 h5h4 f7f4	2566	95	endgame pin
SGRAB	3r2k1/4Bp1p/2p2qp1/p1P5/8/1P2QbP1/P2R3P/4K3 b - - 1 30	d8d2 e7f6 d2e2 e3e2 f3e2 e1e2	1408	93	endgame hangingPiece
SH24O	8/R4pkp/4p3/P4p2/2PrbP2/1P4P1/2B4P/2K5 w - - 1 29	c2e4 f5e4 a7c7 e4e3 c7c5 f7f6	2116	95	defensiveMove endgame
SHHsi	8/6pk/7p/8/1r3KRP/8/5PP1/8 w - - 4 43	f4f5 g7g6 g4g6 b4b5 f5f6 b5b6	1522	88	endgame rookEndgame
SMEHl	8/8/p5k1/1b3Rpp/1Pp1Kp2/2P4P/6P1/8 w - - 4 40	f5e5 b5c6 e4d4 c6g2 e5e6 g6f5	1765	90	endgame skewer
SMiEz	3r1rk1/pp1q1ppp/3n4/2Q5/8/2N5/PPP2PPP/2KR3R w - - 1 17	c3b5 d7b5 c5b5 d6b5 d1d8 f8d8	1402	92	
SMrzk	8/p2k3p/4P3/1p1P1KB1/8/8/6r1/8 b - - 0 41	d7e8 d5d6 g2g5 f5g5 b5b4 g5f6	1591	94	defensiveMove endgame
SNBn5	4k3/1p3p2/p3pnp1/q3P3/3PK1P1/P1r5/3Q1P2/R6R w - - 0 29	e5f6 a5d5 e4f4 c3f3	1338	97	endgame mate mateIn2
SQF3f	8/p2b3p/8/1p4p1/6k1/P3KNP1/1P5P/8 b - - 7 37	h7h6 f3e5 g4f5 e5d7	810	100	endgame fork
SQFDu	r7/4RpkB/p2p1n1p/2pP1Q2/2P2P2/6PK/q7/8 b - - 7 31	a8f8 f5g6 g7h8 g6f6	2061	87	deflection endgame pin
SSfSH	r5k1/2Q4p/3p2p1/8/2N1p3/2q1P2P/Pb4P1/4R1K1 w - - 2 26	e1e2 c3c1 g1h2 b2e5 g2g3 a8f8	2405	92	defensiveMove endgame
SSiMQ	3N4/1r3ppp/1nRkpn2/8/3P4/4PK1P/5PP1/8 b - - 8 37	d6d5 c6c5 d5d6 d8b7	1544	97	endgame
SUDOi	4r1k1/p3r2p/1p6/4np2/3p4/1P6/1P1N1PPP/R3R1K1 w - - 2 23	d2c4 e5f3 g2f3 e7e1 a1e1 e8e1	1092	96	discoveredAttack endgame
SV3WI	r4r2/pp3pkp/2np4/2q1pbp1/2P3N1/5KnP/PP3PB1/1RQ4R b - - 3 20	g3h1 c1g5 f5g6 g5f6 g7g8 g4h6	1523	98	fork mate mateIn3
SX2Do	6k1/3p2pp/5p2/1PqPpP2/8/1rnQ1N2/6PP/2R4K b - - 1 35	c3d5 d3b3 c5c1 f3g1 c1c5 b5b6 c5b6 b3d5	2014	92	deflection endgame pin
SY86o	4r1k1/ppq2pp1/3b3p/PPp5/2Pp4/2r3P1/2Q1PNKP/1RB1R3 w - - 4 28	c2a2 d6g3 e2e3 g3h2	2060	92	
SZ0Qe	r1b2r1k/ppp2p1p/3p2pn/6q1/4Pp2/2PP1Q2/PP3PB1/RN2K1NR w KQ - 0 17	g2f1 c8g4 b1a3 g4f3	1055	89	
SawSt	3r4/3n1k2/1pKR1p2/1P3P2/2P5/8/8/8 b - - 6 60	f7e7 d6e6 e7f7 c6c7 d8h8 c7d7	1327	91	endgame
Sb9FC	5rk1/1pR4p/p5p1/8/4p3/qP2P1QP/P5P1/7K b - - 14 34	a3a2 g3e5 a2a1 e5a1	2068	90	endgame
SdobG	5rk1/7p/4R1p1/1QP5/7q/2P2P2/PP1r2PP/4R1K1 w - - 1 30	b5b3 h4f2 g1h1 f2g2	1440	94	endgame mate mateIn2
Sei7t	R7/5p1k/4p1p1/7p/1b3Pnq/1P1QP2P/6P1/2R3K1 w - - 0 28	c1c7 h4f2 g1h1 f2e1 d3f1 e1f1	1754	92	endgame mate mateIn3
SekRh	1k1r3r/p1p3pp/1p2Q1n1/8/1bP5/4BNP1/Pq3PBP/R4K1R w - - 1 20	a1c1 h8e8 e6e8 d8e8	1981	92	
Sf303	8/8/2k2b2/3p2B1/1p4K1/5P2/1P4P1/8 b - - 0 39	f6g5 g4g5 d5d4 g5f4 d4d3 f4e3	1164	99	endgame
SgHgY	r4r1k/p1bBR1pp/2p5/Pb1p4/1P6/3p3P/1B3P2/R5K1 b - - 1 32	c7d6 b2g7 h8g8 d7e6	1496	95	fork
SiMk8	1r6/6bk/6pp/1N1p4/p2P2n1/P2QBqP1/1P3P1P/5RK1 w - - 1 32	h2h3 g4e3 d3e3 f3e3 f2e3 b8b5	1419	93	
Sjvwx	7k/6p1/2p2b1p/5Q2/1pP5/p6P/1q3PP1/3R2K1 w - - 0 41	f5c8 h8h7 c8f5 g7g6 d1d7 f6g7	1312	95	defensiveMove endgame
Sk7r1	8/8/8/2r3K1/Rp6/P4k2/8/8 w - - 1 64	g5f6 b4b3 a4b4 c5c3	1565	100	defensiveMove endgame rookEndgame
SkwEB	r1bq1r2/pp1nb1pk/2n1p3/3pP1P1/3P4/2N5/PP3PP1/R1BQK2R b KQ - 0 13	h7g8 h1h8 g8h8 d1h5 h8g8 g5g6 d7f6 e5f6 f8f6 h5h7 g8f8 h7h8	2258	93	attraction kingsideAttack mate mateIn5 sacrifice
SlCG1	3q3k/R5n1/3P3p/5p2/2N1p2n/2P4P/1P4B1/5RK1 w - - 2 34	c4e5 d8b6 g1h1 b6a7 d6d7 g7e6	1642	99	defensiveMove fork
Snjp5	Rn3rk1/2p1ppbp/3q1np1/1B6/3P4/1p2PQ2/5PPP/2B1K1NR w K - 1 14	a8a3 d6b4 e1f1 b3b2 c1b2 b4b2	2514	91	advancedPawn fork trappedPiece
So7Ko	rn2k2r/1pqb1ppp/p2bp3/2pP4/6n1/2N2N2/PPP2PPP/R1BQRBK1 w kq - 0 12	d5e6 d6h2 f3h2 c7h2	1076	99	kingsideAttack mate mateIn2
SoAjs	1k1r3r/1bqnbppp/ppnp4/4p1P1/N3P2P/1NQ1BP2/PPP1B3/1K1R3R w - - 0 18	f3f4 b6b5 f4e5 b5a4	1654	94	
SoPAp	r3k1nr/ppp2ppp/2n5/8/5BBq/3p4/PPP3K1/R2Q1R2 b kq - 3 20	d3c2 d1d7 e8f8 f4g5 g8f6 f1f6 h4g4 d7g4	2481	93	
Sr6fB	8/p2k1R2/1p1pp3/8/3q4/2N4P/PPP3P1/7K b - - 1 28	d7c6 f7c7 c6c7 c3b5 c7c6 b5d4	1362	94	attraction endgame fork sacrifice
Srd57	8/8/2n5/7P/4kP1K/6r1/3R4/8 b - - 2 54	e4f4 d2f2 g3f3 f2f3 f4f3 h5h6	1843	90	endgame
SupOI	r1b2rk1/1p2bp1p/pq2p1pQ/1N1nP3/3P4/2PB4/6PP/R1B2RK1 b - - 1 17	c8d7 f1f3 f7f5 e5f6 f8f6 f3h3	2501	91	defensiveMove enPassant
SvLZH	7R/P4k2/8/7p/8/r3p3/6PK/8 b - - 2 45	a3a7 h8h7 f7e6 h7a7	740	100	endgame rookEndgame skewer
SvkL6	5r1k/6p1/R3B2p/5P2/1p4P1/2b5/7P/2Bn2K1 w - - 0 39	a6b6 c3d4 g1g2 d4b6	903	90	endgame fork
SwFGV	r2r2k1/1b3pbp/p3p1p1/1p3n2/3p4/PPN1PNP1/1Bn2PBP/2RR2K1 w - - 0 18	c1c2 d4c3 d1d8 a8d8	1187	97	
SwNA1	r2r4/1pp1Rpk1/pb6/6N1/P1n3N1/8/1P3PP1/R5K1 b - - 1 23	c4d6 g5e6 g7g6 e6d8	1273	95	pin
SwpTi	r2q1rk1/ppp2ppp/2n3b1/2bBP3/4n1P1/2N2N1P/PPP2P2/R1BQ1RK1 b - - 2 11	e4f2 f1f2 c5f2 g1f2	1505	88	
SxVDm	2r3k1/5ppp/p3p3/1p1b4/4P3/Pq4N1/5QPP/5RK1 b - - 0 22	d5c4 f2f7 g8h8 f7f8 c8f8 f1f8	669	100	backRankMate endgame mate mateIn3 sacrifice
SxYgm	2kr3r/1p3pb1/p1n2n1p/2p1pP2/P1PqP3/R4P2/1PQ1B3/2B1K1NR w K - 2 21	a3d3 c6b4 d3d4 b4c2	1521	91	fork
SxlMi	4k3/1R6/6P1/3p1P2/1p1p4/3P1K2/3b2r1/8 b - - 2 59	g2g5 g6g7 g5f5 f3e2 f5g5 e2d2 b4b3 d2c1	2359	94	advancedPawn defensiveMove endgame
SyNZa	8/p5pk/6pp/N2p4/3P4/4Q3/q5PP/6K1 w - - 0 31	a5c6 a2b1 g1f2 b1c2 f2e1 c2c6	1488	95	endgame fork
SyzC5	1r4k1/1bqr3p/p4PpQ/1pp1N3/P7/7P/1PP2P2/4R1K1 b - - 2 29	g8h8 e5g6 h8g8 g6e7 d7e7 e1e7	1955	92	kingsideAttack pin
SzqXD	8/1q4k1/6p1/8/3Q4/7P/1p4P1/7K b - - 3 57	g7f8 d4h8 f8f7 h8h7 f7e6 h7b7	1386	95	endgame exposedKing queenEndgame skewer
T08A5	7k/p3Q1p1/3P3p/7P/1p3P2/6PK/2q5/8 b - - 3 68	c2f5 h3h4 b4b3 d6d7 f5d7 e7d7	2022	93	advancedPawn defensiveMove endgame queenEndgame
T0o3L	8/7R/kp6/p3Pp2/4b3/4K1r1/8/5R2 w - - 4 55	e3d4 g3d3 d4c4 b6b5 c4c5 d3d5	1611	94	endgame
T0uQL	8/5p1p/2R3pk/8/4p3/4P2q/5P2/Q4K2 w - - 5 52	f1e2 h3h5 e2d2 h5d5 d2e1 d5c6	2419	91	endgame fork
T0xRN	r2k3r/pppqb1Np/8/nQ1n4/8/8/PPP2PPP/RNB1K2R w KQ - 1 14	b5a5 e7b4 a5b4 d5b4	1021	92	fork
T2zkG	8/1p1k1pp1/p1p4p/3pP2P/5PPb/2P1B3/PP6/1K6 w - - 1 25	g4g5 d7e6 f4f5 e6f5 g5h6 g7h6	2061	90	endgame
T32QJ	2kr4/ppp2pp1/1n1p2br/8/3PN2q/3B1P1P/PP2Q3/2K1R2R b - - 2 20	d8e8 e4d6 c7d6 e2e8	945	98	discoveredAttack queensideAttack
T34pG	6rk/1p3Qpp/p2B2n1/2pP4/3bP2R/3q2P1/P6P/5R1K b - - 2 27	g6h4 f7g8 h8g8 f1f8	1426	99	attraction mate mateIn2 sacrifice
T47Sh	2r5/5p2/4p2p/2rk2p1/6P1/3RKP2/8/2R5 b - - 1 58	d5c6 c1c5 c6c5 d3c3 c5b4 c3c8	1081	97	attraction endgame exposedKing rookEndgame skewer
T9kIm	2r3k1/1pP2ppp/p3b3/1N6/4P3/8/PP4PP/3R2K1 b - - 0 21	a6b5 d1d8 c8d8 c7d8q	675	100	advancedPawn backRankMate endgame mate mateIn2 promotion
TA3Q8	5r1k/2p1R1p1/2p4p/p7/P2n4/1P6/1NPP2PP/6K1 w - - 1 27	e7c7 d4e2 g1h1 f8f1	997	100	backRankMate endgame mate mateIn2
TAGoR	8/1p6/3p4/3Ppkbp/P2p3p/1P1P1P1K/3B1P2/8 w - - 2 34	d2g5 f5g5 b3b4 g5f4 a4a5 f4f3 b4b5 e5e4	2071	91	endgame
TAQTY	rkbR4/2B3q1/pp6/3Q4/3P3p/1P6/1P3PPP/K7 b - - 0 41	b8c7 d5d6 c7b7 d8e8 a6a5 e8e7 g7e7 d6e7	2358	92	endgame fork
TAXSK	5b2/p2Q2kp/5pn1/2p5/6P1/2r5/P1q5/K2RR3 b - - 7 37	g7h8 d1d2 c3e3 d2c2 e3e1 a1b2	2518	91	defensiveMove trappedPiece
TAZmG	1r4k1/pbq3pp/3bRp2/2pn3Q/8/NP1P4/PBP2PP1/R6K w - - 3 19	a3c4 d5f4 h5h2 b7g2 h2g2 f4g2	2085	89	discoveredAttack fork
TAeRe	8/p7/2p5/5kp1/P4p1r/2PP1P2/6R1/6K1 w - - 6 43	g2h2 h4h2 g1h2 g5g4 h2g1 g4g3	1992	92	endgame rookEndgame
TBAfT	2B5/1P3p2/5k2/3n2p1/p5P1/R7/1r6/3K4 w - - 4 57	a3a4 d5c3 d1c1 c3a4	1081	87	endgame fork
TBGrE	2r3k1/p5pp/2pPb3/5p2/8/8/PP3PPP/4RK2 b - - 0 25	e6d5 d6d7 c8d8 e1e8 g8f7 e8d8	968	91	advancedPawn endgame
TBk5y	r2qnrk1/p3b1p1/2p1Q2p/2p5/P1P1p3/3P4/1P1B1PPP/R3R1K1 b - - 0 20	g8h7 e6e4 h7g8 e4e7	1827	93	
TBnrA	6R1/4p3/3b4/3P1K2/5p2/5k2/8/8 w - - 0 54	g8f8 e7e6 d5e6 d6f8	1135	98	discoveredAttack endgame
TBpBd	3rr1k1/ppp1qp2/2npb1p1/8/2P1P2p/1PN2R2/PK1Q2P1/5R1N b - - 1 25	e6g4 f3f7 e7f7 f1f7	1012	99	
TDDHr	1kr5/qpr2p1p/p1n1p1pP/2PpP3/1P6/2R1Q3/P3BPP1/1KR5 w - - 1 27	a2a3 d5d4 e3d2 d4c3	1235	93	fork
TDJYG	3N4/1kpQ2pp/1p6/p4p2/P7/2q3P1/6K1/4r3 b - - 3 36	b7a8 d7c8 a8a7 c8b7	1122	98	endgame mate mateIn2
TEMs7	r3kb1r/1p1b2p1/p2p1q1p/3N4/4P3/8/PPP2PPP/R2QK2R b KQkq - 1 13	f6d8 d1h5 g7g6 h5g6	814	100	mate mateIn2
TGMCx	2rqrbk1/1b3Q1p/1p4p1/pN1p4/Pn6/1p2PB2/1BPP2PP/2R2RK1 b - - 0 22	g8f7 f3d5 f7e7 f1f7	1578	93	doubleCheck mate mateIn2
TGmBf	1r5r/6bk/R3p3/Q1NpPbpq/3P1p2/1P3P2/P4BP1/4R1K1 w - - 1 30	c5e6 h7g8 f2h4 h5h4	1791	86	
THBT7	6k1/2r3p1/2P4p/1P6/2KB4/4Pp1P/1Q6/4q3 b - - 10 45	e1e2 b2e2 f3e2 d4c3	1565	91	endgame
TIFbl	6r1/1q2k2p/p2rPp1p/4p3/Q3N3/8/PP3PPP/4R1K1 w - - 0 24	e4d6 b7g2	684	100	endgame mate mateIn1
TIr9d	3r2k1/5pp1/7p/Q3p3/2P1P3/1P2qP2/P2r1RPP/5RK1 b - - 6 25	d2f2 a5d8 g8h7 f1f2 e3c1 f2f1	1048	97	endgame hangingPiece intermezzo
TJRL7	4r1k1/6pp/4b3/3n4/R2P1p2/6P1/PP3P1P/R4K2 w - - 0 29	a1e1 e6h3 f1g1 e8e1	888	99	deflection discoveredAttack endgame mate mateIn2
TJaVd	k1q4r/1R3pp1/P1p2np1/2Pp2r1/P7/NQ2P2P/5PP1/5RK1 w - - 2 22	b7f7 g5g2 g1g2 c8h3 g2g1 h3h2	1910	94	attraction kingsideAttack mate mateIn3 sacrifice
TJdV4	1r5k/6pp/p4q2/1p2p3/2b1Br1P/P2Q2P1/1PP2P2/3R1RK1 w - - 1 26	d3d6 f6d6 d1d6 f4e4	1974	88	
TKPFt	4R3/ppk1p3/3p4/5PK1/8/1B6/P1P1r3/8 w - - 13 43	f5f6 e7f6 g5f6 e2e8	1328	96	discoveredAttack endgame
TKX2B	8/5rp1/1p5p/4p3/P1Rb2P1/kP3B1P/6K1/8 b - - 13 44	a3b3 f3d5 f7f4 c4d4	2296	85	discoveredAttack endgame
TKnL0	2r2r1k/pp2b1pp/3pp3/nq1np3/4N3/2P1P1B1/PPQN1PPP/3RK2R w K - 10 17	b2b3 d5b4 c2b1 b4d3 e1f1 d3f2	2189	94	discoveredAttack
TLHq7	r7/1p3k1p/p1p2Pp1/2P1B1P1/Pn2pP2/R7/5K1P/8 w - - 0 32	f2e3 b4c2 e3e4 c2a3	758	99	endgame fork
TMXL1	4r3/8/3Bk2p/pp2P1p1/5pP1/2P2K1b/1P6/4R3 b - - 1 41	e8c8 e1h1 h6h5 h1h3	1470	92	endgame trappedPiece
TNoQP	6r1/5kPK/1p6/6R1/3b4/3p1P2/P2B4/8 b - - 4 52	d4g7 g5f5 f7e6 h7g8	2004	95	deflection endgame
TODyD	r1b2k2/1ppnNpp1/p6p/7q/3P2n1/3BP3/PPQ2PP1/R3RKN1 w - - 1 18	e7c8 g4h2	1108	99	mate mateIn1
TP15S	5rk1/pp6/2n1p2p/3p1rPP/2p4B/2P1P1Pq/PP2Q3/R4RK1 w - - 1 23	f1f4 h6g5 e2g4 h3g4 f4g4 c6e5 g4g5 f5g5 h4g5 e5f3 g1g2 f3g5	2107	91	exposedKing fork
TQSyz	2r1r1k1/p5pp/1p6/4N1q1/2pP4/2P2Q2/P5PP/R6K b - - 0 32	e8f8 f3d5 g8h8 e5f7 f8f7 d5g5	1708	96	discoveredAttack endgame fork
TQfpp	8/p7/8/1k3P2/2p5/4PK2/8/8 b - - 0 39	c4c3 f3e2 b5c4 e2d1 c4b3 d1c1	2255	94	defensiveMove endgame pawnEndgame
TQw6O	8/7K/7P/p7/1p6/4p3/PP3k2/8 w - - 0 44	h7g7 e3e2 h6h7 e2e1q h7h8q e1e5	1242	93	advancedPawn endgame pawnEndgame promotion
TRBml	1Q6/8/8/KQ6/1P6/8/q7/4k2q w - - 1 62	b5a4 h1d5 b4b5 d5d2	2023	92	endgame queenEndgame
TSMRY	8/4bp2/p7/Pp2pk1p/1P6/2P1BK2/5P1P/8 b - - 3 29	f7f6 c3c4 b5c4 b4b5 a6b5 a5a6	2273	93	bishopEndgame endgame sacrifice
TT8pz	8/1R3pk1/3Pp1p1/6p1/pn2B3/1r4P1/5P1P/5K2 b - - 0 43	a4a3 d6d7 a3a2 b7a7 b3b1 f1e2 a2a1q a7a1 b1a1 d7d8q	2537	93	advancedPawn defensiveMove endgame promotion
TTCZ8	2r1k2r/1bqp1ppp/p3pn2/1pb5/3BP3/2N2PQ1/PPP1B1PP/R4RK1 w k - 1 13	g3c7 c5d4 g1h1 c8c7	1156	96	hangingPiece intermezzo
TTDEs	r4r1k/p2QNppp/2p5/1p4B1/4q3/1B6/PP3bPP/R6K b - - 0 21	f7f6 e7f5 e4f5 d7f5	1926	93	
TUFGF	2b2k1r/p6q/3b2p1/2p2pB1/8/2P2QPB/PP3PK1/7R w - - 0 36	f3c6 c8b7 g5h6 f8g8	1455	99	defensiveMove pin
TVFX6	2k2r1r/pp6/2p4p/P3p2P/2Pp1q2/1P1K1B2/3NQ3/5R2 b - - 1 29	h8g8 f3g4 g8g4 f1f4	968	93	discoveredAttack
TVRZu	8/3k4/2p3p1/3p1p1r/1P1P3P/1r2P2K/R3R3/8 w - - 7 71	a2b2 b3b2 e2b2 g6g5 b4b5 h5h4	1923	88	endgame rookEndgame
TVknj	8/7k/1q2p1pp/2N1Pp2/7P/p5P1/P1Q5/1rB3K1 w - - 1 46	g1f1 b6b2 c2b1 b2b1	2011	91	endgame pin
TWYUe	2r2rk1/5pp1/bqp1p3/1p2P2Q/3b4/P6R/1B3PPP/R5K1 b - - 3 26	f7f6 h5h7 g8f7 e5f6	2487	91	kingsideAttack
TXCBJ	8/1q3k2/3Rp2p/r2pPpp1/P2Q4/KP6/8/8 b - - 5 38	f5f4 d4d3 f7g7 d6e6	2047	91	endgame
TXLub	r6k/pp4qp/2p5/3pr3/1P5n/P2Q1P2/4R1BP/3R2K1 w - - 0 35	e2e5 g7g2	664	100	mate mateIn1
TXcCg	r2q1rk1/4bpp1/2p1pn1p/1pPp1b2/1P1P4/2N1P1BP/4BPP1/R2Q1RK1 w - - 2 17	e2d3 a8a1 d1a1 f5d3	1465	93	
TYjjQ	rn3r2/pp4k1/2b1Qq1p/6p1/7P/3B4/PP3PP1/R1B1R1K1 w - - 1 19	h4g5 f6f2 g1h2 f2g2	1185	96	kingsideAttack mate mateIn2
TYxkA	r1b1k2r/1pppnppp/pb3q2/4n3/2B1P3/2N2N2/PPPP1PPP/R1BQK2R w KQkq - 2 9	f3e5 f6f2	1039	96	mate mateIn1
TZYWK	1K4k1/1R6/6p1/6P1/5r2/8/8/8 w - - 0 61	b8c7 f4f7 c7b6 f7b7 b6b7 g8f7	1154	100	defensiveMove endgame rookEndgame
TZsFs	r3k1r1/pppqbp1p/2bp1p2/8/8/2PB1N2/PP3PPP/R2QR1K1 w q - 1 15	d3h7 g8g2 g1g2 d7g4	1734	93	attraction kingsideAttack sacrifice
TZtO4	8/4r2p/2pk2p1/4R3/pP1K1Pp1/7P/P7/8 w - - 0 38	e5e7 d6e7 h3g4 h7h5 g4h5 g6h5 d4e5 h5h4	1800	94	defensiveMove endgame
TaNKY	5rk1/1R3pp1/4p2P/3p4/4bQ1P/7K/6r1/8 b - - 4 44	f7f5 f4e5 g8h7 b7g7 h7h6 g7g2 e4g2 h3g2	2321	92	endgame
TaQPX	5rk1/pb4p1/1p2pr1p/3q4/3P4/2P1Q2N/PP3RPP/5RK1 w - - 2 22	a2a3 d5g2 f2g2 f6f1	1703	95	deflection kingsideAttack mate mateIn2 sacrifice
TajeE	r4r1k/5ppp/1p3b1B/p2qp3/3p2R1/7P/PP4P1/5QK1 b - - 3 26	e5e4 f1f6 g7f6 h6g7 h8g8 g7f6 d5g5 g4g5	1669	96	discoveredAttack fork mate mateIn4 pin sacrifice
TbIwg	2r1r1k1/pp3pp1/2b1p2p/3p4/3P1Pnq/3B1N2/PP4PP/3QRR1K b - - 4 23	g4f2 f1f2 h4f2 e1e2 c6a4 b2b3	2193	92	sacrifice
TbMMv	2k1r3/2P4p/p4pp1/1pR5/1P3KP1/P2r3P/8/2R5 w - - 7 37	c5c6 g6g5 f4f5 d3f3	1786	93	endgame mate mateIn2 rookEndgame
TbslQ	1r3r1k/2Q4p/5Np1/4Rp1q/3p4/1P3PP1/5KP1/8 b - - 3 47	h5h6 e5e7 f8f6 c7b8	1571	94	endgame
Tbxnm	r1b1nrk1/p5pp/1p1q4/3p4/4NPPP/2PB1Q2/PP6/2KR3R b - - 0 18	d5e4 d3e4 d6f4 f3f4	2406	93	
Tf1E3	rnb1r1k1/p4pN1/2pp3p/8/2PN2pP/1P6/PBP2qP1/2KQ3R b - - 0 19	g8g7 d4e6 g7h7 d1g4 f2f4 g4f4	2503	92	doubleCheck interference
ThPls	7r/R7/3q2k1/8/6P1/5p2/PP3PP1/4Q1K1 w - - 0 36	g2f3 d6h2 g1f1 h2h1 f1e2 h8e8	992	94	endgame
TiFxg	2r2r2/pp3pk1/6p1/4p1R1/3p1q2/5P2/PPP3Q1/1K4R1 b - - 2 25	f8h8 g5g6 g7f8 g6e6 f7e6 g2g7 f8e8 g7h8	2533	94	clearance endgame fork sacrifice
Tj6Fl	k1r5/pp6/7p/8/4R1Q1/7P/q1r1R1PK/8 b - - 3 51	c2e2 g4c8	956	100	endgame hangingPiece mate mateIn1
Tl3ZU	3r2k1/5pp1/5r1p/2qp3P/1pPRP3/1P3QPK/5P2/3R4 w - - 1 32	d4d5 f6f3 d5c5 d8d1 c5c8 g8h7	2138	92	capturingDefender endgame
Tltqn	8/8/3p3k/5p2/7p/5P1P/5KP1/8 b - - 1 40	f5f4 f2e2 d6d5 e2d3 h6g5 d3d4	1452	96	endgame pawnEndgame
Tm4w8	8/8/1K5p/2Q5/4k2P/8/8/5q2 b - - 2 62	e4d3 c5b5 d3e3 b5f1	1052	96	endgame queenEndgame skewer
TmHAD	5r2/4ppkp/3P2p1/R2P4/2pP4/1rP1Q3/1q4PP/5R1K b - - 0 25	b3c3 e3e5 g7g8 d6e7	1786	92	advancedPawn endgame
Tnvts	8/6k1/1n2p2p/3pP1pP/1ppP2P1/7K/PP2N3/8 w - - 0 45	a2a3 c4c3 a3b4 c3b2	1852	93	advancedPawn endgame knightEndgame
Tonn7	r2q1rk1/pbp1ppbp/1p1p2p1/n2n4/3B4/1BP2N1P/PP3PP1/RN1QR1K1 w - - 0 13	b3d5 b7d5 d4g7 d5f3 d1f3 g8g7	1640	91	
Tp7IN	2Q5/5ppk/2p4p/1b6/5qN1/7P/P2r1PP1/4R1K1 w - - 5 30	e1e8 d2d1 e8e1 d1e1	950	95	endgame mate mateIn2
TpkDU	8/8/4B3/6p1/2pp1k1p/P6P/1pK5/8 b - - 1 50	d4d3 c2b2 f4e5 e6c4	1263	100	bishopEndgame endgame
TrC8n	2k5/1qn4r/p2b1Q2/1p2N1P1/2pP1P2/P1P5/1P1B4/4R1K1 w - - 3 33	f6d6 b7h1 g1f2 h7h2 f2e3 c7d5 d6d5 h1d5	1953	91	exposedKing
TrbgH	6r1/2RR2bk/1n6/8/4p3/8/P5PP/7K w - - 3 36	d7e7 b6d5 e7e4 d5c7	1096	98	endgame fork
Ts6Y9	r4rk1/4qpp1/pbpp1n1p/8/1P1Pp2B/P6P/2PN1PP1/R2QR1K1 b - - 1 18	b6d4 d2e4 d4a1 e4f6 e7f6 h4f6	2305	86	kingsideAttack
TsAkZ	8/5K1p/5p2/5k2/8/6P1/7P/8 b - - 0 45	h7h5 h2h4 f5e5 f7g6 f6f5 g6h5 e5f6 h5h6 f5f4 g3f4	2586	91	endgame pawnEndgame quietMove
TtWj0	5Q2/p4p1p/4p1R1/2p1P3/2q1rPk1/8/3rNK1P/4R3 b - - 0 32	f7g6 e1g1 g4h5 g1g5 h5h4 f8h6	1127	96	endgame mate mateIn3
Tv41x	r4rk1/4q1bp/p5p1/1p6/7P/P1P1NbB1/1PQ2P2/R4KR1 b - - 3 23	e7e3 f2e3 f3e4 c2f2	1914	93	hangingPiece
TvHUy	4r1k1/pp4pp/5p2/2RP4/8/1P2NbPq/P4P1P/2Q3K1 w - - 3 32	d5d6 e8e3 c5c8 g8f7 c1c7 f7g6	1322	94	defensiveMove endgame
TvV3o	q4rk1/1RR3p1/1p3n1p/1N1pN3/3Pn3/4P1P1/r3QPKP/8 b - - 2 31	a2e2 c7g7 g8h8 e5g6	1387	95	kingsideAttack mate mateIn2
TvdTy	5r2/3k3p/1P4p1/4p3/2Pn1p2/2NP1P2/3K2PP/1R6 w - - 1 31	b1a1 d4b3 d2c2 b3a1	888	99	endgame fork
TxdI5	r1b2rk1/1pp2pb1/p4q1p/2pPp3/2P1PnpP/3B2N1/PP1N1PP1/R2QK2R w KQ - 4 22	d3e2 f4g2 e1f1 g2e3	1028	95	pin
U2JdN	r3k2r/pp3ppp/8/4pb2/1N1q2n1/6P1/PP1BPPBP/2RQ1K1R w kq - 0 16	b4d5 d4f2	724	92	mate mateIn1
U5Vfu	8/7p/6pK/5p2/4p3/pk4P1/5PP1/B7 w - - 0 43	h6h7 g6g5 a1e5 a3a2 h7g6 f5f4 g3f4 g5f4	1995	92	advancedPawn bishopEndgame endgame quietMove
U5dht	2r3rk/2q1Bp2/4pP1n/2RpP2p/3P2p1/3Q4/6PP/5RK1 b - - 6 29	c7a7 d3d2 h8h7 d2c2 g8g6 c5c8	2367	92	deflection exposedKing
U6Ifq	1r1r2k1/p4ppp/R1p1pn2/8/8/2q1BB2/2P2PPP/3Q2KR w - - 1 19	d1a1 c3c2 h2h3 b8b1 g1h2 b1a1	1829	93	fork
U7Rd6	6k1/5p2/4pQp1/4PbK1/1BP5/3pqP1P/8/8 w - - 3 48	f3f4 e3g3 g5h6 g3h3 f6h4 h3h4	1392	97	endgame mate mateIn3
U7hFk	8/2B5/2R5/1p1P4/p4P2/k3q2P/PR4PK/4b3 w - - 5 42	c6c2 e1g3 h2h1 e3e1	1489	100	endgame mate mateIn2
U7oDs	5rk1/1p3qp1/p6p/7P/6Q1/P7/1PP5/1K4R1 b - - 10 40	f7f5 g4g7	747	99	endgame mate mateIn1
U8bLv	1q1rrnk1/pp1n1pp1/2pP1b1p/2P2B2/3B4/6PP/P1Q1NP2/3RR1K1 w - - 1 27	e2f4 e8e1 d1e1 f6d4	1379	92	kingsideAttack
UBXLF	3r1nk1/5pp1/pq2p2p/1p5P/8/1BP2QR1/PP1rRPP1/6K1 b - - 1 26	b6c5 e2d2 d8d2 f3f6 f8g6 g3g6	2599	92	pin
UC3EG	1r3b2/5p1p/4k1p1/8/5P2/1p1K3P/1B4P1/4R3 b - - 12 42	e6f5 g2g4 f5f4 b2e5	1918	93	endgame
UCMqV	8/2p5/1pP2kpp/pP1p4/P2P2P1/4P1K1/8/8 b - - 3 44	f6g5 e3e4 g5f6 g4g5	2550	91	endgame pawnEndgame
UDLto	r2q1rk1/pp1n1ppp/2pb1n2/4NQB1/2BP4/2N5/PPP3PP/4R1K1 b - - 0 13	d8b6 e5d7 b6d4 g1h1	2430	95	defensiveMove fork
UEkga	6r1/4R1pk/p5p1/1p4P1/1n1R4/3p1K1P/1r6/8 b - - 3 49	a6a5 d4h4	785	100	endgame mate mateIn1
UEydW	4b2r/pp3pkp/8/1Bqp4/5P2/5K2/PR1B2PP/2R5 b - - 6 25	c5d4 d2c3 d4c3 c1c3	1124	85	pin
UG9nI	3r1r2/7p/p1R5/6k1/8/8/PPP5/1K1R4 w - - 1 37	d1d8 f8f1 d8d1 f1d1	644	100	backRankMate endgame mate mateIn2 rookEndgame
UH10c	rn2Qbk1/1pq2ppp/p6r/6N1/P2P4/2PB4/3N1P2/R4RK1 w - - 4 22	e8e4 c7h2	643	100	mate mateIn1
UHfm8	8/3k4/4p1p1/1p1pP3/p1p2P1P/P1P1K3/1P6/8 w - - 3 38	e3f3 d5d4 c3d4 b5b4 a3b4 c4c3	2108	95	endgame pawnEndgame sacrifice
UHzt0	8/1B6/8/p1p1kbp1/8/P1P1P3/5K2/8 w - - 2 40	f2f3 f5e4 b7e4 g5g4 f3g3 e5e4	2221	92	bishopEndgame deflection endgame sacrifice
UIDNJ	6k1/Qp4p1/P7/6qp/7r/1r5P/5PP1/R4R1K w - - 1 31	a6b7 b3h3 g2h3 h4h3	1465	92	endgame mate mateIn2 sacrifice
UJ2aK	r2k3r/pb1pn1pp/1p1B4/3BP3/5R2/8/P5PP/5RK1 b - - 6 28	b7d5 f4f8 h8f8 f1f8	698	100	mate mateIn2
UJaJE	8/3r2pp/1bk5/2pN4/4pP2/7P/4K1P1/3R4 w - - 1 42	d5b6 d7d1 e2d1 c6b6	1103	87	endgame intermezzo
UKpCi	2rk2r1/pp1b3p/4pq2/2Q3nB/P7/1P3N2/5PPP/2R2RK1 w - - 4 28	c5a7 g5f3 h5f3 f6f3 c1c8 d7c8	1523	88	kingsideAttack pin
UKxhn	2k4r/ppp2bp1/3b1p2/PP3P2/2pP2r1/2Q3P1/3B1K2/R3R3 w - - 1 26	f2g2 f7d5 g2f1 g4g3 c3g3 d6g3	2259	94	deflection
ULpOA	r2q1rk1/pp2ppb1/5n1B/5b2/3n4/2NP2P1/PP1QP1BP/R4RK1 b - - 0 15	d4e6 f1f5 g7h6 d2h6	1681	94	hangingPiece
UM1Ar	r4k1r/p1p2p2/1p4p1/3n3p/3Q1P1q/2P5/PP3P2/4RK2 b - - 1 23	a8d8 d4h8	694	98	endgame hangingPiece mate mateIn1
UMFlg	2r2n2/1p2bRpk/p5pp/3pp1q1/P1P5/1P4NP/5QP1/R5K1 w - - 2 29	c4d5 e7c5 f2c5 c8c5	1418	94	pin
UOdGE	8/8/1N6/3pk3/2p2p2/5P1P/6K1/8 w - - 0 48	h3h4 c4c3 b6a4 c3c2 a4c5 e5d4	1867	93	advancedPawn endgame knightEndgame
UQwjV	r7/1p2rkp1/3R3p/2P2p2/1P6/6P1/5PP1/3R2K1 w - - 3 32	d1d2 e7e1 g1h2 a8a1	1885	94	defensiveMove endgame rookEndgame
UR22Q	7k/1p5p/5p2/q3n1p1/3Q4/4P3/PP2BP1P/6K1 w - - 2 28	f2f4 a5e1 e2f1 e5f3	990	89	endgame fork
UR7Fi	2r2rk1/1p1bq1pp/p3pb2/8/P2n4/2P2NQ1/2B3PP/R1B2RK1 w - - 0 19	f3d4 f6d4 c3d4 f8f1	2009	90	discoveredAttack kingsideAttack
URVFc	6k1/p4pp1/2b1p3/8/2Pr1Q1P/6R1/Pq3P2/2R3K1 w - - 1 30	g3b3 b2b3 a2b3 d4f4	1821	94	endgame
URbHg	3r2k1/p4ppp/3bp3/8/2q1B3/2B4P/1P3PP1/3QR1K1 w - - 4 25	d1d3 d6h2 g1h2 d8d3 e4d3 c4d3	1055	97	discoveredAttack
USUP3	1r4k1/8/2b1p1nR/p2pPpP1/2pP4/2P1B3/q1BQ1K2/8 b - - 2 37	g8g7 h6g6 g7g6 c2f5 g6f5 d2a2	1423	94	attraction discoveredAttack exposedKing
UTdlB	r3rk2/1pp4p/1n1p1ppP/p2P1q2/PnPQ4/2N1R3/1P2BPP1/5K1R w - - 0 23	c3e4 b4c2 d4f6 f5f6 e4f6 c2e3	1366	95	fork
UVYdm	3r1rk1/pb3p1p/1p2p1P1/2p5/q1PP2P1/3Q1P2/1P6/1BKR3R b - - 0 22	f7g6 h1h7 b7e4 d3e4 a4d1 c1d1 d8d4 e4d4	1605	90	
UVwNL	r1bq1rk1/pp4pp/4p3/2ppPp2/4nP2/3BP3/PPPN2PP/R2Q1RK1 w - - 0 12	c2c4 e4d2 d1d2 d5c4	1939	97	
UWmSi	1r3rk1/3pqppp/p3p3/3bP3/3p3P/3B4/PPPQ1PP1/1K1R3R w - - 2 17	h4h5 b8b2 b1b2 f8b8 b2a1 e7a3 c2c4 d4c3 d1b1 b8b1 h1b1 c3d2	2263	91	advancedPawn attraction enPassant queensideAttack sacrifice
UYYrQ	3r2k1/2p2ppp/1p3qb1/8/P1NnP1n1/1PPr2P1/2Q2PBP/R3R1K1 w - - 0 21	c2d3 f6f2 g1h1 f2e1 a1e1 g4f2 h1g1 f2d3	1974	93	fork sacrifice
UZZgs	2b2r1k/pp4qp/2p3p1/5pQ1/8/3BR3/P1P2P1P/6K1 b - - 0 26	g7f6 g5f6 f8f6 e3e8 h8g7 e8c8	1045	100	endgame fork
UcEJw	r3kb1r/ppB1p1pp/5p1n/8/3P4/8/P1P1QPPP/qN3RK1 b kq - 0 12	g7g6 e2b5 e8f7 b5b3 f7g7 b1c3	2179	94	defensiveMove
UcR9R	2b2r2/6k1/1pR3Bp/4Npp1/4n3/8/1r3PPP/4R1K1 b - - 5 31	c8b7 c6c7 g7f6 e5d7 f6g6 d7f8	1449	93	fork
UccI6	8/2p2k1p/p3R3/2p2Pp1/P1p3P1/2P2K1P/1r1r4/2R5 w - - 2 37	e6a6 d2d3 f3e4 b2e2	1735	97	endgame mate mateIn2 rookEndgame
UfYvH	r2qkbnr/ppp1p1pp/2n2p2/8/2B1P1b1/5N2/PPPP2PP/RNBQK2R w KQkq - 4 6	e1g1 g4f3 d1f3 d8d4 f3f2 d4c4	1663	92	fork
UgXg7	1r4k1/p5pp/3qN3/P1np4/2b5/Q5PB/4Pr2/2RR2K1 w - - 0 26	g1f2 c5e4 f2g1 d6a3	1648	92	discoveredAttack
Uivgv	r4rk1/pbqn1ppp/3b4/2ppp3/5PQ1/1P1BPN2/PBP3PP/R4RK1 b - - 1 15	e5e4 g4g7	664	100	kingsideAttack mate mateIn1
UjDvn	8/3n4/5P2/P5p1/2K3k1/8/8/8 b - - 0 41	g4f5 a5a6 f5f6 c4b5 f6e5 a6a7	2592	93	advancedPawn endgame knightEndgame
UjH3e	5rk1/6pp/8/p2RPR2/2p1Q3/1pP5/1q3KPP/8 w - - 3 29	f2g1 b2c1 g1f2 f8f5 e4f5 c1c2 f5c2 b3c2 f2e3 c2c1q	2505	94	advancedPawn endgame promotion
UjpC0	r3r2Q/1bp1kpp1/p4q1p/1p2R3/P2P4/7P/1PB2PP1/R5K1 b - - 0 23	e7d7 c2f5 f6f5 h8e8 a8e8 e5f5	1786	87	
Ujpym	3r2k1/5pp1/4p2p/p7/2Nqn3/1P2Q2P/P4rP1/R2R2K1 b - - 1 31	d4e3 d1d8 g8h7 c4e3	975	95	hangingPiece intermezzo
Uk7yL	4r1rk/1pqn1p1p/2p2PpQ/1pPnP3/3P4/1N3R2/PP4PP/R5K1 b - - 5 24	d7e5 h6h7 h8h7 f3h3	1590	97	attraction kingsideAttack mate mateIn2 sacrifice
UkKJ3	R1r3k1/2r3p1/2p3np/3p1N2/QP1PpqP1/7P/5P2/5RK1 b - - 2 33	f4f3 a8c8 c7c8 a4a7 f3f5 g4f5	2045	91	
Ul7Z3	5r1r/1pk4p/p1b1pq2/2pp2pQ/2N2P2/2P1P1P1/PP4P1/2KR1R2 w - - 8 21	f4g5 f6f1 d1f1 f8f1	870	98	
UnIKI	r7/2p1kb2/p6p/1pqr4/4QR2/2P5/6PP/3R3K b - - 1 34	d5e5 e4a8 c5d5 f4f7 d5f7 a8d8 e7e6 d8c8 e6f6 d1f1	2434	95	exposedKing hangingPiece
UopmT	2r3k1/1p3p1p/4p1pQ/1r1p4/2b4R/qNP5/P4PPP/2R3K1 b - - 3 24	a3f8 h6h7	856	98	kingsideAttack mate mateIn1
Ur5r3	2rb2k1/2r2p1p/1Q4p1/3B4/P7/6P1/5P1P/5RK1 w - - 11 33	f1a1 c7c1 a1c1 c8c1 g1g2 d8b6	817	89	endgame
UtVTh	7k/1b2bP1p/4pn2/3pN3/2pP1BP1/2p1PP2/1q5Q/r2BK2R b K - 2 26	c3c2 e5g6 h8g7 f7f8q e7f8 h2h6 g7f7 h6f8 f7g6 h1h6	2408	92	advancedPawn kingsideAttack mate mateIn5 pin promotion
UtoSQ	8/8/8/3K3p/4p3/4k1bN/1P4P1/8 w - - 2 49	b2b4 e3d3 h3g5 e4e3	1457	94	endgame
UuA0v	4r1k1/2p2p1p/p5p1/8/2N5/2b5/P4PPP/1R3K2 b - - 3 25	c3e5 b1e1 f7f6 f2f4 e8d8 f4e5	1735	91	endgame
UugxE	r7/8/8/1ppppPk1/p5P1/1PP3K1/1P6/R7 w - - 0 31	b3a4 a8a4 a1d1 a4g4	1970	90	endgame rookEndgame
UupXa	1k3r2/pp1b2p1/5n1p/3pq3/P3p1P1/1PP3Q1/1K3N2/R5R1 b - - 1 30	f6g4 f2g4 e5g3 g1g3	1221	90	
UusJx	7r/p4kpp/1pp2p2/3n1n1P/4N3/1P6/P2B3P/4R1K1 b - - 1 28	f5h4 e4d6 f7g8 e1e8	803	98	endgame mate mateIn2
UvIJ1	8/8/6kp/5p2/5P2/3K2P1/8/8 w - - 0 63	d3d4 g6h5 d4e3 h5g4 e3f2 g4h3 f2f3 h6h5 f3f2 h3h2	2438	91	endgame pawnEndgame quietMove zugzwang
Uvxce	r6k/4b2p/3p1p1B/4PP1p/1p1P4/8/1K4RP/8 b - - 0 34	a8g8 g2g8 h8g8 e5e6	1909	89	endgame
UxNTE	4R3/2p2pkp/3p4/p1nP1PPp/1r5P/1P5B/2P5/6K1 b - - 0 29	b4h4 f5f6 g7g6 e8g8	1048	100	endgame mate mateIn2
Uxcma	1q2k1r1/3p1p2/6r1/3Qp2R/P3P3/3PN3/1N3P2/2n2K2 w - - 1 39	h5e5 e8f8 d5c5 d7d6	2131	95	defensiveMove
Uxvbs	1R6/5ppk/p6p/1p2PP2/r7/6PK/8/8 b - - 2 40	b5b4 e5e6 f7e6 f5e6 b4b3 e6e7	1378	100	advancedPawn endgame rookEndgame
UzvDY	4r1k1/pp3p2/6p1/q6p/6QP/P2BrN2/1PP3P1/2K4R w - - 0 22	g4g5 e3e1 f3e1 e8e1 h1e1 a5e1	994	96	mate mateIn3 queensideAttack sacrifice
V0EC3	1k1r3r/R1p1bp2/1pb2p1p/3qp3/2N4N/1PPP2P1/1P2PPBP/R5K1 b - - 3 17	d5b5 a7a8 c6a8 a1a8	1833	96	mate mateIn2 queensideAttack sacrifice
V0ShE	2r5/p3q1kp/2r2np1/2p1p3/7Q/4PRN1/P5PP/5RK1 b - - 5 26	c8c7 h4g5 g7h8 f3f6	2377	91	
V1K9D	r4rk1/ppp2ppp/1b1p4/1q6/1P6/P1P2N1P/3Q1PP1/R4RK1 b - - 0 18	f8e8 a3a4 b5c4 a4a5	1648	94	
V1ib6	r4rk1/pp3pp1/7p/5q2/3Pp1n1/5NP1/PPP2P1P/R2QR1K1 w - - 0 19	f3e5 f5f2 g1h1 f2h2	913	97	kingsideAttack mate mateIn2
V2DN7	r1q2rk1/pp2b1pp/2n2p2/1QPpp2P/3P1BP1/2P1PN2/4KP2/RR6 w - - 0 22	d4e5 f6e5 f3e5 c6e5	1731	89	
V2cx9	2k5/pp4Q1/2pp4/5b2/2q5/2Bp4/PP1K1P2/1R6 w - - 8 35	b1e1 c4f4 e1e3 f4f2 d2d1 f2e3	1740	94	deflection endgame exposedKing
V4O4F	2kr3r/pppq1p1p/5B2/8/2P1bb2/1Q6/PP2PPPP/R3KB1R w KQ - 1 14	a1d1 f4d2 d1d2 d7d2	1236	92	mate mateIn2
V4R63	2k1r3/Qp4b1/p2p1qp1/3P1p1p/3R1P2/2P5/PP4PP/2K5 b - - 1 27	e8e7 a7a8 c8d7 d4c4 f6f8 a8b7 d7e8 c4c8 e8f7 c8f8	2537	92	endgame queensideAttack quietMove skewer
V4pSm	r1bqkb1r/pp2nppp/2n1p3/6B1/3pN3/2P2N2/PP3PPP/R2QKB1R b KQkq - 0 8	d4c3 e4d6 d8d6 d1d6 e7d5 d6g3	1840	95	defensiveMove
V5F2a	7k/6pp/1p6/P2n4/3P1r2/8/1P3PKP/R7 b - - 0 31	f4d4 a5a6 g7g6 a6a7 d5c7 a1c1	2009	95	advancedPawn endgame
V6vmc	2kr3r/p4p1p/2R1b2p/4Q3/8/3q3P/5PP1/6K1 b - - 0 23	c8d7 c6c7 d7e8 e5h8	1715	95	endgame interference mate mateIn2
V7AtL	8/1p4pk/p3Nr2/P2Q1p2/1P1Pp3/4q3/6PK/2R5 w - - 2 37	c1f1 f6h6	973	100	endgame mate mateIn1
V7D65	1q3bk1/3n1pp1/r1n1p3/3pP3/2pP4/2P2NN1/pQ1B1PPP/R5K1 w - - 6 30	a1a2 b8b3 b2b3 c4b3 a2a6 b3b2 a6c6 b2b1q	2532	93	advancedPawn promotion sacrifice
V7UZP	3N4/2p3P1/8/2k3K1/2b5/8/8/8 b - - 1 58	c5d6 g5f6 c4g8 d8f7 d6d7 f7h6 g8h7 f6f7	1995	96	defensiveMove endgame exposedKing
V8gtv	8/5p2/1p1kp2p/p7/3K1P2/2P4P/PP6/8 w - - 1 34	b2b4 a5b4 d4c4 b4c3	1909	91	endgame pawnEndgame
VADF5	1r1q1rk1/3nppbp/3p2p1/Q7/1P6/4P1P1/3BRPBP/R5K1 w - - 3 23	a1b1 d8a5 b4a5 b8b1	661	99	
VAeoL	r1bq1rk1/1p2bppp/p1nppn2/6B1/3NPP2/2N5/PPP1B1PP/R2Q1RK1 w - - 1 10	f4f5 d8b6 g5e3 e6e5 c3a4 b6a7	2179	92	
VAfTt	r1bqk2r/ppp1nppp/8/2bpP3/3N1P2/3Q4/PPP3PP/RNB2RK1 b kq - 0 9	c8f5 d3b5 f5d7 b5c5	1035	92	fork
VB41t	8/8/7k/1p4r1/3p4/1B2n2P/PPPR2P1/6K1 w - - 7 41	g1h2 e3f1 h2g1 f1d2	1133	98	endgame fork
VCBfn	8/6p1/pp1k4/3p1Pp1/1P1K2P1/P2P4/8/8 b - - 0 37	a6a5 b4a5 b6a5 a3a4 d6c6 d4e5 c6c5 e5e6 c5d4 e6f7 d4d3 f7g7 d5d4 f5f6 d3e2 f6f7	2505	92	advancedPawn endgame pawnEndgame quietMove zugzwang
VEADs	r1b2rk1/p1qn1pp1/2pbp2B/1p6/3P2nP/3B1NN1/PPPQ1PP1/2KR3R w - - 1 13	h6g7 d6f4 g3h5 f4d2	1433	94	pin
VEHV2	8/4kp2/2p1r1n1/p2p2Q1/1p1Pq3/2P3P1/PP3P1K/7R b - - 2 40	e7d6 g5d8	862	100	endgame mate mateIn1
VES4X	2rnr1k1/pp3p2/3p4/3P1b2/3Pp3/P3P1qp/4QRB1/R1B3K1 b - - 3 26	g8h7 e2h5 h7g7 h5f5	1586	93	fork
VFJxF	2rq1rk1/1b3p2/p3pbNp/np1p4/5P2/P1PQB3/6PP/1B1R1R1K b - - 0 21	c8c3 g6e7 f6e7 d3h7	1286	94	clearance kingsideAttack mate mateIn2 sacrifice
VGjZX	8/4RRpk/5P1p/6r1/6PK/pr6/8/8 b - - 0 46	b3b4 f7g7 g5g7 e7g7 h7h8 h4h5 a3a2 g7a7 b4b7 a7a2	2562	91	endgame rookEndgame
VGuo1	1q4k1/p3ppbp/3p2p1/8/2rBB1PP/8/PrPQ4/K2R3R w - - 2 21	d4g7 b2a2 a1a2 c4a4	1459	94	attraction mate mateIn2 sacrifice
VH6y6	r1b1kbnr/pp3ppp/8/1P1qp3/3n4/5N2/2PP1PPP/RNBQKB1R w KQkq - 1 8	b5b6 d5e4 f1e2 d4c2 e1f1 c2a1	1782	96	fork
VHbJS	r3rbk1/pp1q1bpp/5p2/2p2N2/3pNQ2/1P1P4/1PP1RPP1/4R1K1 b - - 5 24	e8e5 f5h6 g8h8 e4f6	2350	91	kingsideAttack
VHftN	8/6p1/R5k1/2p4p/4N3/3P1K1P/2r3P1/1q6 b - - 1 51	g6h7 e4g5 h7h8 a6a8 b1b8 a8b8	1108	98	endgame mate mateIn3
VIgoE	5rk1/5ppp/4p3/1Q2n1q1/4B3/2n5/P1P2PPP/R4RK1 w - - 0 21	f2f4 e5f3 f1f3 g5b5	1592	94	discoveredAttack pin
VIsWh	8/1p3kp1/p1b1r1p1/5pq1/PP1Q4/4rP2/1B4PP/2RR2K1 b - - 2 27	g5h6 b4b5 a6b5 a4b5 c6b5 c1c7	2412	91	
VLDgI	2rr2k1/1p1q1pbp/1n4p1/4p3/p3B3/1P1RP1P1/1B2QP1P/5RK1 b - - 0 21	d7b5 d3d8 c8d8 e2b5	916	100	discoveredAttack
VLJ1L	r3n2r/2qpkppp/pRn1p3/2R5/2N5/2PQB3/2P2PPP/6K1 b - - 13 21	a8b8 c5c6 c7c6 b6b8	2460	94	capturingDefender deflection
VLfUD	5r1k/pp2r1bp/1q3p2/2pQn1P1/2P4B/1P5P/P5P1/4RRK1 b - - 0 21	f8d8 g5f6 d8d5 f6e7	2021	93	advancedPawn fork sacrifice
VMjWD	3r2k1/p4p1p/1pP3p1/8/1P6/2P2B1P/P4PPK/8 b - - 0 34	f7f5 f3d5 g8f8 d5e6 d8d6 c6c7	1908	91	advancedPawn endgame
VMojr	7r/pp3k2/2p3p1/4Pp1r/N1P1p3/1P2P1Kb/1P1N1P2/R6R w - - 2 26	h1h2 h5g5 g3f4 g5g4	1164	92	mate mateIn2
VN2Uf	1R6/r6k/2pp2rp/pp6/4q3/8/PP1Q2PP/R1B3K1 w - - 0 23	b2b3 g6g2 d2g2 e4e1 g2f1 a7g7 c1g5 g7g5 g1h1 e1e4 f1f3 e4f3	2320	94	fork mate mateIn5 sacrifice
VNDN2	5rk1/1p1rbppp/p7/q3PR2/2PBQ3/1P4PP/P7/R5K1 w - - 1 22	e5e6 d7d4 e6f7 f8f7 f5a5 d4e4	1454	92	
VNaEF	8/8/4ppkp/8/1p2P2P/1P3K2/6P1/8 w - - 4 44	f3e3 g6h5 e3d3 h5h4	1609	89	endgame pawnEndgame
VPMqC	6k1/pp4p1/3qp1P1/n2p2P1/3P4/2P1p2Q/P1K2rB1/3R3R w - - 1 25	c2d3 d6a6 c3c4 a6c4 d3e3 c4e2	1506	96	mate mateIn3
VPdPC	6k1/5r2/7p/2R1Qbp1/2P2pq1/1P2P3/P4P2/2R3K1 w - - 1 34	g1f1 f5d3 f1e1 g4e2	1479	97	endgame mate mateIn2
VPkCO	rnb1k2r/pp2nppp/2p1N3/2q5/8/4B1P1/PPP2PBP/R2Q1RK1 b kq - 3 12	c5e5 d1d8	1077	93	mate mateIn1
VQNb6	r2q1k2/ppp3pp/3p1n2/3P4/2P1Q3/8/PP1B2PP/R5K1 w - - 1 19	d2g5 f6e4 g5d8 a8d8	692	100	endgame
VQQ7K	r3brk1/pp4p1/2p1p2p/3p4/2PPn1q1/1P4R1/P1QB1PP1/1B3RK1 b - - 1 22	e4g3 c2h7 g8f7 f2g3 f7e7 d2b4	2110	94	discoveredAttack intermezzo
VQTZS	8/5p2/3k2pp/pp6/2pPP2P/P1P1K1P1/8/8 b - - 0 30	f7f5 h4h5 g6g5 e4f5	2438	91	endgame pawnEndgame
VQXLV	r1b1k3/pp3pp1/2n5/4p3/P2pP3/1P1Pq3/4B2P/R1B2Q1K b q - 3 27	c8h3 f1e1 h3e6 c1e3	2124	92	quietMove trappedPiece
VQtAM	1bnr2k1/pp1r3p/2p2qp1/2P1p1N1/1P1nP2P/P1QR4/5PB1/2B1R1K1 b - - 0 32	d4e2 e1e2 d7d3 c3c4 g8g7 g5e6	1441	92	sacrifice
VR61k	1rb1r1k1/p1pp1ppp/8/3Qq3/7P/8/PPP2PP1/1K1R1B1R w - - 0 15	f1c4 e5b2	773	100	mate mateIn1 queensideAttack
VR6p5	r4r1k/ppqn1N1n/2pb4/3p3Q/3P4/7P/PPP1NPP1/R3R1K1 b - - 0 20	h8g8 h5g6	1324	93	mate mateIn1
VRUr9	5rk1/5p2/2p3p1/4P3/p3N3/P1B5/1P4PP/3b2K1 b - - 1 35	f8e8 e4f6 g8f8 c3b4 c6c5 b4c5 f8g7 f6e8	1800	93	endgame fork
VTyrB	8/4Q3/p1pp2pk/2p5/3q4/3Pn3/P1P2R1P/6K1 w - - 2 31	e7e4 d4a1 f2f1 a1f1	1345	100	endgame mate mateIn2
VUHM0	r7/pp5p/2b3n1/6Q1/6p1/7k/PP3P1P/6K1 b - - 4 41	a8e8 f2f3 c6f3 g5h5 g6h4 h5e8	2536	96	endgame
VWA75	rnb2rk1/2q1bppp/p2pp3/8/3N4/1BP5/PB2QPPP/R3R1K1 b - - 7 15	b8d7 d4e6 f7e6 e2e6 g8h8 e6e7	1977	95	fork
VWD3v	r5r1/p4Rbp/4p1p1/1B4P1/5B1k/1P3K1P/P7/8 b - - 0 28	h4h3 f4g3 e6e5 b5f1	2285	93	endgame mate mateIn2 quietMove
VZhsc	r1b2r1k/pp2p3/8/3N2p1/2p5/3BP3/PPP2PP1/2K4R b - - 1 21	h8g7 h1h7 g7g8 d5e7	1144	94	endgame mate mateIn2
VZp9E	r7/p4pk1/4pqrb/2pp3R/1p6/2P1PN2/PP2K2Q/7R b - - 9 30	a8h8 f3e5 b4c3 e5g6 f6g6 h1g1	2272	93	pin
Va0Dw	6k1/5p2/5Ppp/1r2q3/pp1p2Q1/4b1N1/P5PP/5R1K b - - 1 34	h6h5 g4c8 g8h7 c8f8 e3h6 f8f7	1665	97	endgame
VaHod	5rk1/p4p2/1p2n1p1/4P3/7R/P3P2Q/1r3qPP/R6K b - - 3 27	e6g5 h4h8 g8g7 h3h6	1226	91	mate mateIn2
VbXVj	6kr/2Q5/3p1p2/p1pP4/4Bnq1/6P1/PP5P/4R2K w - - 7 33	e4f5 g4f3 h1g1 f3g2	1608	94	endgame mate mateIn2
VcrQS	q5r1/1p3Qpk/4n2p/2bN1p2/2P2P2/3P3P/6BK/8 b - - 1 31	e6d4 d5f6 h7h8 f7g6 d4f3 g2f3 a8a2 f3g2 c5g1 h2h1	2323	91	pin
Vd4j1	2k1b2r/Qpq2p1p/2p1ppn1/P1N5/2B1PP2/8/3r2PP/1R5K b - - 8 24	b7b5 a5b6 c7a7 b6a7	2020	90	advancedPawn enPassant
VdEAH	1r2kbnr/pp1n1pp1/2p5/4p1Pp/4PNqP/1RP1Q2B/P2B4/4K2R b Kk - 1 19	g4f4 h3d7 e8d7 e3d3 d7e8 d2f4	1789	100	attraction discoveredAttack
VdihS	r2q1rk1/ppp2ppp/4b3/3Pp3/1b6/3Q4/PBB2PPP/R4RK1 b - - 0 14	d8d5 d3h7	636	100	kingsideAttack mate mateIn1
VdlBI	6r1/pk5r/Q1R1p3/4Np1p/3q1P2/1P5P/P5PK/8 b - - 2 37	b7a8 c6c8 g8c8 a6c8	948	100	endgame mate mateIn2
VdsFq	r2q1rk1/pppbb1pp/8/3PpB2/8/2N5/PPP3PP/R2Q1RK1 w - - 1 14	d1h5 f8f5 f1f5 g7g6 f5g5 e7g5	2322	92	fork sacrifice
Vg0nh	4rrk1/1ppb1ppp/4q2b/p2nN3/P2P4/2PB1R2/2Q3PP/R6K b - - 6 22	f7f6 d3h7 g8h8 e5g6 h8h7 g6f8 h7g8 f8e6	1348	94	doubleCheck fork
VgfiQ	8/8/6K1/4Bp1p/5Pk1/8/8/8 w - - 1 69	e5d6 h5h4 d6c5 h4h3 c5g1 g4f4 g6f6 f4g4 g1h2 f5f4	2420	92	bishopEndgame defensiveMove endgame quietMove
Vh2rl	r6k/ppp3pp/2n1Q3/q2p4/3P1BP1/b1P2P2/PP5P/R3K2R w KQ - 0 17	b2a3 c6d4 e6e3 d4c2 e1f2 c2e3	2388	91	exposedKing fork pin
Vhjgw	4rrk1/1pqn1ppp/1npb2b1/p7/P2PN3/2PQ1N2/1PB2PPP/R1B1R1K1 w - - 7 17	e4d6 e8e1 f3e1 g6d3	1918	96	kingsideAttack
Vi9Ca	8/8/2P5/1P6/2K5/8/7p/5k2 w - - 0 52	b5b6 h2h1q c4c5 h1g1	2547	92	advancedPawn endgame promotion
ViCLQ	r1q1r1k1/1pp1bp1p/pn2b1N1/3p2B1/3P1NnP/3BP3/PPQ2PP1/R4RK1 b - - 0 16	f7g6 d3g6 e7g5 g6h7 g8h8 h4g5	2286	91	kingsideAttack
ViQw8	b1r1k1nr/3q1pp1/PB2p2p/1N4P1/RbP1P3/5Q2/1P1p1P1P/3R2K1 b k - 1 20	c8c4 a4b4 c4b4 b5c7	2198	91	sacrifice
VicPt	2kr4/pp2q2p/2p1p2Q/2np4/6nP/PP1P4/1KP1PPP1/3R1B1R w - - 1 18	h6g5 e7g5 h4g5 g4f2	1502	94	
Vikjf	1r3r2/6kp/1p1P1bp1/pQ3p2/4bP2/2P1B2R/3RNKPP/q7 b - - 2 28	a1h1 b5d7 f8f7 h3h7 g7h7 d7f7	1551	89	attraction deflection
VlyAW	2kr3r/1p4R1/n7/pN6/3Bp2b/2Pn4/PPK5/7R b - - 1 28	h4f2 h1h8 d8h8 b5d6 c8b8 g7b7	2176	93	
VmOXI	3r1rk1/ppp2ppp/8/1q6/5Q2/4B1P1/PPp2PRP/2R2K2 w - - 8 21	f1g1 d8d1 c1d1 c2d1q	1109	95	advancedPawn backRankMate mate mateIn2 promotion
VmfI0	3r4/1p6/p2r3p/3Nbk1P/5P2/3R3K/P7/3R4 b - - 0 37	f5e4 d3e3 e4f5 e3e5	1836	97	endgame mate mateIn2
VmfdV	1r6/2q2Pkp/2p3p1/p4P2/4p2Q/1R6/PP5P/1K6 b - - 0 33	b8b3 f5f6 g7f7 h4h7 f7f6 h7c7	1804	93	deflection endgame skewer
Vmy9A	8/8/4q3/4p2k/5pp1/1pQ5/5NP1/6K1 w - - 0 58	g1h2 g4g3 h2g1 g3f2	913	100	advancedPawn endgame fork
VoSOW	5r1k/p1Q4p/1p1p4/4b1q1/4B3/P1P1R2P/1P3PP1/5K2 b - - 0 34	g5e3 c7h7	648	100	endgame mate mateIn1
VpjcK	5rk1/1bp1bppp/3p1n2/1q2p3/BP2P3/3PBN2/5PPP/Q3R1K1 b - - 1 18	b5b4 e1b1 b4a5 b1b7 f8a8 e3d2 a5a4 b7b8 a8b8 a1a4	2326	92	deflection skewer
VpoWM	4n3/p1p1k1p1/1p2P2p/2n2P2/2N5/1PB3K1/P6P/8 w - - 6 37	c4e5 c5e4 g3f4 e4c3	796	99	endgame fork
Vqq4U	6Q1/8/8/p6K/k6P/8/8/1q6 b - - 0 42	b1d1 g8g4 d1g4 h5g4 a4b3 h4h5 b3a2 h5h6 a2b1 h6h7 a5a4 h7h8q	988	97	advancedPawn endgame promotion queenEndgame quietMove
VriLm	r1b1kb1r/p3pppp/1qpp4/4P3/5Bn1/2N5/PPP2PPP/R2QKB1R w KQkq - 3 9	e5d6 b6f2	997	100	mate mateIn1
VuIAb	8/5kn1/2p3RR/p1K5/Pp3r2/5r2/1P6/1N6 b - - 0 38	f4f6 g6f6 f3f6 h6f6	734	100	endgame
VwI38	7k/R5p1/2p5/p5K1/8/1P4P1/7r/8 b - - 1 38	h2b2 g5g6 b2b3 a7a8 b3b8 a8b8	1399	96	endgame mate mateIn3 rookEndgame
VxZy6	8/p2q1r1k/1p2pBpb/2p1P3/7Q/2PP4/PP3R2/6K1 b - - 2 32	d7d3 h4h6 h7h6 f2h2 d3h3 h2h3	1423	100	attraction endgame mate mateIn3 sacrifice
W0To5	6k1/pp5p/2nb4/3P3q/4prb1/1P6/PB3P1P/2RQ2RK w - - 1 26	d5c6 h5h2 h1h2 f4f2 h2h1 f2h2	1921	95	attraction doubleCheck fork mate mateIn3 sacrifice
W0eSY	6k1/1p2P3/2pn3p/p3b1pR/2P3Q1/1P4P1/P4q2/7K b - - 4 36	f2g3 g4e6 g8g7 e6h6 g7f7 h6f8	1997	91	endgame exposedKing
W10uC	r1bq1rk1/pp1n3p/2pbp3/3p4/2PPn1p1/1PNBPN2/PB3PP1/2RQ1RK1 w - - 0 13	f3d2 d8h4 d1g4 h4g4	1538	92	
W12Na	5Qk1/p4ppp/8/3q4/8/5P2/r5PP/2R1R1K1 b - - 0 23	g8f8 c1c8 d5d8 c8d8	764	100	endgame mate mateIn2 queenRookEndgame
W1ic5	1k1r4/1pp5/p1pb4/7p/3Q1p1q/1PP2BrP/P5P1/R1B2R1K w - - 2 27	d4f2 g3h3 g2h3 h4h3 f2h2 h3f1	1355	87	deflection kingsideAttack sacrifice
W1if3	8/5p2/1k4p1/R6p/2P2P1P/8/p5PK/r7 w - - 3 43	a5b5 b6a6 b5b3 a1h1 h2h1 a2a1q	2098	92	advancedPawn attraction defensiveMove endgame promotion rookEndgame
W2ii4	8/6p1/5p1p/p2k1P1P/P1p1p1P1/4K3/1P3P2/8 w - - 1 40	f2f3 e4f3 e3f3 d5d4 f3e2 c4c3 b2c3 d4c3	2352	92	endgame pawnEndgame
W2nRp	6r1/5prk/p1pp1Qn1/1p2P3/1b1P4/1P6/P1BNq3/3R1R1K b - - 1 29	b4d2 f1f2 e2h5 f2h2	2249	90	defensiveMove pin
W3qAf	5rk1/1pp1n1b1/p2p3p/7p/PP2N1qN/2PPB1Pb/2Q4P/R5K1 b - - 0 24	e7f5 c2a2 g8h8 e4f2 f5h4 f2g4	2574	91	trappedPiece
W7iI6	6k1/pp2qpp1/2pb2p1/3pN3/3Pn3/2P5/PPQ1N1P1/5R1K w - - 6 31	f1f7 e7h4 h1g1 d6e5 d4e5 g8f7	1816	89	
WAABf	r4rk1/1pp2ppn/3p3p/p1b1n3/3NPP1q/PBN4P/1PP5/R1BQR2K w - - 1 15	f4e5 h4h3 h1g1 d6e5 e1e3 c5d4	2198	92	intermezzo kingsideAttack pin
WAlqy	1k4r1/2p5/7b/N3P3/3P4/2P1q1P1/PP4QK/8 b - - 0 31	g8g3 g2b7	1094	86	endgame mate mateIn1
WBxTl	5rk1/ppp1B2p/6q1/2P1b3/1P2p3/6Pn/P4P1P/R2QR1K1 w - - 1 28	g1g2 f8f2 g2h3 f2h2 h3h2 g6g3 h2h1 g3h2	2302	95	attraction mate mateIn4 sacrifice
WDKC0	r3r1k1/p4ppp/2p5/3b4/3P1nq1/6N1/PPPQ3P/2K2RR1 w - - 0 22	d2f4 e8e1 f1e1 g4f4	1153	95	deflection
WDLR8	7B/8/8/3P1K1p/5P1P/1pb5/2k5/8 w - - 3 55	h8c3 c2c3 f5f6 b3b2 d5d6 b2b1q	964	100	advancedPawn endgame promotion
WELus	3r3k/pQ5p/2p2qp1/8/2P2p2/1P4P1/P3R1KP/8 w - - 0 27	e2f2 f4f3 f2f3 d8d2 g2h3 f6f3 b7b8 h8g7	1177	87	defensiveMove deflection endgame
WFeSC	r1b5/1pp3kp/3p2p1/p2P1pN1/2P2pn1/5B2/PP4PP/4R1K1 b - - 0 20	g7h6 g5f7 h6g7 e1e7 g7f6 e7c7	1682	86	endgame
WHPKe	r1bk2nr/ppNp1p1p/6p1/2b1p1q1/2BnP3/8/PPPP1PPP/R1BQK1NR w KQ - 1 9	c7a8 g5g2 c2c3 g2h1	1843	88	pin trappedPiece
WHqDs	1k1r1b1r/ppp5/4pp1p/1N1p4/4q3/2Q5/PP3PPP/2R1KB1R w K - 4 18	f1e2 f8b4 e1g1 b4c3	1255	94	pin
WIn84	r3N3/1b6/6kp/pp1p2p1/2p5/2Pn2PB/PP3B1P/R6K w - - 1 32	e8c7 d3f2 h1g2 a8f8	2130	93	defensiveMove fork hangingPiece
WJ3kC	6k1/ppp4p/2n4q/2bp1r1N/6P1/3P1P2/PPP3PK/R2Q1R2 w - - 2 22	d1e1 f5h5 g4h5 h6h5	1412	90	
WJFaY	r3k2r/2p2pp1/p1np2n1/1pb1p3/4P1p1/1BPP2P1/PP1N1P1q/R1BQRKN1 w kq - 1 16	d1e2 g6f4 g3f4 g4g3 e2f3 g3f2	2301	95	advancedPawn sacrifice
WJhLj	r1b1r1k1/1p1n1ppp/pp1p1q2/3P4/1P2Pn2/2N2N1P/P1BQ1PP1/2R2RK1 w - - 4 19	f3d4 f6g5 d2f4 g5f4	2123	97	
WKb44	r2qk2r/2ppnpb1/pp2p2p/n2bP1PQ/P2P4/2PB4/1P2NR1P/RNB1K3 b Qkq - 0 13	h6g5 h5f7	1027	93	mate mateIn1
WLCPR	r2q1rk1/pp2bpp1/3ppn1p/4n3/4P3/P1N1BP2/BP2QP1P/2RR2K1 b - - 0 14	f6h5 f3f4 h5f4 e3f4	1225	87	
WMKUR	2r3k1/5pp1/R3p1p1/3pn3/1q6/1P2Q1NP/5PP1/6K1 b - - 1 26	b4c3 a6a8 c3c2 a8c8 c2c8 e3e5	1889	93	endgame
WOFSb	8/p3r1k1/7p/2Q5/2P2Nq1/6r1/PP2p2P/R3R1K1 w - - 0 38	g1h1 g4f3 f4g2 f3g2	1298	98	fork mate mateIn2
WPivC	5r1k/pp4p1/2p1Q2p/2bpB3/4p3/7P/P1q2PP1/5R1K b - - 5 30	f8f2 e6h6 h8g8 h6g7	1732	87	endgame mate mateIn2 pin
WQvpg	K5k1/RP4p1/5p2/8/8/7p/1r6/8 w - - 2 45	b7b8q b2b8 a8b8 g7g5	1800	94	defensiveMove endgame
WTGoR	2r2rk1/1b3p1p/pp2pPpR/4P3/3P1q2/2p2N1R/PP2QPK1/8 b - - 5 29	f4h6 h3h6 c3c2 h6h1	1651	89	hangingPiece
WTIXS	r4rk1/1p3pp1/5b1p/2p2Q1P/1p2P3/4P3/PPPB1Pq1/2KR1R2 w - - 6 22	f1g1 a8a2 c2c4 b4b3	2108	94	
WVMJC	rn2kb1r/pp3ppp/2p1pn2/4q1B1/2P3b1/2NQ4/PP2BPPP/3RK2R b Kkq - 5 11	g4e2 d3d8	637	100	mate mateIn1
WVefW	1r4k1/5p2/R2p1Qpp/2pq4/8/1P2P2P/6P1/6K1 b - - 2 36	b8b3 a6d6 d5d6 f6d6	1797	93	endgame
WVnXG	r3r2k/p1RQ2pp/1p3pn1/4q3/4p3/4N1P1/P4PP1/3R2K1 b - - 5 28	e8e7 c7c8 a8c8 d7c8 e7e8 d1d8	1524	100	
WXtaJ	8/5Np1/p6p/1p3k2/1P5P/1PPn1K2/8/8 b - - 0 46	d3e5 f7e5 f5e5 h4h5 e5f6 c3c4 g7g6 h5g6 f6g6 c4c5	2531	94	defensiveMove endgame knightEndgame quietMove
WZjW2	5r2/r1k1b3/P3p2p/1R2N3/3P2P1/4P2b/4K3/R7 b - - 1 37	e7d6 a1c1 c7d8 e5c6 d8e8 c6a7	1671	95	exposedKing fork
Wbmyh	r4rk1/3b1pp1/p1nq3p/1p1B4/8/P4N1P/1P3PP1/R2Q1RK1 b - - 0 17	a8c8 d5f7 f8f7 d1d6	797	100	discoveredAttack kingsideAttack
WcZQe	8/2PK2k1/8/8/3R4/2r4p/8/8 b - - 4 61	h3h2 d4d1 g7f6 c7c8q c3c8 d7c8 f6g5 d1h1 g5g4 h1h2	2503	91	advancedPawn endgame promotion quietMove rookEndgame
Wdd9q	8/1R6/6p1/4kp2/1pp5/7P/n2K1PP1/8 w - - 0 39	b7e7 e5d6 e7g7 b4b3	2177	87	defensiveMove endgame
Wfn40	1rbqk1nr/pp3ppp/4p3/3P4/1b1p4/5N2/PP1NPPPP/R2QKB1R b KQk - 2 7	d8d5 d1a4 c8d7 a4b4	985	95	fork
Wgoj2	r2q1rk1/pppn2p1/2n1pp1p/3pP3/3P2bN/2PBP3/PPQ3PP/R1B2RK1 b - - 1 13	f6e5 d3h7 g8h8 h4g6 h8h7 g6f8 h7h8 c2h7	1509	100	doubleCheck fork mate mateIn4
WgrNH	5k2/R7/5K2/6Pp/7r/8/8/8 b - - 1 37	h4b4 a7a8 b4b8 a8b8	602	100	endgame mate mateIn2 rookEndgame
Whd6w	8/p2Q3p/bp4pk/5p2/1np2P2/2N1q1P1/PP5P/R4K2 w - - 7 28	a1e1 e3f3 f1g1 a6b7 d7b7 f3b7	2044	94	endgame quietMove
WhvFG	3k1b2/pp2p1pr/5p2/2p2q2/2PnN1p1/3P2P1/PP3P2/R1BQ1RK1 w - - 0 21	g1g2 f5f3 d1f3 g4f3 g2g1 d4e2	2464	91	mate mateIn3
WiFUx	6Q1/1p1kp3/3p4/3nqP2/6P1/1P1b3P/P5B1/6K1 b - - 5 41	d3e4 g8e6 e5e6 f5e6 d7e6 g2e4	1573	94	endgame
WinUH	4r2k/p5pp/8/2b5/3pqPQ1/3Nr1P1/1PP4P/1R2R1K1 b - - 15 39	e3e1 b1e1 e4e1 d3e1	1488	94	
WmIs0	r6k/1p1b2bp/p2P2p1/P2N4/2p1q3/3n2B1/1P4PP/R2Q1RK1 w - - 4 23	d1f3 e4d4 g3f2 d3f2 f3f2 d4d5	2407	87	kingsideAttack
WmfF6	rn2kb1r/pQ3ppp/2p2n2/q3p3/8/3P4/NP1BPPPP/2KR1BNR b kq - 0 9	a5a2 b7c8 e8e7 d2b4 c6c5 b4c5	1643	97	mate mateIn3
WnL2j	r4rk1/1p5p/2q3pP/p4pP1/4pP2/P1Np4/3P1Q2/R4K1R w - - 0 28	a1c1 e4e3 f2g2 e3d2 c1d1 c6c3	2104	97	advancedPawn capturingDefender
WqvAY	4R3/8/8/3prk2/8/8/1K6/8 w - - 0 58	e8e5 f5e5 b2c3 e5e4 c3d2 e4d4	1617	93	defensiveMove endgame zugzwang
WsC5R	5r2/pQ3pkp/8/6p1/1P4Pn/P5KP/B4P2/3r4 w - - 0 34	b7e7 d1g1 g3h2 h4f3	1786	90	endgame mate mateIn2
WsnEA	7R/8/3r1k2/5P2/2pPK1p1/P6p/2P5/8 w - - 0 46	h8h6 f6g5 h6d6 h3h2 d6g6 g5h5 e4f4 h2h1q	2349	93	advancedPawn defensiveMove endgame promotion rookEndgame sacrifice
WtMAm	rn1r2k1/p4pb1/2b2npB/q3p2p/2B1P3/2N2P1N/PP1Q2PP/R3R1K1 w - - 2 16	d2g5 a5c5 g1h1 c5c4 h6g7 g8g7	1253	96	fork
WtgIh	r1bqr1k1/1pp1b1pp/p4p2/3PN2n/8/P1N5/1PB2PPP/R2Q1RK1 b - - 0 16	f6e5 d1h5 g7g6 c2g6 h7g6 h5g6	2030	90	hangingPiece kingsideAttack
WucFs	6k1/N1n2pp1/1p6/3p4/3Pp2p/1Q4P1/PP2PPKP/2q5 w - - 0 24	b3b6 h4h3 g2h3 c1f1 h3h4 c7e6	2499	92	attraction endgame
WuiD6	1R6/8/6k1/1P4p1/5r1p/7P/6K1/8 b - - 0 40	g6f6 b8f8 f6e7 f8f4 g5f4 g2f3 e7d6 f3f4	1635	94	endgame rookEndgame
WvoOr	8/p7/PR5P/2p5/2P5/3P4/1K1k3r/8 b - - 0 66	a7b6 a6a7 h2h6 a7a8q	887	100	advancedPawn endgame promotion rookEndgame
WwA3o	6k1/p2q1ppp/P3p3/3P4/4n3/3Q4/5PPP/2B3K1 b - - 0 27	d7d5 d3d5 e6d5 c1e3 d5d4 e3d4	1313	93	endgame
Wwsfm	7R/2r2k2/1p5p/p4Kp1/P4pP1/2p4P/8/8 b - - 1 57	c3c2 h8h7 f7f8 h7c7 c2c1q c7c1	856	100	endgame rookEndgame skewer
WxfVY	rn2k2r/p1q2ppp/1p1bpn2/2p1N3/3P1B2/2P5/PP3PPP/RN1Q1RK1 w kq - 3 11	d4c5 d6e5 f4e5 c7e5	1388	100	
Wygw1	r3qr1k/ppp3p1/4Qn1p/8/4R3/7P/PB4PN/5RK1 b - - 0 24	f6e4 e6h6 h8g8 h6g7	1886	94	mate mateIn2 pin
WzR2Z	r4rk1/p3R1pp/2Q5/3p4/6P1/3p4/q4P1P/5RK1 b - - 1 24	d5d4 c6b7 g8h8 e7g7 a2g8 g7g8	1965	96	endgame
WzsQu	1k1r3r/pp1b1Bpp/2n5/4Np2/8/8/P1QBKPPP/8 w - - 1 22	d2f4 c6d4 e2d1 d4c2 e5c6 b8a8	1804	95	fork
X0cnU	r2q1rk1/pp1nb1pp/2n1p3/3pp3/3P1B2/2NQ1N1P/PP3PP1/R3R1K1 w - - 0 15	f3e5 f8f4 e5c6 b7c6	1640	93	hangingPiece
X1Tuf	3r1k2/ppp2ppp/8/3n4/PP1K4/1PB5/3P1PPP/R7 w - - 0 24	d4c4 d5b6 c4c5 d8d5	1031	100	endgame hookMate mate mateIn2
X23G6	6rk/3R2b1/p1n2r1B/8/2q1p2Q/2N5/PP3PP1/2K4R b - - 0 24	f6h6 h4h6 g7h6 h1h6	812	100	mate mateIn2
X2Xi9	3r1rk1/pp2Rpb1/1np3pp/q7/3P1QB1/P1N5/1PP2PPP/2KR4 w - - 5 18	f4c7 a5g5 f2f4 g5g4	1659	98	fork
X3A53	5r2/p3r1pk/2Qp3R/2p5/8/1Pq5/2P5/1K4R1 b - - 0 29	h7h6 c6h1 c3h3 h1h3	1485	97	endgame mate mateIn2
X4uSM	r4r1k/2N2pbp/3pb1p1/1p6/2p1PP2/1B1R4/PPP3PP/2K4R w - - 0 20	c7e6 f7e6 b3c4 b5c4	2056	86	trappedPiece
X5dLu	2qk1b1r/1R2p2p/p2p1pp1/8/Q2NP3/8/2P2PPP/6K1 b - - 4 25	c8b7 d4e6 d8c8 a4e8	1448	96	endgame mate mateIn2
X5ipQ	2kr3r/pppbqBb1/2npp2p/7Q/3P1B1N/2N1P3/PPP2PP1/R3K3 b Q - 0 13	e7f6 c3e4 f6e7 f4d6 c7d6 h4g6	2276	91	sacrifice
X5sdt	5rk1/pp1RRr1p/6p1/2P5/3Q4/2P4P/q1P3P1/2K5 w - - 6 25	d7b7 a2a1 c1d2 f7f2 d4f2 f8f2	2273	91	endgame
X5zGo	8/8/3r4/8/5k2/8/6RK/8 w - - 7 54	h2h3 d6h6	1100	100	endgame mate mateIn1 rookEndgame
X6Efb	4r1k1/p2r4/Pp1q4/2pN2b1/2P5/3QP1p1/3PK1B1/7R b - - 1 38	d7g7 d5e7 d6e7 g2d5	2378	94	clearance sacrifice
X7VXF	5k2/8/3K1PP1/8/8/2P5/b7/8 b - - 0 53	a2b1 g6g7 f8f7 c3c4 b1h7 d6e5	2391	91	advancedPawn bishopEndgame defensiveMove endgame quietMove
X7mEw	1r1qr1k1/p1pb1Bpp/3P1b2/8/2N2P2/1QpP2P1/PP5P/1K1R3R b - - 0 23	g8f7 c4e5 f7f8 b3f7	1388	92	doubleCheck mate mateIn2
X87CV	r1b1rk2/pp2qpp1/2p5/3pPB1Q/1b6/2N1P1P1/PP3PP1/2R1K2R b K - 4 16	e7e5 h5h8 f8e7 h8h4 g7g5 h4b4	2225	93	fork
X8F0T	r1b2r2/1p1p4/p1qPpkpp/8/5P2/1BP5/PP5P/R2Q1RK1 b - - 2 25	b7b5 d1d4 f6f7 f4f5 f7g8 f5e6	2302	91	
X94pt	r1b1q2r/pp3ppp/2kb1n2/1N1pn3/5B2/5NPB/PPP1PP1P/R2QK2R w KQ - 8 13	b5d6 e5f3 e1f1 c8h3	1304	95	mate mateIn2 pin
X98PM	8/R2br1rk/2p4p/1p1p1pp1/1P1P1P1q/4P1R1/B4QP1/6K1 b - - 5 39	g5f4 g3g7 e7g7 f2h4	739	100	discoveredAttack
X9Xig	1kn1R1r1/ppp5/8/3q4/3N1Qr1/2P3P1/PP5P/5RK1 w - - 6 25	f4f7 g4g3 h2g3 g8g3 g1f2 d5f7	2143	94	interference sacrifice
XBDbV	8/8/3p4/2pP2b1/5nB1/4q3/1P2k1P1/6QK b - - 6 46	e2d2 g1d1	910	100	endgame mate mateIn1
XDLBf	r5q1/2pQ3b/1p1p2k1/p5p1/4P3/8/PPP3P1/2K4R b - - 0 35	g8f7 h1h6 g6h6 d7f7	1918	92	deflection endgame
XDvQ6	rn3rk1/1bqpnp1p/p3p1p1/1p6/3NP3/P1B2Q2/2P1BPPP/1R3RK1 b - - 2 14	d7d5 d4b5 a6b5 f3f6 c7c3 f6c3	2164	91	sacrifice
XEtv8	8/2R5/2p1r3/p4b2/P3p3/7P/3k2P1/2R4K w - - 0 37	c1c6 e6c6 c7c6 e4e3 c6c5 e3e2 c5f5 e2e1q	2191	92	advancedPawn endgame promotion
XF9It	4r3/8/8/PP6/R7/3K1pk1/8/8 w - - 1 56	a5a6 f3f2 a4a1 e8e1 a1e1 f2e1q	1288	94	advancedPawn endgame promotion rookEndgame
XFgUL	1b2r1k1/1p1R1p1p/p5p1/2P5/8/1P2B2P/P1Q2PP1/q5K1 w - - 3 29	c2c1 a1c1 e3c1 e8e1	727	100	endgame mate mateIn2
XGTUj	8/2k5/r7/8/4R3/2p2PK1/8/8 w - - 0 59	e4c4 a6c6 c4a4 c3c2	1088	99	advancedPawn defensiveMove endgame rookEndgame
XIkc1	6k1/2q2ppp/2p2n2/p1B1r3/Pp6/1B1Q3P/1bP2PP1/3R2K1 b - - 2 30	e5c5 d3d8 c7d8 d1d8 f6e8 d8e8	677	100	kingsideAttack mate mateIn3
XJhdt	3R4/1p3p1k/6p1/p3q2p/7P/1P2n1P1/P2Q4/6K1 w - - 12 37	d2f2 e5a1 g1h2 e3g4 h2g2 g4f2	1099	94	endgame exposedKing fork
XKrYZ	4r1k1/1p3q2/p2Q3p/2p1R3/3n4/2N2P2/PP4PP/6K1 w - - 1 27	d6c5 d4f3 g2f3 f7g7	1860	95	endgame sacrifice
XKwJe	2kr4/1p3p1p/p1b1r3/1p4pq/1P1N4/P1Q1P2P/2P2PP1/R4R1K w - - 0 25	d4e6 h5h3 h1g1 h3g2	1340	95	kingsideAttack mate mateIn2 pin
XLDaz	8/5pk1/7p/2R1PP2/3pB1P1/1b6/r6p/4K3 b - - 1 48	d4d3 f5f6 g7h8 c5c8	861	100	endgame mate mateIn2
XM6Bg	1Q6/2p2k2/p7/P7/4q1P1/2P5/2K2P2/8 w - - 1 44	c2b3 e4b1 b3c4 b1b8	1362	92	endgame queenEndgame skewer
XMECi	r1bqr2k/pp1nbQ1p/2p3pB/4P2N/3P4/2P5/P4PPP/R4RK1 b - - 2 16	e8g8 h6g7 g8g7 f7g7	1038	97	kingsideAttack mate mateIn2
XNf4G	r3r1k1/pp3ppp/1q3nn1/3P4/8/1PN4Q/P1B3PP/3R1R1K b - - 0 22	e8e3 c3a4 e3h3 a4b6 h3c3 b6a8	2236	94	
XOLI1	r2kr3/6Rp/2p5/2Pp4/1P3P2/P3Q1P1/7P/1qB3K1 w - - 1 24	e3d2 a8a3 d2b2 e8e1 g1f2 a3a2	2424	92	endgame pin
XOQID	6k1/2p2p2/1p4bQ/6K1/1P1P2P1/2P5/8/7q b - - 4 40	f7f6 g5g6 h1e4 g6f6 e4c6 f6g5	1264	97	defensiveMove endgame hangingPiece
XOj4h	2k1r1r1/ppp1N2p/5p2/4nP2/3Q4/8/qPPR2PP/2KR4 b - - 1 25	c8b8 d4d8 e8d8 d2d8 g8d8 d1d8	1033	99	backRankMate mate mateIn3 sacrifice
XP2HL	2r1k2r/3n1p2/pq2bP2/1pb1PB2/7p/3R1Q2/PPP4B/1K5R b k - 8 28	d7e5 h2e5 e6f5 f3f5	1404	86	
XQQVj	1k1r1b1r/1p3pp1/1q3n2/1N6/Q3P2p/8/P4PPP/1RR3K1 b - - 3 21	d8d2 a4a8 b8a8 c1c8	1919	95	attraction mate mateIn2 queensideAttack sacrifice
XRKT3	r2qr1k1/5pbp/pn4p1/1ppb2P1/4N2R/2PB1NP1/PP2QPK1/4R3 b - - 2 19	a8a7 e4f6 g7f6 e2e8 d8e8 e1e8	1347	93	discoveredAttack fork
XRwki	6r1/p3kp1p/2q1p1rb/2p2R2/2P5/1P6/PB1PQ1PP/R6K w - - 3 25	b2f6 g6f6 f5f6 e7f6	849	98	
XS6fQ	8/5p2/8/R4nkp/4p3/4P1K1/5P2/8 w - - 2 61	a5f5 g5f5 g3h4 f5g6 f2f3 e4f3	972	97	endgame hangingPiece
XSiGJ	1k6/1bp1p3/pp1pPp1N/7p/8/1qP2QP1/6P1/R5K1 w - - 0 33	f3e3 b3b2 e3f2 b2a1	1426	91	endgame
XT8Y3	8/3kb3/4p1p1/2p2pB1/1pP2PP1/1P3K2/8/8 w - - 1 42	g4f5 e7g5 f5e6 d7e6	1220	86	bishopEndgame endgame
XT9cr	3qk1nr/pp3pb1/3p2p1/1P6/3PP3/1Q6/6PP/2R2RK1 b k - 4 23	d8d7 c1c8 d7c8 b3f7 e8d8 f7g7	1638	94	deflection fork sacrifice
XTCjf	rn1q4/pp4kp/2p1Qbp1/8/3P2P1/B1P5/P1P5/4R1K1 b - - 0 21	d8d7 a3f8 g7f8 e6f6 f8g8 e1e7 d7e7 f6e7	1740	94	attraction deflection
XTmHu	1Qb4r/1p4pp/p1r3k1/6P1/8/8/1P4PP/1K3R2 w - - 5 34	h2h4 c8f5 f1f5 h8b8	1456	93	discoveredAttack endgame
XV2za	1kb1r3/4PR2/p5p1/1p1p4/2pPB1pr/2P1Q3/PP4q1/3KR3 b - - 0 34	g2e4 e3g3 b8b7 e1e4	1876	95	discoveredAttack fork
XVIob	6k1/5pp1/4b3/1P1np1q1/1P6/r1NQ1PPp/5K1P/2RR4 w - - 0 33	c3e4 g5c1 d1c1 a3d3	1807	93	
XViK3	6kq/4n1r1/3p1pP1/2p1pP2/1p2Q2P/8/1P4R1/6NK b - - 0 43	h8h5 e4a8 e7c8 a8c8	891	98	endgame mate mateIn2
XViYL	2r2rk1/1p1bbppp/pq2p1n1/2p2P2/1P2P3/PQN5/1B2B1PP/R4RK1 w - - 0 18	f5g6 c5c4 g1h1 c4b3	1026	99	discoveredAttack
XWh1w	r2r2k1/pp3ppp/2p1p3/3q4/1B1R4/P2Q3P/2B2PP1/2R3K1 b - - 0 30	d5d4 d3h7	796	98	kingsideAttack mate mateIn1
XWlYI	8/5b2/1p6/6P1/3P2kP/4K3/p7/5R2 w - - 3 53	e3e4 f7g6 e4e5 g6b1 g5g6 a2a1q	1775	96	advancedPawn endgame promotion quietMove
XXBby	6rk/p4p2/1p2p3/5p2/P1pP1Pp1/2P1Q1RB/1P5q/4K3 b - - 0 50	g4h3 g3h3 h2h3 e3h3	1086	100	endgame fork
XXitT	8/R5p1/4R3/4nP2/3k2P1/3n1PK1/8/7r w - - 13 42	a7g7 h1g1 g3h4 e5f3 h4h5 d3f4 h5h6 g1h1	1890	96	deflection endgame fork mate mateIn4
XXkPp	5r1k/1Q4p1/2p2p1p/5Pb1/8/P1P1r2P/4q1P1/1B1R1R1K w - - 1 31	b7c6 g5f4 f1f4 e2d1	2156	92	deflection quietMove
XYTHf	2r1r1k1/ppqnb3/4p1pN/3p2B1/3P1P2/8/PP5Q/1K1R1B1n b - - 3 27	g8g7 h6f5 g7g8 f5e7 e8e7 g5e7	1818	91	fork
XZx8C	r2qk2r/pppn1ppp/8/3pP3/4n1b1/3BPN2/PPP3PP/RN1Q1RK1 b kq - 0 9	d7e5 d3e4 d5e4 d1d8 a8d8 f3e5	1628	94	discoveredAttack
XbQBU	r4r2/ppp4k/2np3p/4p1Bq/2P1P3/2PP2R1/P2Q3P/6RK b - - 0 21	h6g5 d2g2 f8g8 g3h3 h5h3 g2h3	2534	92	pin quietMove
XbkZR	4r1k1/pp4bp/3p2q1/3P1b2/2N3r1/1P1p4/PB1Q2BR/5RK1 w - - 0 28	b2g7 e8e2 f1f2 e2d2 c4d2 g8g7	2212	92	
Xbl6o	5Q2/3K4/6pk/7p/8/6P1/8/1q6 b - - 1 64	h6g5 f8f4	970	99	endgame mate mateIn1 queenEndgame
XcgrM	3r2k1/1Q1r2pp/4p3/8/4Nq2/1n4PP/PPP2P2/K2R3R w - - 1 24	b7b3 d7d1 h1d1 d8d1	773	99	backRankMate mate mateIn2
XcoSv	3rr1k1/1b2qpbp/p1p3p1/1pP5/3N4/1P1pP2P/1P3PPB/2QRR1K1 w - - 0 28	d1d3 d8d4 d3d4 g7d4	2259	92	
Xd3qy	r2qk2r/1bp5/1p1ppn1p/p3NppB/3P4/2P1P1P1/PP3PP1/R2QK2R b KQkq - 1 16	f6h5 d1h5 e8f8 h5f7	1267	99	mate mateIn2
Xdg8c	2r2rk1/1b2b1pp/pB1q4/1p1pP3/6P1/3R4/PPP1NQ1P/1K2R3 b - - 0 21	f8f2 e5d6 f2e2 e1e2	1208	98	
XeB3I	1q3rk1/p3b1pp/4p3/Q2pP3/1P1n4/P7/3B1PPP/2R1R1K1 w - - 1 22	c1c7 e7d8 a5a7 d8c7 a7d4 c7b6	2186	93	
XgjtS	Q1b1r1k1/p1p2p1p/1p5p/6b1/8/2N2B1P/PP3PP1/4qRK1 w - - 0 20	a8c8 e1f1 g1f1 e8c8	1316	94	intermezzo
XgpeW	3r3k/pprB2pp/5p2/8/8/2N5/PPq3PP/3RQ2K w - - 2 24	d7f5 d8d1 c3d1 c7e7	2172	90	pin
XiIIj	8/R4pkp/4p1p1/2Nn4/1p1r1P2/1P4P1/7P/7K b - - 1 40	d5e3 c5e6 g7f6 e6d4	979	100	endgame pin
Xidfk	8/3R1pkp/p2Q2p1/6n1/P3q3/6P1/1P3P1P/6K1 w - - 9 32	d6d4 e4d4 d7d4 g5f3 g1f1 f3d4	1178	100	attraction endgame fork
XjKC1	r1k2b1r/1pB1pppp/pnnN4/1N3q2/2PP4/8/PP2QP1P/R3K1R1 b Q - 1 16	e7d6 e2e8 c6d8 e8d8	1157	94	mate mateIn2 queensideAttack
Xjwzu	8/7k/6pp/5Q2/2q5/1p5P/4RPP1/3rNK2 w - - 0 39	f5f6 d1e1 f1e1 c4c1	1194	95	attraction endgame mate mateIn2 pin sacrifice
Xjy63	2r2rk1/1p3p1p/p2P2p1/6N1/1n6/2qBQ3/2P2PPP/1K1R3R w - - 3 19	e3d2 c3a3 c2c4 b4d3 d2d3 a3b4	2293	90	queensideAttack
XkTdQ	r2q1r2/2pbbpkp/p2p1NpB/3pP3/3P4/6Q1/PPP3PP/R4RK1 b - - 3 16	g7h6 g3h4 h6g7 h4h7	1290	93	mate mateIn2
Xkq44	7r/1pRk1pb1/pP1P4/P2Pp1p1/4P1q1/4Q3/6Br/R5K1 b - - 2 32	d7d6 e3c5	756	100	mate mateIn1
XnssP	2b5/4p2k/p2p1ppb/3P4/q1rQ2P1/7R/P3RP1K/Br3B2 w - - 0 35	h3h6 h7h6 d4e3 c4f4	2437	92	hangingPiece
XoXGB	3r4/p1nBk2p/4P1pP/1p2KpP1/3B4/8/P7/5R2 w - - 2 44	e5f4 c7e6 d7e6 d8d4 f4e5 d4e4 e5d5 e4e6	1622	100	endgame fork
XqJpm	3q2k1/5pbp/p1rp2p1/1p1Q4/8/7P/P4PPB/4R1K1 b - - 0 31	d8b6 e1e8 g7f8 h2f4 c6c8 e8c8	2246	93	endgame
XrqIP	2rr4/pb3pkp/1p4p1/1P6/3np3/P2p2P1/4PPNP/2RQ1RK1 w - - 1 21	e2d3 c8c1 d1c1 d4e2 g1h1 e2c1	1816	91	attraction fork
XtBKU	8/8/7R/1krK2p1/6P1/7P/8/8 w - - 1 67	d5e6 c5c6 e6f5 c6h6 f5g5 h6h3	876	100	endgame rookEndgame skewer
XtcmM	2k2r2/p2qb3/2p5/2p3p1/Q1PpP3/5p1r/P4K2/1RB2R2 b - - 1 27	g5g4 a4a6 c8d8 b1b8 d8c7 b8b7 c7d6 b7d7	1943	93	exposedKing queensideAttack skewer
Xu4nA	1R4k1/p4pp1/2p5/2qp4/6P1/4rP2/P3Q3/6K1 b - - 1 29	g8h7 e2h2 h7g6 h2h5 g6f6 h5f5 f6e7 b8b7 e7d6 b7d7	1825	96	endgame mate mateIn5
XuNEf	r6r/p2kn3/4b1Qp/1N1q1ppB/2pp4/1P6/P1P2PPP/R3R1K1 w - - 1 25	e1e6 e7g6 e6d6 d5d6	1705	90	
Xv1bg	2k3r1/bpp1Qpr1/p7/4p3/P3P3/2P3P1/1q1RKP2/8 b - - 1 33	b2c3 e7d7 c8b8 d7d8 g8d8 d2d8	1081	100	backRankMate endgame mate mateIn3 sacrifice
XvsED	2kr4/Qp2bp1p/3p1q1p/1N1P4/8/8/P4PrP/R4RK1 w - - 0 18	g1g2 d8g8 g2h3 f6f3	1341	94	mate mateIn2
XwbVv	r5k1/ppq2r1p/1n2pnpb/3p4/3P2P1/BPN1PB1P/P2Q4/2R2RK1 w - - 3 22	c3d5 c7g3 d2g2 g3g2	1726	86	kingsideAttack
XwlO2	3rrk2/bpp1q1pp/p4np1/2pbP1B1/3P1Q2/2P5/PP1N1PPP/R3R1K1 w - - 0 21	e5f6 e7e1 a1e1 e8e1 d2f1 d5c4	1573	90	kingsideAttack
XxGaX	8/1p5p/pP1Nk2r/P1P1p2P/3p1p2/1K1Pbb2/4N2R/8 b - - 3 45	h6h5 h2h5 f3h5 c5c6 b7c6 b6b7 e6d6 b7b8q	2215	94	advancedPawn endgame promotion
XxIpM	4rrk1/5p2/p1p1R2Q/q3pN2/2p1P3/2N4P/1PP2PPK/8 b - - 0 27	e8e6 h6g7	945	100	endgame mate mateIn1
Xy3q8	1r3rk1/p4p2/2p3pP/7P/4P3/2qB4/b1P3Q1/2KR3R w - - 1 26	h5g6 b8b1	1379	96	mate mateIn1
XyIOe	r1bq1rk1/4b2p/p1p1p3/3p1p2/3P1pN1/2PB3Q/PP3PPP/R3R1K1 b - - 0 17	f5g4 h3h7	691	100	kingsideAttack mate mateIn1
Xz4Lh	8/8/2p3RP/pk1r4/1r6/4B1K1/5P2/8 b - - 2 70	d5h5 g6g5 h5g5 e3g5	1102	94	endgame
XzrjL	4k3/8/2p1p2p/2Pp1pp1/3P1P2/2K1P1P1/7P/8 b - - 1 35	g5g4 c3b4 e8d7 b4a5	1293	93	defensiveMove endgame pawnEndgame
Y0om0	r6r/ppQ1bkp1/3pbn1p/4P2q/5P2/2N1B3/PPP4P/2KR2R1 b - - 0 17	h8c8 g1g7 f7g7 c7e7 h5f7 e5f6	2069	95	attraction deflection fork
Y1lhH	5k2/5p2/4q1pp/2Q5/P2K1P2/8/8/8 b - - 2 45	e6e7 a4a5 e7c5 d4c5	2165	95	endgame queenEndgame quietMove
Y24Ce	r4bnr/ppQ2ppp/3p1k2/1B2pP2/4P1P1/1P3n1P/PBP2q2/RN1K3R w - - 0 16	b1c3 f2d2	815	91	mate mateIn1
Y252h	2r1r3/p1qQ3k/4P1pp/8/2p5/8/5PP1/1R1R2K1 b - - 2 36	h7g8 b1b7 c7d7 e6d7	1924	96	advancedPawn endgame
Y3IAd	8/R6p/1p4pk/1b1B1p2/3b4/1P6/P6P/7K w - - 2 35	d5g8 b5c6 g8d5 c6d5	732	100	doubleBishopMate endgame mate mateIn2
Y3NZD	r4rQk/1b4p1/pq5N/1pn5/8/3B4/PP3RPP/3R2K1 b - - 2 25	f8g8 h6f7	1101	94	mate mateIn1
Y4CDU	2kr3r/pb6/1p6/2pPqp2/Q1P3p1/P3P2P/4BPP1/R3K2R w KQ - 1 22	e1d2 b7d5 c4d5 e5b2	2498	91	sacrifice
Y57sv	r3r2k/pRq3p1/5p1p/2bBn2R/P6Q/6P1/P1P4P/7K b - - 1 29	c7d6 h5h6 g7h6 h4h6	790	99	kingsideAttack mate mateIn2 sacrifice
Y5bhO	r4r2/pp4kp/6p1/2n3q1/3R4/2Q2P1b/PPP2R1P/1K6 b - - 2 28	g5g1 d4d1 g7f7 d1g1	1306	94	discoveredAttack
Y6jDh	2rr2k1/pbq1bpp1/1p2p2p/2n5/8/2B1PN2/PPQ1BPPP/2R2RK1 w - - 6 17	b2b4 c5e4 c2b2 e4c3	1749	93	
Y6vPP	4q2r/2Q1n1k1/4pp2/3p2p1/3P2P1/1P3NP1/P5K1/2R5 w - - 6 35	c1c6 e8c6 c7e7 g7g6	1159	97	defensiveMove endgame
Y70Ut	r1b5/1p3Qpk/p3p2p/3p4/q7/3P2R1/P2K2PP/8 b - - 2 26	a4d7 g3g7 h7h8 g7h7	1223	91	endgame mate mateIn2
Y78nj	4r3/2p2k2/1p1pR2P/p1bP1P2/P1P3K1/8/8/8 b - - 0 45	e8e6 d5e6 f7e7 f5f6 e7e6 h6h7	2334	95	advancedPawn endgame exposedKing
YBAnT	5k2/R1n1rpp1/3K3p/1p2P2P/2p1bP2/2P1P3/8/5B1R w - - 4 32	h1h2 c7e8 d6c5 e7a7	1385	96	discoveredAttack endgame
YBJR5	r1b1kb1r/ppqp1ppp/2n5/3QpNB1/2B1n3/8/PPP2PPP/RN2K2R b KQkq - 1 8	e4d6 f5d6 f8d6 d5f7	1255	100	mate mateIn2
YBfLC	8/P6k/6q1/7p/4pQ1P/4P3/r5P1/5bRK w - - 5 49	g1f1 g6g2	676	100	endgame mate mateIn1
YBmkg	2q4k/3R2p1/r3Q3/p1p1n1N1/7P/2P5/PP3PP1/2K5 w - - 3 28	e6e7 e5d7 g5e6 c8g8	2397	93	endgame
YByIA	r1b1k2r/1pqp1pp1/p3p3/2b3Bp/3nP1n1/2NB1N1P/PPP1QPP1/R4RK1 w kq - 3 12	f3d4 c7h2	753	100	mate mateIn1
YCnkp	r3qrk1/ppp1bppp/6b1/4Q3/4n1P1/1P3N1P/PBP2P2/2KR3R b - - 4 18	e4f2 e5g7	685	100	kingsideAttack mate mateIn1
YEgsP	6k1/ppp2p2/6p1/4p1q1/4P1b1/N1P3Pp/PPBr3P/5QNK b - - 1 26	g5e3 a3c4 g4e2 g1e2 e3e2 c4d2	2401	92	fork
YFMYt	r1b2rk1/p1p2pp1/1p1P3p/2n5/2BQ4/q1P2N2/5PPP/1R3RK1 b - - 0 18	c7d6 b1a1 a3b2 a1a2 c5b3 a2b2	2180	93	trappedPiece
YFsLI	8/8/2p2B2/p2bP3/5k1K/2R4P/P5r1/8 w - - 0 44	e5e6 g2g6 f6e5 f4e5	1946	92	endgame
YFunU	3r2r1/p1p1k2p/2Qbp3/2N1N3/3P2q1/4P3/PP4P1/5RK1 b - - 2 22	g4g3 f1f7	1219	93	mate mateIn1
YGI1T	1k2r3/1p4p1/pB4b1/2P1n1Pp/3pP2P/2qB2Q1/2P1K3/5R2 b - - 8 31	b8c8 f1f8 e8f8 g3e5 f8f2 e2f2	2088	91	deflection sacrifice
YHLnU	bk5r/p1pBqp1p/1pP3p1/1P1p4/P2Pn3/4PQ2/5PPP/R3K2R w KQ - 3 22	a4a5 e7b4 e1f1 e4d2	991	89	
YHQct	r2qr1k1/pppbbp2/4pn1Q/6N1/3P4/P2B3P/1PP2PP1/R4RK1 b - - 2 15	e7f8 d3h7 f6h7 h6h7	1209	96	kingsideAttack mate mateIn2
YHh49	6R1/8/8/8/2K2k2/8/4r3/8 b - - 18 62	f4e5 g8e8 e5f4 e8e2	754	99	endgame rookEndgame skewer
YI2wS	r2b2k1/3P1p2/5Bp1/4P2p/8/8/6PP/2R4K w - - 3 36	c1c8 a8a1 c8c1 a1c1	617	100	backRankMate endgame mate mateIn2
YITBk	6k1/5p2/p5pp/8/1PBQ4/P5qP/6R1/4r2K w - - 1 36	g2g1 g3h3	1313	100	endgame mate mateIn1
YIfpL	r1b2qk1/4n2n/p2pPr1p/1ppP1p2/5Q1N/P1P5/2B2PPP/3R1RK1 b - - 1 21	e7g6 f4g3 f8g7 h4f5 f6f5 c2f5	2577	91	
YL2yn	8/1p3p2/4pk2/2Pb4/1P3PR1/r1K1N1RP/5r2/8 w - - 5 48	c3d4 f2d2	927	91	endgame mate mateIn1
YL448	4r1k1/1p2B1pp/p4p2/P2p4/8/1bP4P/1P3PP1/4R1K1 w - - 0 26	f2f3 g8f7 g1f2 e8e7	1300	95	endgame
YLIyh	r3kb2/1p2pp2/1qnp2p1/pNp4r/P3P3/1P1P1Q2/1BP5/1K3R1B b q - 1 19	c6e5 b2e5 d6e5 f3f7	1411	91	
YMMmC	3r4/8/5kp1/p1N3Rp/2n1KP2/2P4P/1P6/8 w - - 13 41	g5d5 d8d5 e4d5 c4b2	2205	85	endgame
YMOcw	3r1rk1/pp3p2/2n1p1pp/8/4qN1Q/6RP/PP4P1/5R1K b - - 1 24	e4f5 h4h6 c6e7 f4h5 f5h5 h6h5	2248	91	pin quietMove
YMnkn	5k2/2pR3Q/1b4p1/8/8/1q1K1B2/6PP/8 w - - 5 39	d3e4 b3e3 e4d5 e3c5 d5e6 c5f5	2317	91	endgame mate mateIn3
YO0C2	R4bk1/4pp1p/3p1np1/3P4/2P5/7P/1Q4PK/5q2 b - - 0 34	f6e4 a8f8 g8f8 b2h8	1284	96	attraction endgame mate mateIn2 sacrifice
YP6PQ	4r1k1/pp3ppp/2pbqp2/3n4/3P4/3QBN2/PPP2PPP/4R1K1 w - - 4 16	e3f4 e6e1 f3e1 e8e1	1270	97	kingsideAttack
YPFK5	2r3k1/p3rpbp/6p1/8/8/1P4BP/P1n3P1/1K1RR3 w - - 0 28	e1e7 c2a3	807	100	endgame mate mateIn1
YPMZX	r2q1rk1/pp3pbp/2b5/3NpP2/8/3P4/PP2BQPP/R4RK1 w - - 1 19	e2f3 c6d5 f5f6 g7h6 f2h4 h6e3 g1h1 g8h8	2331	91	defensiveMove quietMove
YSy1I	r2qkb1r/pp3ppp/2n5/2P1p3/1PB5/P1n1P3/5PPP/1RBQK1NR w Kkq - 1 10	d1d8 a8d8 c1b2 c3b1	1417	88	
YTbZh	1k1rr3/2p2p2/5Qbp/1qB5/1p4P1/1p1P3P/PPP2P2/1K1RR3 w - - 0 28	e1e8 b3c2 b1c2 b5c5 c2d2 d8e8	2275	92	advancedPawn attraction queensideAttack
YTpqG	1r2r1k1/p3np1p/2p1p1pB/1q1pP3/3P3N/2P1Q3/P4PPP/5RK1 b - - 11 20	b5c4 e3g5 b8b1 f1b1	1799	93	
YUBLA	r2r3k/4pp1p/p4b2/1p1bN2B/5p2/3N4/2P2K1P/R5R1 b - - 3 32	d5e4 e5f7	771	99	mate mateIn1
YVcar	8/1p3k2/p6p/6p1/1P1B1pK1/P4P1P/4r3/R7 w - - 2 42	a1g1 f7g6 h3h4 e2h2 h4g5 h6g5 d4f2 h2f2	2293	94	endgame
YW832	1k5r/1pp2p2/p2bp3/8/3P2P1/1P3P2/P1P1RN1r/3R1K2 w - - 3 27	c2c4 h2h1 f2h1 h8h1 f1f2 h1d1	1789	88	endgame exposedKing sacrifice skewer
YXTVU	1k6/pp3pp1/2p1b1r1/4b2p/7q/PP1P1Q1P/2P1BPP1/1R3R1K w - - 0 22	f3h5 h4f4 h5e5 f4e5	1912	88	
YYUSg	r4rk1/pp3ppp/1npb1p2/8/3P1Pq1/1B1QB3/PPP2P1P/R4R1K b - - 4 16	d6f4 d3e4 b6d5 b3d5 c6d5 e4f4 g4f4 e3f4	2292	93	
YYpr5	q5kb/3p1rnp/pp2pBpQ/2p1P3/2P1R3/PnN2P1P/1P3P2/4R1K1 w - - 2 25	e4h4 g7f5 h6g6 f7g7 f6g7 f5h4 g6e4 h4f3 g1h1 a8e4	2543	91	defensiveMove fork pin
YZKRt	3Q4/6pk/pp4qp/2p5/8/1PB4b/PP3PP1/6K1 w - - 0 35	g2g3 g6e4 f2f3 e4f3	2081	89	endgame quietMove
YZax5	8/2p1q2k/6pb/3B1p2/2PQ4/1P2p1P1/P4P2/6K1 w - - 0 30	d4d1 e3e2 d1e1 h6d2 e1d2 e2e1q d2e1 e7e1	1660	96	advancedPawn clearance endgame promotion
YaQbV	3r1r2/1b3p1k/p1qb1B1p/1pp2P1Q/2P1pp2/1P6/P2P1RPP/R6K b - - 0 23	e4e3 f2f3 c6f3 g2f3	2163	91	
YawtM	5k2/7Q/p5p1/2q1KpP1/7P/P7/8/8 w - - 7 54	e5f4 c5d6 f4e3 d6a3	2586	93	endgame queenEndgame
Yd0nT	6k1/5pp1/5n1p/8/1p6/1P1QP2P/3NK1Pb/rBq5 b - - 8 30	c1c3 d3d8 f6e8 d8e8	688	99	mate mateIn2
YfXxN	4r1k1/p1R3pp/8/5p2/Pq1prP1P/1P3QP1/2R2K2/8 w - - 2 31	f3h5 b4e1 f2g2 e4e2 h5e2 e8e2 c2e2 e1e2	1280	93	endgame
Yg7ql	3r1rk1/p4p1p/3p2pQ/2p2b2/8/2b2N2/P1P2PPP/3R2K1 b - - 3 21	f5c2 f3g5 f8e8 h6h7 g8f8 h7f7	1187	95	mate mateIn3
Yg8lA	r6k/pp6/3p3b/2p1p2q/4Q3/1P1P1PRb/1PP2P2/R5K1 b - - 1 23	h6f4 e4b7 a8g8 g3g8	1627	91	
YjDgD	r1b1k2r/pp1p1p1p/4p1p1/4q3/3n4/1Q6/PPPBBPPP/RN2K2R w KQkq - 2 13	b3e3 d4c2 e1d1 c2e3	1019	100	fork
YmtUb	2Br2k1/p4p1p/4p1p1/8/2P5/1P4Pb/P4P1P/b1B1R1K1 w - - 0 18	c8b7 a1c3 c1g5 f7f6 g5f6 c3f6	2261	93	endgame
Yn9Kh	6k1/pppq3p/2n2pp1/3p4/3P4/2PQ2P1/PP1NrPP1/R5K1 b - - 1 18	d7e6 g1f1 e2d2 d3d2	1943	94	endgame
YnPSA	8/8/8/p1p5/4Kp2/PP4k1/6P1/8 b - - 0 39	a5a4 b3a4 c5c4 a4a5 c4c3 e4d3	1692	91	endgame pawnEndgame quietMove
Ynjrs	2r2k2/P4ppp/4p3/3pN1b1/3B4/2P5/5PPP/6K1 b - - 0 30	g5d8 e5d7 f8g8 d7b8 d8c7 a7a8q	2088	93	advancedPawn endgame promotion quietMove
YoAXb	8/6p1/1p1k2Pp/7P/2PK4/8/8/8 b - - 5 57	d6c6 d4e5 c6d7 e5d5	1400	93	defensiveMove endgame pawnEndgame zugzwang
YpEn4	r4rk1/pp3ppp/2n1b3/1Q1p4/3PnN2/4B2P/q1P1BPP1/2R2RK1 b - - 3 17	a8b8 c1a1 a2c2 f1c1 e4d6 c1c2	1962	91	clearance trappedPiece
YqHRe	r3k1nr/ppp2pp1/2bb3p/3N4/6Bq/4B3/PPP1QP2/R3KR2 b Qkq - 3 18	g8f6 e3g5 e8f8 g5h4	1475	97	discoveredAttack
Yqdjp	r4rk1/1pp1qppp/p1pbbn2/8/4P3/2QP1P2/PPP1N1PP/RNB2RK1 w - - 1 11	e4e5 d6b4 e5f6 g7f6	2415	94	sacrifice
Yr12X	r3k2r/pp1nbp2/2p2p2/q2Pp2p/4N3/1P3BPP/P1PQ1P2/R3K2R b KQkq - 2 14	a5d5 e4f6 d7f6 f3d5	1150	90	discoveredAttack
YrjVd	2r3k1/1p1R4/6pp/P4p2/1P1Bp3/2b3P1/2R2PKP/1r6 b - - 5 31	c3d4 c2c8	799	98	endgame hangingPiece mate mateIn1
Yu7r5	r7/2qn1pkp/p5p1/2p5/4R3/P4N1P/3Q1PP1/6K1 b - - 0 25	g7g8 e4e7 a8d8 d2d5	2176	93	endgame
Yu9mL	r4rk1/pp1nppbp/1qpp2p1/6P1/1P2n3/P2P1N1P/1BP2P2/R2QKB1R w KQ - 0 12	b2g7 b6f2	761	100	mate mateIn1
YuAtq	8/8/pp6/2p5/P1P2pk1/1PK5/5P2/8 w - - 0 40	c3d3 g4f3 b3b4 a6a5 b4b5 f3f2	2512	91	endgame pawnEndgame
YuXvJ	3r2k1/p4ppp/2Q2nb1/8/3P2P1/2P4P/P3q1B1/2B2R1K w - - 3 27	c1g5 g6e4 c6e4 f6e4	1965	91	
Yv3px	rn2kb1r/ppp2ppp/5q2/3p2B1/3Pn1b1/2P2N2/PP3PPP/RN1QKB1R b KQkq - 2 7	g4f3 d1a4 f6c6 f1b5	2145	96	pin
YwkK1	r5k1/pbp2rp1/1p5p/4n1Nq/2P5/3B4/P1PQ1PPP/R4RK1 w - - 0 17	g5f7 e5f3 g2f3 h5f3 d3h7 g8f8	2151	91	sacrifice
YyFxQ	r1b1k2r/1pqp1ppp/p3p3/2b1n3/4P1n1/1BN2N2/PPPBQPPP/R4RK1 w kq - 6 12	c3a4 e5f3 g2f3 c7h2	1345	93	discoveredAttack kingsideAttack mate mateIn2
YynWM	1r1q1r1k/p1p1b1pp/b1p3n1/7Q/5Pp1/1B2B2P/PPPN4/2KR3R b - - 0 18	g6f4 e3f4 f8f4 h3g4	1402	88	
YzQDI	8/3p1pR1/4p3/1b6/3k4/5P2/2p3PP/2N3K1 w - - 0 37	g7f7 d4c3 g1f2 c3b2 c1e2 b5e2 f7d7 c2c1q	2258	93	advancedPawn endgame promotion
YzTVQ	2r1k2r/1bq2pp1/p2ppb1p/8/1n2PPPP/1NN5/1PP1Q1B1/2KR3R w k - 0 17	h1h3 f6c3 b2c3 b4a2 c1b1 a2c3 h3c3 c7c3	1688	96	fork
Z06Fx	5rk1/1b3p2/1p2p1pP/p3B3/8/q2R4/5Q1P/4K1R1 b - - 0 26	a3d3 h6h7 g8h7 f2h4 h7g8 h4h8	1606	96	advancedPawn attraction endgame mate mateIn3
Z1PEX	5b2/p4p2/1p2pNqk/2p2p2/2P5/4Q2P/PP3P2/5K2 b - - 5 34	g6g5 e3g5 h6g5 f6h7 g5h4 h7f8	1753	96	attraction endgame exposedKing fork
Z2a6N	r6r/6Q1/2pqkp2/p4p2/n2p3P/3P1R1R/3B1PP1/5K2 b - - 1 30	a8g8 f3e3 d4e3 h3e3	1206	100	sacrifice
Z59E3	1rn2rk1/1pq1p1bp/p3P1p1/2pP1p2/P1P3n1/1P1B1R2/1B2Q1PP/R2N2K1 w - - 0 20	b2g7 c7h2 g1f1 h2h1	892	89	kingsideAttack mate mateIn2
Z5Bj1	1rb2kr1/pp3p2/4pb2/8/1Q3P1q/P4R1P/1PB3PK/3R4 b - - 8 27	f6e7 d1d8 f8g7 b4c3 e7f6 f3g3	2380	92	pin
Z5R7u	8/8/1R3p1r/3pBk1p/2b2P2/2P1K1P1/1P5P/8 w - - 4 45	e3d4 f6e5 f4e5 h6b6	1058	95	discoveredAttack endgame
Z697m	rn2k3/ppp2p1p/7n/4N3/3P4/2P1pQrq/P1P3P1/R1B2RK1 w q - 2 16	f3b7 c7c6 b7c8 h3c8	2039	91	pin quietMove
Z6Hrz	2kr2nr/1pbq4/p4p2/P2p2p1/3P1nbp/B1P1NN2/2Q1BPPP/R3R1K1 w - - 6 20	e3g4 d7g4 e2f1 f4g2	2315	87	
Z7gnn	4r1k1/5ppp/4r3/8/3Q4/4BP1q/PP3P2/2R2RK1 w - - 0 26	e3f4 e6g6 f4g3 g6h6 d4h4 h6h4	2097	96	quietMove
Z8Fba	8/5p2/3k2p1/ppp4P/4KPP1/2P5/1P6/8 b - - 0 34	g6h5 g4h5 d6e6 f4f5 e6f6 h5h6	2329	94	endgame pawnEndgame
Z8TEn	2r5/R2k2pp/4p2b/1P1pP3/8/3K2P1/2p4P/2N5 b - - 2 35	c8c7 b5b6 c7a7 b6a7	1202	98	advancedPawn endgame
Z9jux	6k1/5pP1/1Q2p3/p2r3p/Pp2p3/1P3q2/2P2P2/1KR5 b - - 3 38	d5g5 b6d8 g8g7 d8g5	1119	92	endgame fork
ZBaCf	6B1/4k2p/3n3P/1p2KpP1/p7/8/8/8 b - - 1 61	b5b4 g5g6 b4b3 g6h7 b3b2 h7h8q	2455	94	advancedPawn endgame promotion
ZDJqI	r4r1k/ppp2pp1/q2b3p/5b2/3PN2B/5PR1/P5PP/R1Q3K1 b - - 2 20	f5e4 h4f6 d6f4 f6g7 h8h7 c1f4	2472	92	fork
ZECEj	8/4qpk1/p1Q1p1p1/1p4r1/1P6/P2B3P/1b3PP1/4R1K1 b - - 4 56	b2a3 c6c3 e7f6 c3a3	1093	95	endgame fork
ZGEr5	8/5B2/8/p1p5/4kp2/P1Pb4/1P3K2/8 b - - 2 44	f4f3 f7g6 e4f4 g6d3	891	97	bishopEndgame deflection endgame skewer
ZHSNC	8/2n5/2Pk1p2/1p2p1pp/3pP2P/R2P1KP1/P2r4/2R5 w - - 0 48	h4g5 c7e6 g3g4 h5h4 g5g6 e6g5	2282	95	endgame mate mateIn3
ZHbdj	8/3kP3/1p1P4/p2K4/8/8/8/8 b - - 1 53	b6b5 d5e5 b5b4 e5f6 b4b3 f6f7 d7d6 e7e8q	2335	93	endgame
ZIpkT	6k1/6p1/3n1p2/3N3p/R2P4/Pr4KP/6P1/8 w - - 1 36	g3h4 d6f5 h4h5 b3g3 a4a8 g8h7	2206	96	endgame
ZJ5v9	2n3k1/5pp1/p2p3p/P1pPp3/4n3/2PqB3/1Q1N1PPP/6K1 w - - 0 31	d2e4 d3d1	634	100	backRankMate endgame mate mateIn1
ZKQ6T	r3k2r/pppqbppp/5n2/3p4/3n4/2NBBP1P/PPP2P2/R2QR1K1 b kq - 2 11	d4f5 d3f5 d7f5 e3c5 e8c8 c5e7	1923	93	pin
ZKblh	7r/1R6/p3p1p1/1p3p2/5Pk1/1q6/1P2NQP1/6K1 w - - 1 39	b7c7 b3d1 f2f1 h8h1 g1h1 d1f1	1256	100	attraction deflection endgame
ZKkyU	r5k1/ppp2ppp/3rb3/5P2/1b6/1P1R2N1/qPK1Q1PP/2B3NR w - - 1 22	f5e6 d6c6 c2d1 a2b1	2175	94	
ZLPLD	r1b1kb1r/pp2nppp/1qn1p3/2Pp4/3P1B2/1P3N2/P4PPP/RN1QKB1R b KQkq - 0 8	b6b4 f4d2 b4d4 f3d4	1259	89	defensiveMove trappedPiece
ZLfaF	2kr3r/Bppn1p2/3p2bp/4p3/2B2PP1/2P4P/P1P5/R3R1K1 b - - 0 18	b7b6 c4a6	728	100	doubleBishopMate mate mateIn1
ZMqfE	8/4k3/4p3/p2pQ2B/2pP4/1pP5/1q1KR1r1/8 w - - 0 52	d2e3 b2c3 e3f4 c3g3	1672	95	endgame mate mateIn2
ZP0Mo	8/5p2/5kp1/7p/4PK1P/8/5P2/8 b - - 4 69	f6e6 f4g5 e6e5 f2f3 e5d4 g5f6	1812	96	endgame pawnEndgame quietMove zugzwang
ZPvWm	6k1/1p3pp1/p6p/3P4/3Q1P2/4r2P/PP3RPK/4q3 w - - 2 29	d5d6 e1f2 d4e3 f2e3	838	99	endgame hangingPiece
ZQHcV	8/5K1k/5P2/7p/2R4P/7r/2p5/8 b - - 0 45	h3h4 c4h4 c2c1q h4h5 c1h6 h5h6	777	100	endgame exposedKing rookEndgame
ZQRel	6k1/2q3pp/p7/1pB1rP1Q/7P/1P4r1/1Pb2R1K/R7 w - - 11 34	h2g3 e5e3 g3g2 c7g3 g2f1 c2d3	2203	95	doubleCheck
ZQbSJ	5r2/3p1ppk/2bqp2p/1p6/5N2/4Q1R1/1Pr3PP/5R1K b - - 1 33	c2b2 e3c3 e6e5 c3b2	2411	91	
ZQjeg	r3kb1r/3q1ppp/p2p1n2/1p2p3/4P3/8/PPP2PPP/RNBQK2R b KQkq - 1 12	f6e4 d1d5 a8c8 d5e4	1434	95	fork
ZR0ef	5rr1/p1p1k2p/1pqpb2Q/4pp2/2P5/1P3PPP/P3B3/R3K2R b KQ - 0 23	g8g3 h6h4 e7e8 h4g3	1519	100	fork
ZRFyu	8/8/6p1/3k1BnP/8/5R2/2r2PK1/8 b - - 0 42	g5f3 f5c2 f3e1 g2f1 e1c2 h5h6	2376	93	endgame hangingPiece
ZRXby	3r4/pb5k/1p3q2/3p2p1/3PnNQ1/1P4P1/P4PB1/4R1K1 w - - 0 32	f4e6 f6f2 g1h2 d8h8 e6g5 e4g5	2360	91	fork quietMove
ZSqaO	2r2rk1/pp3p1p/3p1np1/q1nPp3/4P3/P1N2B1P/1P1Q1PP1/R4RK1 b - - 0 17	c5a4 b2b4 a5a6 f3e2 a4c3 e2a6	1801	91	
ZUhNT	5rk1/p4p2/6p1/6R1/3qp1Q1/1P1r3P/P7/6RK b - - 1 30	d4f2 g5g6 f7g6 g4g6 g8h8 g6h5	868	95	endgame mate mateIn3 sacrifice
ZV1L3	rn1qr1k1/pp3pp1/2p1pb1p/3b3Q/3P1PN1/2B4R/PPP3PP/4R1K1 b - - 3 18	b8a6 g4h6 g7h6 h5h6 f6g7 h3g3	2102	94	kingsideAttack pin
ZXpoC	r6r/pp3pk1/2n1p1pp/3qP3/3p1PQ1/BP1P4/P5PP/4RRK1 w - - 0 21	f1f3 d5a5 g4h4 a5a3 h4f6 g7g8	2017	86	defensiveMove fork
ZZHUH	r4rk1/1n4pp/p7/2pP4/1p3Rpq/P1N1B1n1/BPPQ2P1/4R1K1 w - - 0 23	c3e4 h4h1 g1f2 g3e4 f2e2 h1g2	1744	95	kingsideAttack pin
ZZhnA	6rk/pp3p1p/2n5/2P5/3P1q1p/1B2RQ1P/PP4K1/R7 w - - 2 24	g2f2 f4h2 f2e1 g8g1	1330	95	
ZfZgX	r5kr/ppQ3bp/5pp1/2Bp1q2/5PbP/1B3N2/PP4P1/2K1R3 b - - 5 26	a8c8 c7c8 f5c8 b3d5 g4e6 d5e6 c8e6 e1e6	2227	94	fork sacrifice
ZhrEV	1k1r3r/ppp2Rpb/1n5p/3P4/3q4/6Q1/P3P1B1/4K3 b - - 2 25	h7e4 g3c7 b8a8 c7b7	1067	100	mate mateIn2 queensideAttack
ZhxZ5	8/8/4kp1p/pp6/5KP1/8/PP3P2/8 b - - 0 46	b5b4 b2b3 e6d5 f4f5 d5d4 f5f6	2012	100	endgame pawnEndgame quietMove
ZjTts	8/7p/8/8/1B1p3P/P2Npk2/r7/6K1 b - - 11 55	f3e2 d3c1 e2d1 c1a2	989	98	endgame fork
ZjgHW	2r4k/5p1p/2r1q2N/3pppQP/8/2B1PP2/PP4P1/5K2 b - - 2 40	e6h6 c3e5 f7f6 g5h6 f6e5 h6g5	1628	93	endgame interference intermezzo
ZkJhI	8/8/2pk3p/K1Np2p1/3Pn1P1/2P4P/8/8 w - - 1 42	a5b4 e4c5 d4c5 d6e5 b4a5 d5d4 c3d4 e5d4	2122	93	endgame knightEndgame
Zm3yK	r2q1rk1/1pp2ppp/pb1p4/4p3/1PP1P1nN/P7/B1QP1PPP/R1B1R1K1 w - - 1 15	c4c5 d8h4 d2d4 h4h2	1625	91	hangingPiece kingsideAttack
ZmzVY	2r2r1k/p1p4p/2pq1p2/3pn1BQ/8/8/PPP3PP/R4RK1 w - - 0 21	g5f6 f8f6 f1f6 d6f6	795	99	
ZnzY5	r6k/2q1bp1n/p2p1Pr1/1p2p3/8/2PQ3R/PP3PP1/2KR4 b - - 3 24	c7d7 d1h1 e7f6 h3h7 h8g8 d3g6 f7g6 h7d7	2445	93	exposedKing kingsideAttack pin quietMove
ZouJA	6rr/8/1kp2b2/1pNp1b2/2qP1P2/2P1R1P1/3Q1KB1/5R2 w - - 4 34	f1h1 h8h1 g2h1 g8a8	2433	92	defensiveMove
ZpekG	3r1bk1/7p/p3pp1p/5P2/2QB2PK/5q2/8/3R4 b - - 2 39	f3d1 c4e6 g8h8 e6f6 f8g7 f6d8	2082	96	endgame fork mate mateIn3
ZreQ8	r4rk1/ppp2pbp/2b3p1/4P3/3B4/2P2N1q/PPB5/R2QR1K1 w - - 0 20	c2e4 h3g4 g1f2 c6e4	1851	95	kingsideAttack
Zrrvm	r7/P7/R7/8/8/8/2p1K3/2k5 w - - 12 57	e2d3 c1d1 a6g6 a8d8	2091	94	endgame rookEndgame
ZsX9m	1r3bk1/5p2/b2p2p1/2pPp2p/4P2P/4N1P1/qB3PBK/2RQ4 b - - 0 33	b8b2 c1a1 b2f2 a1a2	1264	86	
Zsus1	r2r1bk1/p3qp1p/1pRN2p1/3Q4/4n3/5N1P/PP2BpPB/3K1R2 w - - 2 22	d1c2 e4d6 h2e5 d6f5	2035	87	defensiveMove
Zt5t7	4r3/pp6/3K4/3R3P/1k6/8/PP6/8 w - - 0 46	d5d2 e8d8 d6e7 d8d2	863	100	endgame rookEndgame skewer
Ztg9F	8/8/6p1/7p/4p1kP/4P1P1/1R3K2/7r w - - 4 54	f2g2 h1h3 b2b4 h3g3	1433	95	endgame rookEndgame
ZvMbl	8/6k1/8/7p/6p1/1P2K3/P7/8 b - - 0 61	h5h4 a2a4 h4h3 e3f2 g7f6 a4a5 h3h2 f2g2 h2h1q g2h1	2216	92	endgame pawnEndgame quietMove
ZwDyG	3rr2k/1p1n2pp/p1pNp2q/6R1/P1QP4/8/1P3PPP/4R1K1 b - - 14 27	h6g5 d6f7 h8g8 f7g5	847	97	fork
Zwuai	2k5/2P5/1P6/2K5/8/n7/8/8 b - - 0 67	a3c2 c5d6 c2d4 b6b7 c8b7 d6d7 d4b5 c7c8q	1966	92	advancedPawn endgame exposedKing knightEndgame promotion
Zy5nv	4r1k1/1p1q1p1p/p2P2p1/4Qb2/5B2/P7/R4PPP/6K1 w - - 1 25	e5a5 d7a4 a5d2 a4f4	2288	92	endgame
ZyZoX	1r3b1k/3R4/p1n2Npp/4p1Bn/4P3/3B3P/PPP4P/5K2 b - - 1 27	h6g5 d7h7	664	100	arabianMate mate mateIn1
ZyhKa	4r1k1/1bb1r2p/pp4pP/2p1pp2/2P2P2/3P4/PP2Q1P1/R4RK1 w - - 1 25	f4e5 c7e5 e2d2 e5d4	2120	93	
Zz5d0	6k1/3R1p2/6p1/2p2PP1/n2p4/8/6rr/4RK2 b - - 6 43	a4c3 e1e8 g8g7 f5f6 g7h7 d7f7	1088	98	deflection endgame mate mateIn3
Zzkym	r1b2rk1/pp1p2p1/7P/4ppq1/4P3/P1N2Q2/1PK3n1/6NR b - - 2 23	f5e4 h6h7 g8h8 f3f8	1127	88	advancedPawn deflection kingsideAttack mate mateIn2
a0uL3	6kr/2pN1p1p/6pQ/3pp3/1n5P/2q5/7R/1K5R b - - 1 34	e5e4 h6f8	1345	98	mate mateIn1
a0vNG	8/1pN2k2/3p3p/4n3/1p3n2/P6P/1Q4PK/1B2q3 w - - 0 35	a3b4 f4e2 b2a2 f7g7 a2e2 e1e2	2247	94	defensiveMove endgame quietMove
a1q3n	4q1k1/Q4ppp/8/5n2/1B1P4/7P/2P2PP1/5K2 w - - 1 27	d4d5 e8b5 f1g1 b5b4 a7a8 b4f8	1168	100	endgame fork
a3tgA	1B4k1/1p3p2/1b1Q2p1/Pp1P3p/2p4q/7P/1P2r2P/R4R1K w - - 2 29	a1a3 h4e4 a3f3 e2e1	2221	90	
a5WzV	2r2r2/4qpk1/p4p1p/1pp1p2Q/8/2PP1R1P/PPB3P1/6K1 b - - 3 27	f8h8 h5g4 g7f8 g4c8	1979	92	endgame interference
aABh6	r2q1rk1/1pp1b1pp/p1n1bn2/3pNp2/3P1P2/PQN1P3/1P4PP/RBB2RK1 w - - 2 14	b3b7 c6a5 b7a8 d8a8	1613	94	trappedPiece
aAuji	5r1k/2Q3pp/2p5/p7/P3p3/2P4q/1P3PR1/6K1 b - - 1 31	h3f3 c7g7	695	100	endgame mate mateIn1
aBjw2	r5k1/1q5p/4brp1/2n5/p2QpN2/6PP/PPP2P2/2KRR3 b - - 1 25	b7e7 f4d5 e6d5 d4d5 g8g7 d5a8	2144	100	fork
aBxJp	8/1b2q2k/7p/p1r1b1p1/4P3/3p3P/PQ3BP1/3RR1K1 w - - 0 33	f2c5 e7c5 b2f2 e5d4 f2d4 c5d4	1443	89	pin
aDS8l	2r3k1/pp3r1p/8/3pB1p1/3P1p2/PqN5/3Q1KPP/2R5 b - - 1 25	f7e7 c3d5 c8c1 d5e7 g8f7 d2c1	1406	94	
aEtMz	r7/p1pQ2kp/2pp2p1/P3r3/1P6/B1P5/2q3PP/5R1K b - - 3 31	g7h6 a3c1 c2c1 f1c1	1592	90	endgame
aFYV5	8/8/8/6k1/P3p3/2p1K3/5P2/8 b - - 0 45	g5f5 a4a5 c3c2 e3d2 e4e3 f2e3 c2c1q d2c1	1461	95	endgame pawnEndgame quietMove
aGOi6	8/7p/p5p1/4k1P1/2p5/P7/1PPK4/8 w - - 4 57	d2e3 e5f5 e3d4 f5g5 d4c4 h7h5 c4d3 g5f4	2527	92	defensiveMove endgame pawnEndgame quietMove
aH1rd	r3k1nr/ppp2ppp/3p4/2b1p3/4P2q/2PP1P1P/PP2QP2/RNB2R1K w kq - 3 11	f1g1 h4h3	749	100	kingsideAttack mate mateIn1
aH9Nh	6k1/1p4pp/8/3Pp3/8/bP5P/P4qP1/BK1R3R w - - 3 30	d5d6 f2f5 d1d3 f5d3	1083	93	endgame mate mateIn2
aHp9l	8/p1p2p2/1pp1k3/4P1p1/1PPKP3/4N1Pb/P7/8 b - - 0 31	f7f5 e4f5 h3f5 e3f5	978	96	endgame
aHuE4	8/ppp1r3/5R2/4n1pk/6B1/P5KP/1PP5/8 b - - 7 40	e5g4 h3g4	837	91	endgame mate mateIn1
aItI3	6k1/pp2P3/2p4R/2p2K2/2Pr1P2/1P4P1/P5rP/8 b - - 0 35	g2e2 h6e6 e2e6 f5e6 d4e4 e6f6	2072	89	defensiveMove endgame rookEndgame
aJhxG	8/8/4p1P1/5p1p/3PpP2/1k1bP3/3K4/8 b - - 0 61	e6e5 d4d5 d3c4 d5d6	2037	95	bishopEndgame endgame quietMove
aOMFO	r3k3/pp6/2p2pq1/3p4/7r/2Q1P1P1/PPP2P1p/2R1R1K1 w q - 0 24	g1h1 g6e4 f2f3 e4f3	837	97	endgame kingsideAttack mate mateIn2
aOkw9	1kB4r/2pqn3/2n2p1r/3p4/3P4/2P2p2/1Q4PP/R3R1K1 b - - 5 27	b8c8 a1a8 c6b8 a8b8	755	100	mate mateIn2 queensideAttack
aOvGT	8/1R6/8/4PK2/7p/1p2r2P/2k5/8 w - - 6 55	b7c7 e3c3 c7b7 b3b2	1374	95	advancedPawn defensiveMove endgame rookEndgame
aPvSo	8/5p2/4kp2/2pR1p1p/1pP2K1P/1P2P1P1/r4P2/8 w - - 0 33	d5f5 a2f2 f4e4 f2f5	636	100	endgame rookEndgame
aQhCG	2k4r/p1p2p2/1p2n3/2bNPp1P/5Ppq/8/PP3RB1/2RQ2K1 w - - 3 22	c1c2 g4g3 c2c5 g3f2 g1f1 e6c5	2282	92	advancedPawn exposedKing intermezzo pin
aQvXY	rn1r2k1/p1q3pp/4p2B/3nb1Q1/2R1p3/6P1/P4PBP/3R2K1 b - - 0 24	c7e7 g5e7 d5e7 d1d8	1849	93	capturingDefender kingsideAttack
aR6sO	5r2/pp4k1/2p5/7Q/1P2P3/P2p4/6PK/4q2R b - - 6 36	f8h8 h5h8 g7h8 h1e1	1199	92	endgame
aRVLx	3r2k1/pp3npp/2p1R3/5q2/2Q5/2P2P2/P4P1P/5KR1 w - - 8 22	e6e7 d8d1 e7e1 d1e1 f1e1 f5b1 e1e2 b1g1	2156	93	attraction endgame skewer
aRfFQ	5k2/ppb1q2p/2p2p2/3p4/1P3R1r/P2Q2NP/6P1/5R1K b - - 0 36	c7f4 g3f5 e7e4 d3e4	1537	94	endgame fork
aSZpe	2kr3r/pp2R2p/4P1pb/8/2P1N3/P2P2P1/1P2K2P/8 b - - 0 25	d8e8 e4d6 c8b8 e7e8 h8e8 d6e8	2044	90	endgame fork
aSjYL	4k1nr/1b1pbppp/p1r5/1p2N3/3B4/1B6/PP2QPqP/2R2RK1 w k - 0 18	g1g2 c6g6 g2h3 b7g2	1978	96	doubleCheck mate mateIn2
aTT0u	3r2k1/pp4pp/2p2nn1/4p3/4P3/2N4P/PPP1BRP1/7K b - - 2 25	d8d2 e2c4 g8f8 f2d2	896	96	discoveredAttack endgame
aVJDO	r1bq1r1k/ppp1p1bp/3p1Bp1/8/2BPQ2N/8/PPP2PPP/2KR3R b - - 0 12	e7f6 h4g6 h7g6 e4h4 g7h6 h4h6	1010	100	clearance kingsideAttack mate mateIn3 sacrifice
aWQLa	4rr2/pppnqp1k/7p/5R2/2PP4/P1P3Q1/6PP/5RK1 b - - 3 19	e7e3 g3e3 e8e3 f5f7 f8f7 f1f7 h7g6 f7d7	1355	100	fork
aY9KM	2kr3r/Bpqnbpp1/2ppb3/7p/N1P3n1/1P2P3/P1BQNPPP/R4RK1 w - - 1 16	a7b6 d7b6 a4b6 c7b6	1295	94	
aYn4G	5R2/pp3pkp/3p1Np1/3P2P1/8/8/P4qP1/4R2K b - - 0 28	g7f8 e1e8 f8g7 e8g8	1191	96	endgame hookMate mate mateIn2
aYogs	4r1k1/ppqbr2n/2p2P1p/3p4/2PP4/1P1Q2N1/P5PP/4RRK1 b - - 0 26	e7e1 d3g6 g8h8 g6g7	1972	88	kingsideAttack mate mateIn2
abF0H	r5k1/2p2ppp/p4n2/2p3B1/4b3/P1Pr1N2/P4PPP/1R2R1K1 w - - 0 17	f3e5 d3d5 g5f6 e4b1 e1b1 g7f6	1902	95	discoveredAttack
abLvO	r3k2r/p1q1bppp/4p3/2Pp4/1Pn5/P2Q1N1P/2P2PP1/R1B1K2R w KQkq - 0 17	d3d4 e7f6 d4d3 f6a1	1444	95	skewer
abdUw	r1q1kbnr/2p3p1/pp1p1p1p/P2Pp3/2B1P3/1QP1BN1b/1P3P2/RNR3K1 w kq - 1 16	a5b6 c8g4 g1h2 g4g2	920	96	fork mate mateIn2
acB47	1rq1r1k1/5ppp/p1p1pn2/2Pp4/PN1P4/3Q3P/5PP1/RR4K1 w - - 5 25	d3a6 b8b4 a6c8 b4b1 a1b1 e8c8	1621	95	
aciLl	2b2r2/4q2n/1k2P3/p1p1Rp1P/PpP2Pp1/1P1Q2Np/7K/8 b - - 0 45	c8e6 d3e3 h7g5 f4g5	2364	92	
adIJg	1k5r/1p6/5r2/p3Q3/P2p3q/5BR1/1P4K1/8 b - - 1 38	b8a8 f3b7 a8a7 e5a5	2165	95	endgame
ae0NO	8/2P5/b3k3/8/4BB2/p4K1p/7P/8 w - - 2 44	f3g3 a3a2 e4d3 a2a1q	2002	95	advancedPawn bishopEndgame endgame promotion
aeSXF	r3k2r/1bp1qppp/p1np4/1p1B4/3NP3/8/PPP2PPP/R2QK2R b KQkq - 0 12	e8g8 d4c6 b7c6 d5c6	1600	88	
aeXKQ	4k3/q1K5/2P5/3Q4/8/8/8/8 w - - 5 63	c7d6 a7e7	1154	99	endgame mate mateIn1 queenEndgame
afb1k	3r3k/5Qbp/6P1/8/3r3P/P2p1p2/1P1B2P1/1R5K w - - 1 29	d2h6 d4h4 h1g1 g7d4 h6e3 d4e3 g1f1 h4h1	2132	92	endgame fork mate mateIn4
agECu	2r3k1/5p2/5Qp1/1p6/3RP2p/1q1P3P/6PK/8 b - - 2 44	b3c2 e4e5 c2c6 d4d8 c8d8 f6c6	2486	92	deflection endgame quietMove
agSmY	2r2k2/2P2p1p/6p1/p1R5/8/1P6/P7/1K6 b - - 2 42	a5a4 b3b4 f8e7 b4b5 e7d6 b5b6 d6c5 b6b7 c8c7 b7b8q	2038	97	advancedPawn endgame promotion quietMove rookEndgame sacrifice
aglnI	8/p1p5/Qp1q1pp1/3p2k1/3P3p/P1P2P2/1P3PK1/8 w - - 0 35	a6a7 d6f4 a7a4 h4h3 g2h3 f4f3 h3h2 f3f2	2147	93	attraction deflection endgame queenEndgame
ahJzi	1r3rk1/2RR1p1p/3Npp2/8/p1P4P/1n4P1/5P1K/8 b - - 1 34	a4a3 d6f7 f8f7 d7f7	1702	98	endgame
ahqoO	7k/2p2Qp1/3q3p/p7/Pp1r4/7P/5PP1/2R3K1 w - - 5 34	c1c7 d4d1	773	100	endgame mate mateIn1
ahtAU	4R3/8/8/8/4Prk1/4K2p/8/8 b - - 2 57	h3h2 e8g8 g4h3 e3f4 h2h1q g8h8 h3g2 h8h1	1608	97	deflection endgame rookEndgame skewer
aigCS	8/pp6/2P5/1P3p2/3K1bp1/5k2/P7/4R3 b - - 0 40	b7c6 e1f1 f3g3 b5c6	2511	92	endgame intermezzo
aisqx	8/3Q4/5pk1/p3p1p1/4P3/P2p1PK1/5RP1/2q5 w - - 4 49	d7d3 c1f4 g3h3 f4h4	887	100	endgame mate mateIn2
aklti	8/4b1k1/3NQpp1/2pPp2p/4P3/1q2B3/5RPP/r5K1 w - - 1 31	f2f1 b3e3 g1h1 a1f1	997	96	backRankMate deflection hangingPiece mate mateIn2
alB54	8/7N/6p1/8/3p3P/3Kp3/6P1/2k5 w - - 1 45	d3e2 c1c2 h7f8 d4d3 e2e3 d3d2	1346	95	advancedPawn endgame exposedKing knightEndgame
alGvC	3rr1k1/p1p1qpp1/3bb2p/2pp4/4n3/2P1PP1P/PPQBN1P1/RB2R1K1 b - - 0 16	e4d2 c2h7 g8f8 h7h8	770	100	kingsideAttack mate mateIn2
alTUx	7k/8/p7/1pP5/1P2NpP1/P4P1K/r7/4b3 b - - 2 47	a2a3 c5c6 a3f3 h3g2 f3d3 c6c7	1370	87	advancedPawn defensiveMove endgame
amajN	1r6/p4k1p/3pp1pP/3q1p2/5P2/3B2P1/1rP1Q2K/3R4 b - - 3 33	b2b1 c2c4 b1b2 c4d5 b2e2 d3e2	2346	90	endgame
amxT2	8/6k1/p1p2p2/2B5/PPP4p/5P1P/2brnRPN/6K1 w - - 3 31	g1f1 e2g3 f1g1 d2d1 f2f1 g3f1	1844	95	endgame
anFJa	7k/4Q2p/6p1/p6q/3b4/P5P1/6KP/8 b - - 2 45	h5e5 e7f8	1003	100	endgame mate mateIn1
ancgH	8/1p6/p1p5/5p2/PPP1P1k1/4K3/8/8 w - - 0 48	e4e5 f5f4 e3d3 g4f5 e5e6 f5e6	2308	88	endgame pawnEndgame
aoU48	8/5pk1/2p2p2/p5p1/2P2PP1/1P1Q3P/P4K2/6rr b - - 2 45	g1f1 d3f1 h1f1 f2f1	922	99	endgame queenRookEndgame
aoqoZ	5r1k/ppq3pp/2n5/1B6/3PR1Q1/2P3bP/PP3rP1/4R2K b - - 4 22	f2f4 g4g3 f4e4 g3c7 e4e1 h1h2	2131	92	hangingPiece
aqFvE	3qr1Qk/rb2b1pp/p1p4N/1p3p2/3P1n1B/2PB3P/6P1/R2R3K b - - 5 34	e8g8 h6f7	825	97	mate mateIn1 smotheredMate
arF8T	6kb/5p1p/6pB/3Np1N1/4P3/6KP/1q6/R7 b - - 2 37	b2a1 d5e7	788	99	endgame mate mateIn1
asGJU	1r1k3r/2p4p/4p1p1/8/QPPq4/P3n3/2K1B1PP/R1Bn3R w - - 4 25	c2b3 d4a1 h1d1 e3d1 c1g5 d8c8	2335	93	hangingPiece
asWwp	r4rk1/pppN3p/4p1pb/3P4/2n1P1Pq/2NB3P/PPPKQ3/R6R w - - 3 18	d2d1 c4b2	873	100	mate mateIn1
atof4	8/7R/3R4/4k1p1/5n2/5K2/PP4rP/8 w - - 2 30	d6d7 g5g4 f3e3 g2e2	1204	91	endgame mate mateIn2
atvO8	8/8/8/5k2/5p2/8/P5K1/8 b - - 0 55	f5g4 a2a4 g4f5 a4a5 f5e4 a5a6	1480	86	endgame pawnEndgame quietMove
auihf	7k/8/8/7p/P6r/1KR5/1PP5/8 w - - 0 37	c3c4 h4c4 b3c4 h5h4 a4a5 h4h3 a5a6 h3h2	1247	100	advancedPawn endgame quietMove rookEndgame
awpfY	8/pp2R1bk/2p3pp/6r1/5p2/PB1P3r/1P3P1N/4R2K w - - 0 30	e1g1 g5h5 h1g2 h3h2	1713	93	quietMove
axEnG	6rb/p5qk/1p1Q1p1n/2pNpP2/4P2p/3P3r/P1P1RRPK/8 w - - 0 34	h2h3 g7g3	1157	100	mate mateIn1
axSSW	1r2qr2/1b5k/p1p3pp/2Q5/4pbB1/2B5/PP3PPP/2RR2K1 b - - 1 25	f4c1 c5f8 e8f8 d1d7 h7g8 g4e6	2391	91	sacrifice
axwby	8/1R1k3p/4p1p1/4P3/2r2P2/5K2/7P/8 b - - 3 45	c4c7 b7c7 d7c7 f3g4 c7d7 g4g5	1520	92	endgame rookEndgame
aywxL	8/5p2/2k5/2n1PP2/2K5/8/1p1N4/8 w - - 0 54	c4c3 c5e4 c3b2 e4d2	1628	95	deflection endgame knightEndgame
azPsH	8/3N1rkp/p1R2nq1/1p2Q3/1P1P3P/P3p1p1/6P1/6K1 w - - 0 38	d7f6 g6b1 c6c1 b1c1	807	100	endgame mate mateIn2
b2Fox	r1bq1rk1/ppp1n1bp/3p4/4Np2/7B/2PB3P/PP3PP1/RN1Q1RK1 b - - 0 12	d6e5 d3c4 g8h8 d1d8	1359	92	discoveredAttack
b2WJF	8/1q3p1k/p1R1b1pp/4P3/3Q4/P3P3/1r4PP/2R3K1 w - - 0 37	c1c2 b2c2 c6c2 b7b1 g1f2 b1c2	1742	96	attraction clearance endgame fork
b42kK	8/8/2k1pppp/3p4/3P1KPP/4P3/5P2/8 w - - 1 45	g4g5 f6g5 h4g5 h6h5	2012	88	defensiveMove endgame pawnEndgame
b79JL	8/6p1/4k3/8/2K5/4N2p/8/8 w - - 0 54	e3g4 e6f5 g4f2 h3h2 c4d3 f5f4 d3e2 f4g3	1271	88	advancedPawn endgame knightEndgame
b7C4z	8/4R3/2p2P2/2Pk4/1p4K1/2r5/8/8 b - - 0 46	c3c4 g4f5 c4c2 e7e5 d5d4 e5e4	2566	93	defensiveMove endgame rookEndgame
b8eYx	8/7R/R4p1P/4k3/5n2/4p2r/8/4K3 w - - 2 51	h7h8 h3h1	1296	93	endgame mate mateIn1
bAKPL	4rk2/p4ppp/5b2/3Q4/4n3/P3RqBP/1P3P2/6K1 b - - 4 26	e8d8 d5d8 f6d8 e3f3	1994	92	
bAsro	8/8/1p2K3/1PkPp3/2Pb3p/7P/8/8 b - - 4 38	c5c4 d5d6 d4e3 e6f6 e5e4 d6d7 e3f4 d7d8q	2564	94	advancedPawn bishopEndgame endgame promotion
bAuR5	2r2rk1/4pp1p/8/3P1p2/3b1B2/1P1Q2P1/q4pBP/1R3K1R w - - 2 25	d3f5 a2a6 f5d3 a6d3	1431	98	mate mateIn2
bBPCt	8/6p1/4N3/8/k6P/8/6PK/3r4 b - - 3 58	d1d7 e6c5 a4b5 c5d7	795	100	endgame
bBdAe	5k2/5p1p/3p4/1PpP4/2P4r/P3P2r/6Rn/1N1BB2K w - - 0 37	e1h4 h2f3 g2h2 h3h2	1219	94	arabianMate discoveredAttack endgame mate mateIn2
bC462	8/6r1/3k4/3p3R/2p5/2P1K3/2P5/8 w - - 3 56	e3d4 g7g4 d4e3 g4g2	2395	92	endgame rookEndgame
bCRMP	1k3B2/3R4/pp2r2p/5rp1/1P2p3/7P/4BPP1/6K1 w - - 4 41	e2a6 f5f8 d7b7 b8a8	1461	96	endgame hangingPiece
bCiU3	r3kb1r/pppb1qpp/5n2/8/3Q4/4BN2/PP3PPP/RN2K2R b KQkq - 2 11	d7b5 d4e5 f8e7 e5b5	1339	85	fork
bDzml	8/p6p/5p2/6P1/3pKP2/2k5/P1P5/8 b - - 0 33	f6g5 f4f5 g5g4 f5f6 g4g3 e4f3	1885	94	endgame pawnEndgame quietMove
bGoYE	3r4/p5k1/1p1qp1p1/1P1b2N1/P6Q/8/5PPP/5BK1 b - - 1 36	d8h8 h4h8 g7h8 g5f7 h8g7 f7d6	1847	95	attraction endgame fork sacrifice
bIvgy	2kr4/5pp1/1b4r1/2B1P2p/3pq3/Q7/1PP2P2/R2KR3 b - - 4 36	b6c5 a3c5 e4c6 a1a8	1727	93	pin
bJ81u	6B1/ppr5/3p2p1/3Pk2n/PP5P/3K1P2/4NP2/8 b - - 0 28	h5f6 f3f4 e5f5 g8e6	1425	97	endgame mate mateIn2
bJK7m	Q2R2r1/1p3p1p/1kp5/4p3/P7/5P2/1P3KqP/5R2 w - - 1 29	f2e3 g2g5 f3f4 e5f4 f1f4 g8d8	2176	94	endgame pin
bJOFM	1k5r/5p2/1pR5/4P3/4B1p1/4b1P1/1P1r3P/R4K2 b - - 3 29	h8h2 a1a8 b8a8 c6c8 a8a7 c8a8	1990	89	attraction doubleCheck endgame exposedKing mate mateIn3 sacrifice
bL47n	6k1/1q5p/4R1p1/p2P1pP1/Pp3b1P/1P6/6P1/4R2K b - - 0 40	f4d2 e6e7 b7d5 e7e8	2522	94	endgame
bLtqI	1k6/ppr5/1b1N4/4P1p1/5pPq/3r1P2/2Q3B1/1R2RK2 w - - 4 35	c2d3 h4f2	984	99	mate mateIn1
bMgIk	r2r1bk1/5p1p/2q3pP/8/p4B2/1P2Q1P1/1PP5/1K1R3R w - - 0 28	d1d8 c6h1 e3c1 h1c1 b1c1 a8d8	1391	98	hangingPiece
bMpdb	4rrk1/1p1R2p1/p7/8/5qbQ/6RP/5PP1/6K1 w - - 0 37	g3g4 e8e1	1328	98	endgame mate mateIn1
bOGEI	r2q1r2/pb2ppkp/1p4p1/1Pp1P3/4N2Q/3P1N2/1Pn3PP/2R2RK1 b - - 1 17	c2e3 f3g5 h7h5 f1f7 f8f7 g5e6 g7g8 e6d8	1883	90	discoveredAttack fork sacrifice
bOSgS	6rk/5p1p/p1qp1PnQ/1p3R2/2pPr1P1/P2nB2P/7K/3R4 b - - 4 28	d6d5 h6h7 h8h7 f5h5	1392	95	attraction kingsideAttack mate mateIn2 sacrifice
bTo5m	r3r3/pb1n1kp1/8/3N1p2/5P2/1P6/P4KB1/R1R5 b - - 2 26	a8c8 d5c7 b7g2 c7e8	1985	93	
bU0xI	8/1pn4r/p1p5/2Pp2k1/4r1Pp/1P2P2K/PB4P1/4RR2 b - - 3 46	e4g4 b2f6 g5g6 h3g4	1189	89	deflection endgame
bUaEX	r3k2r/pbp1b1p1/1p1p1q1p/2n1pp2/2P1P3/2PP1NP1/P1QB1PBP/R3R1K1 b kq - 1 15	c5d3 c2d3 f5e4 e1e4	1613	88	hangingPiece
bUc1C	r2q1rk1/2R2p2/p2p1bQ1/1p1Np3/3nP3/P6P/BP3PP1/2R3K1 b - - 0 21	f7g6 d5f6 g8h8 c7h7	1064	94	arabianMate doubleCheck kingsideAttack mate mateIn2
bVEio	1br3k1/pb3pp1/1p5p/2PPn3/5q2/PPN2N1P/1B3PP1/2RQ1BK1 w - - 1 22	c5c6 e5f3 g2f3 f4h2	1106	96	kingsideAttack mate mateIn2
bVHeV	rn1q1rk1/pp3p2/7b/4B3/3pN3/3PnP1b/PP1QP3/R3K1R1 b Q - 0 20	e3g2 g1g2 g8h7 e4g5 h6g5 g2g5	2380	92	fork
bVqWd	1r2kbnr/p1Q2ppp/2np4/8/4q1b1/2Pp1N2/PP2BPPP/RNB1K2R w KQk - 0 10	b1d2 e4e2	1031	95	mate mateIn1
bW5Kv	5rk1/pp3p2/q2p2p1/3P3p/1P2pN1P/1Q2PnP1/P3KP2/2R5 w - - 5 27	b3c4 f8c8 c4a6 c8c1 f4d3 c1c2	2215	90	endgame pin sacrifice skewer
bXOvF	2kr2nr/pp1n1ppp/2pb4/4q3/2B5/2N2Q2/PPPB1PPP/R4RK1 w - - 0 13	a1e1 e5h2	770	100	kingsideAttack mate mateIn1
bY9pb	6k1/pp1n1ppp/3p1q2/P2Np3/8/1P2P3/1r1P1PPP/4QK2 b - - 2 27	f6g6 d5e7 g8f8 e7g6	635	100	endgame fork
bYbCD	1k4r1/7r/2Q5/p1N1P1B1/4P2P/8/PPP2qP1/R6K w - - 7 34	c5e6 h7h4 g5h4 f2g2	1907	95	mate mateIn2 sacrifice
bYsOz	6rk/2p5/p1p1Qp2/2q5/6P1/5P2/P5K1/5N2 b - - 2 38	f6f5 e6h6	888	100	endgame mate mateIn1
bZ5JL	5r1k/1p2N1bp/p1bP2p1/2p2p2/2B2Q2/1P6/q1P3PP/5R1K b - - 1 27	a2c2 e7g6 h7g6 f4h4 g7h6 h4h6	995	91	kingsideAttack mate mateIn3 sacrifice
bZ7pH	r1b2rk1/1p4pp/3ppn2/3p1pn1/1qPP3P/pP1BPP2/P2NQ1P1/2KR3R w - - 1 17	h4g5 b4c3 d3c2 c3b2	1227	88	mate mateIn2 queensideAttack
bZT10	r3k2r/2pq1p2/p3bn1p/2p1p1p1/1n2P3/3P1N1P/1PPQBPP1/1NKR3R w kq - 0 15	f3e5 b4a2	908	100	mate mateIn1 smotheredMate
ba6HS	r5k1/p5pp/2N1R3/1p1n2q1/3P4/8/PP3rPP/R2Q2K1 w - - 0 22	e6e5 g5g2	816	100	mate mateIn1
bbSGT	6k1/pN1n2p1/2p4p/3p4/3P4/1qP4P/1P3QPK/8 w - - 1 30	b7d8 b3b8 h2g1 b8d8	1142	94	endgame fork
bcUkL	r5rk/p1qnbp1p/1p2p2P/1PpbP1N1/P1Np3P/3P4/2P1QPB1/R3R1K1 b - - 2 21	d5g2 g5f7	885	100	kingsideAttack mate mateIn1
bcaK4	r5k1/pp1b1rpp/3B2q1/3pQ3/3P4/2P5/PP3PPP/R3K2R w KQ - 1 18	e1c1 f7f2 d1d2 f2d2 c1d2 g6g2	2392	92	attraction
bci8g	8/ppp5/4k3/4r3/6p1/4R1K1/PPP5/8 w - - 0 38	e3e5 e6e5 g3g4 e5e4	1774	93	defensiveMove endgame
bcrhg	5q2/2N3bk/1r1p2p1/7p/6r1/1Q3N2/5PPP/5RK1 w - - 0 36	b3b6 f8f3 g2g3 g7d4 b6d4 g4d4	2367	92	pin
bdePw	r5k1/5pp1/p2q3p/np1p3b/2pPr3/P1P4P/1PQN2P1/RB3RK1 b - - 3 22	e4e2 c2h7 g8f8 h7h8 f8e7 h8a8	989	90	skewer
bekSE	2r1k3/p2R1p2/1pK5/4P1p1/8/7P/PP6/8 w - - 2 33	d7c7 c8c7 c6c7 e8e7 a2a4 e7e6	1527	96	endgame rookEndgame
belBO	8/5pkp/4p1p1/1R2P1K1/2P3PP/1P5r/8/8 w - - 9 48	c4c5 h3f3 h4h5 h7h6 g5h4 g6g5	1835	91	endgame mate mateIn3 rookEndgame
bf07a	5rkr/p3Qpp1/3p1n1p/8/7B/1Bq3P1/P4P1P/4R1K1 b - - 3 28	f8e8 e7f7 g8h7 e1e8 h8e8 h4f6	2415	85	discoveredAttack pin
bfG26	8/1r6/p7/1k6/8/PNP5/K1P5/8 b - - 6 42	b5c4 b3a5 c4c3 a5b7	792	99	endgame fork
bfl8A	r3r3/2p1nk1p/p1n1R1pB/1pq2p2/8/2bQ3P/P1B1RPP1/6K1 b - - 1 26	c3d4 c2b3 e7d5 e6c6 c5c6 d3d4 e8e2 b3d5	2367	96	capturingDefender deflection quietMove
bg3nd	8/8/4pK2/1p1bP1P1/1k3P2/8/8/8 b - - 1 54	b4c4 g5g6 b5b4 g6g7 b4b3 g7g8q	724	100	advancedPawn bishopEndgame endgame promotion
bg83o	8/3b4/3P4/3Np1p1/1p2K3/2k5/6P1/8 b - - 1 42	c3c4 d5b6 c4c5 b6d7	875	98	endgame fork
bh7u9	8/4R1k1/6pp/5p2/1n3P2/1B2K1P1/P6r/8 b - - 2 41	g7f6 e7f7	1286	100	endgame mate mateIn1
bi77U	6k1/R2r1p2/4p1p1/4q3/R6Q/1P5P/2r2PPK/8 w - - 1 34	h4f4 e5f4 a4f4 d7a7	1024	99	endgame
birZQ	6k1/q4pp1/p6p/8/1rp5/6P1/2Q3BP/3R1K2 b - - 1 40	a6a5 d1d8	793	99	endgame mate mateIn1
bkxOt	8/5Qpk/7p/p1N1r3/1P3R2/P5q1/4r1B1/R5K1 w - - 3 35	a1a2 g3g2	1643	100	mate mateIn1
bmFoj	8/2R2pk1/2N1pn1p/6p1/3P4/4PQKP/5PP1/1q5r w - - 10 42	c6e5 h1h3 g2h3 b1g1 f3g2 f6h5 g3g4 g1g2 g4h5 g2h3	2525	91	deflection endgame mate mateIn5 sacrifice
bmH5b	5rk1/5pp1/B3p2p/1P5q/r7/1Q6/5PPK/3R1R2 w - - 1 33	b3h3 a4h4 h3h4 h5h4	1241	96	pin
bnCwB	r2q1rk1/pbp1b1pp/1p1pp3/3P4/1PP1p3/P1Q1PN2/1B3PPP/R4RK1 b - - 0 15	e4f3 c3g7	693	100	kingsideAttack mate mateIn1
boKL2	8/5ppk/8/8/2p1b2p/2P1q2P/1Q4P1/5R1K w - - 4 45	f1g1 e3h3	1357	97	endgame mate mateIn1 pin
bp2Vm	3kr3/3b1p1R/3Q2p1/p1P5/3PP3/5PP1/3q2P1/6K1 w - - 0 50	h7f7 d2e1 g1h2 e8h8 f7h7 h8h7	1294	94	endgame mate mateIn3
bpBws	8/pb3pkp/1p2pq1P/2n1Q1p1/2P5/5NN1/PP3PP1/6K1 b - - 0 24	g7g6 f3h4 g5h4 e5h5	1636	96	endgame mate mateIn2 sacrifice
bpYL6	7r/5kp1/4p3/P1NpPn2/1P1P3p/2R1b3/6PP/3R3K w - - 3 32	c3d3 f5g3 h2g3 h4g3	973	96	discoveredAttack endgame mate mateIn2 sacrifice
brHgw	1k6/p1p5/KpPp1p2/P2P1P1p/7P/8/8/8 w - - 1 41	a5b6 a7b6 a6b5 b8a7 b5b4 a7a6 b4a4 b6b5	1274	98	endgame pawnEndgame zugzwang
bsN7j	5rk1/1pr1bpp1/p4n1p/3p1P2/3Q3B/qPN5/P4PPP/3RR1K1 w - - 4 23	c3d5 f6d5 h4e7 d5e7	1775	93	
bsTE5	1k1R1r2/1q3r2/p3Q3/1p2P1B1/2p4p/2P5/P4bP1/R6K b - - 2 36	b8a7 d8f8 f7f8 a1f1	2418	96	
bvgQ9	8/1p2k3/1p2p3/PP1pPp1p/1K2nPpP/6P1/4N3/8 b - - 0 59	d5d4 a5a6 d4d3 e2c3 b7a6 b5a6 d3d2 c3d1	2106	92	defensiveMove endgame knightEndgame
bwVDs	r1b2r1k/1pqnb1p1/2n1p3/p2pPB2/P2P3N/8/1PQN1PPP/R1B1R1K1 b - - 0 15	e6f5 h4g6 h8h7 g6e7	2242	92	fork
bzdx3	N2q3k/1b4p1/ppn4p/8/P2p1rQ1/1N1RbP2/1P2B1PP/3R3K w - - 2 27	g4h5 f4h4 h5f5 b7c8	2193	90	
c0xf6	r5k1/pp4pp/2nb1r2/2p1p3/3pP2q/8/PPP2PBN/R1BQR1K1 w - - 2 17	d1g4 h4f2 g1h1 f2e1	1251	86	fork
c10Ss	8/kpp5/p2p3p/1q2p3/3bP3/3P4/PPQ5/RK3R2 w - - 4 32	c2c4 b5b2	609	100	endgame mate mateIn1
c18Au	r2q1rk1/pR2bppp/8/2Ppn3/6b1/2PB1N2/P4PPP/2BQ1RK1 w - - 0 14	d3h7 g8h7 d1c2 e5g6	2178	93	
c1kh2	r1b2rk1/p3p1bp/2p2np1/q2p4/2B5/2N1B3/PPPQ1PPP/2KR3R w - - 0 15	c3d5 a5d2 d1d2 c6d5 c4d5 f6d5	1772	98	intermezzo queensideAttack
c1xUP	5r2/5p1k/1p3Qpp/8/6R1/1P1q3P/2r3P1/5R1K w - - 3 33	g4g6 d3g6 f6g6 h7g6	1657	90	endgame
c2I8s	r3k2r/2ppq3/3b3p/n4Qp1/3PN3/P3PPP1/1P3P2/2KR3R b kq - 2 21	e7f7 e4d6 c7d6 f5e4 f7e7 e4a8	1931	91	clearance fork
c2Kfd	r3k1nr/pp2pp1p/1qp3p1/4b3/2P3b1/1PN2N2/P5PP/R1BQKB1R w KQkq - 0 11	c1d2 e5c3 d2c3 b6e3	1248	94	
c3YEV	r2q3r/ppp2kpp/1bn1Rn2/3p2N1/3P4/1Q6/PP3PPP/RNB3K1 b - - 1 14	f7f8 e6c6 b7c6 g5e6 f8f7 e6d8	2037	92	fork sacrifice
c5s6X	3r3k/3B2pp/8/p1Q1B3/Pp3p1q/5PbP/6R1/6K1 b - - 0 38	d8d7 c5f8	893	98	endgame mate mateIn1
c7zFl	6k1/pp4p1/5p1p/8/3rP3/1Prp1PPP/P2Rn2K/3RN3 b - - 0 35	c3c2 e1c2 d3c2 d2d4 e2d4 d1c1	2185	93	endgame
c8bBf	8/p4rp1/1p1R4/n1p5/2P3Pk/3B3P/P5K1/8 b - - 4 40	f7e7 d6d5 g7g6 d3g6 e7e2 g2f3	1698	91	endgame
cAGZL	2k5/1p5p/p2Q4/4pq2/8/P7/3R1KN1/7r w - - 3 51	f2e3 h1h3 e3e2 f5f3 e2e1 h3h1	1750	97	endgame exposedKing fork mate mateIn3
cB76j	8/2k5/2p1n1B1/p1p1p3/2P5/P7/1PK3P1/8 w - - 2 38	c2d3 e6f4 d3e4 f4g6	740	100	endgame fork
cCPQu	r1bq1b1r/pp2k1pp/2np1p1B/4p2Q/2BpP3/7N/PPP2PPP/RN3RK1 b - - 0 9	g7h6 h5f7	767	100	mate mateIn1
cCdAU	r5k1/p3p2p/1p1qPrp1/2p1bp2/2P5/5P1P/PP2QP2/R1BR2K1 b - - 4 19	d6e6 d1e1 g8f7 e2e5 e6e5 e1e5	2504	91	quietMove
cCp4L	2rr2k1/4qpp1/p3p2p/1p2Nn1Q/3PN1P1/2P4R/PP3P1P/6K1 b - - 0 28	g7g6 e5g6 f7g6 h5g6 e7g7 g6e6	2168	90	deflection kingsideAttack
cDFgv	8/8/5p2/p7/P6b/1k1K4/2R5/8 b - - 1 54	b3a4 c2c4 a4b3 c4h4	1039	100	endgame fork
cF7gK	6r1/pp3Q2/2p4k/4q2p/2P1P2b/4P1rP/PP1R2P1/5R1K b - - 0 30	h4e7 f1f5 g3h3 g2h3 e5e4 h1h2	2298	92	defensiveMove
cGEVJ	5rk1/1P3ppp/p3p3/P2pb3/8/5N2/2r2PPP/3R1RK1 b - - 1 26	e5c7 d1c1 c2c4 f3d2 f8b8 d2c4	2362	92	endgame
cGHUA	rr4k1/6pp/b1n1pq2/1NPp1p2/QP6/4P3/5PPP/1BR2RK1 w - - 3 30	b1d3 a6b5 d3b5 a8a4	1153	95	discoveredAttack
cGw2B	2k1r2r/1pp2Qp1/p2b4/4q2p/8/P7/1PPB1PPP/R2R2K1 w - - 1 19	d2f4 e5f4 f7f4 d6f4	1273	92	
cHHrI	2r2k1r/pp1n1ppp/4p3/3p1b2/2nP1P2/1Q2P2P/P5P1/RN3KNR w - - 0 17	b1d2 c4d2 f1f2 d2b3	788	97	fork hangingPiece
cI1PZ	8/4k3/3p4/3P2p1/3P2P1/2R5/r1p2PK1/8 w - - 3 45	g2f3 a2a3 c3a3 c2c1q	1220	92	advancedPawn deflection endgame pin promotion rookEndgame
cI9Pa	7k/1p2q2p/1pp5/3p1p1Q/2n5/1KP3P1/Pr3P2/1R5R w - - 0 32	b1b2 e7a3 b3c2 a3b2 c2d3 b2d2	1148	95	endgame mate mateIn3
cIALv	5r1k/pp5p/6p1/4b1P1/1Q2p3/P5nP/KPR1pq2/4R3 b - - 5 35	f2e1 b4f8	661	100	endgame hangingPiece mate mateIn1
cIM74	r4rk1/p1p3p1/2p2q1p/3bN3/1P1P4/8/1P3PPP/RN1QR1K1 w - - 2 18	b1c3 f6f2 g1h1 f2g2	1035	97	kingsideAttack mate mateIn2
cIbPs	8/2k2r2/3p1r2/1p1Pp3/1P4Q1/8/P1K2P2/8 w - - 5 44	c2c3 f6f2 c3d3 f7f3 g4f3 f2f3	2307	92	endgame queenRookEndgame
cLqR8	2r3k1/pb4qp/4N1p1/6P1/2n5/4Q3/PPp1P3/K4RR1 w - - 2 32	e3b3 c4d2 e6g7 d2b3 a2b3 c8c6	2350	91	defensiveMove fork sacrifice
cMYHa	8/6kr/6p1/5p2/5PP1/2R2K2/8/8 w - - 1 79	g4g5 h7h3 f3e2 h3c3	651	100	endgame rookEndgame skewer
cNAoH	1k3r2/p1pR2pp/2p5/4b3/N7/5P2/PPK4P/8 b - - 3 22	f8f3 d7d8 b8b7 a4c5 b7b6 c5d7 b6a6 d7e5	1361	98	endgame fork
cOOBY	r5k1/p2q1ppp/QpN1pb2/3n4/3P4/4P3/P2B1PPP/2R3K1 w - - 7 23	c6a7 d5e7 a6b6 d7a7 b6a7 a8a7	2551	93	quietMove
cOesR	rn3r2/2q2p1k/p1pp1Bp1/1p2P2n/3P4/2N4Q/PPP3PP/5R1K b - - 0 20	c7d7 g2g4 d6e5 f1f5 d7f5 g4f5	2471	93	pin
cPAKy	N1bk3r/pp4p1/3p4/2b1p3/4B3/5n2/PPP3PP/R1B2RK1 w - - 0 15	g1h1 h8h2	883	100	arabianMate kingsideAttack mate mateIn1
cPSaU	r2qkbnr/ppp2p2/3p3p/4N1p1/2BnPpb1/2N5/PPPB2PP/R2Q1RK1 b kq - 1 9	g4d1 c4f7 e8e7 c3d5	1384	85	mate mateIn2
cPqDx	r4rk1/ppp2ppp/2np2q1/4pb2/1PB1n3/P1P1QN2/1BP2PPP/3R1RK1 b - - 0 13	f5h3 f3h4 g6g4 e3h3 g4h3 g2h3	1538	93	discoveredAttack
cQGbU	4r1k1/pp3pP1/2p3r1/3p4/3P1Q2/2P3PP/PP3R1K/3q4 b - - 4 39	e8e7 f4h4 g6g7 h4e7	1935	89	endgame
cQmtQ	r1bqk2r/1pp2ppp/pbnp1n2/4p1B1/B2PP3/2P2N2/PP3PPP/RN1Q1RK1 b kq - 1 8	h7h6 g5f6 d8f6 d4d5 c8d7 d5c6	1896	93	
cQrg3	7k/p5pp/1p2P3/8/1q6/3p2P1/3N1Q1P/2n4K b - - 0 34	h7h6 f2f7 b4d2 e6e7 d2e1 h1g2 e1e7 f7e7	2527	96	advancedPawn endgame sacrifice
cSQUf	rnb2rk1/1p4pp/pq2p3/2bpN3/P3p3/2N5/1PP1QPPP/R1B2RK1 b - - 3 12	c5f2 f1f2 b6f2 e2f2 f8f2 g1f2	692	100	
cUHpY	r4rk1/pp3ppp/2p5/8/3Pn2q/2P4B/PP4PK/R1BQR3 w - - 3 17	d1g4 h4e1 c1h6 e1g3 g4g3 e4g3 h2g3 g7h6	1626	97	hangingPiece
cXa5E	1r3k2/p1p2pp1/Q2bp2p/8/3Pq3/2P1B1P1/P4P1P/4R1K1 w - - 0 24	a6a7 b8a8 a7a8 e4a8	1725	94	endgame trappedPiece
cZ4yc	2Q5/4prkp/3p4/1q1P2P1/2n2p2/R7/1PP5/1K5R w - - 10 42	a3b3 c4d2 b1c1 d2b3	854	100	endgame fork
cZShZ	2kb4/1p3ppp/p1p2n2/4B3/8/6PP/PP2BP2/6K1 b - - 1 23	f6e8 e2g4 f7f5 g4f5	802	100	doubleBishopMate endgame mate mateIn2
cZizY	rn2r3/5p1k/p1p4p/1p6/4N3/PB3P2/1PP2P2/5KR1 b - - 2 26	e8e7 e4f6 h7h8 g1g8	955	97	arabianMate endgame mate mateIn2
cafaM	r6r/p2Q3p/4pq2/1pP1kp2/1b1nn3/2N5/1B3PPP/2R1KB1R b K - 0 18	f6h6 f2f4 e5f6 d7d4	2070	90	deflection
cbEt2	5r2/1bp1qpkp/pp1p2pn/3P1P2/2P3P1/2NQ4/PP4BP/5R1K b - - 0 22	b7c8 f5f6 e7f6 f1f6	1356	87	fork
cdGZB	8/R1Q5/6pk/7p/3Pq1n1/2P1P3/6KP/R7 w - - 1 29	g2h3 e4f3 c7g3 g4f2 h3h4 f3f6 g3g5 f6g5	2332	93	endgame exposedKing mate mateIn4
cdqqn	2k2rr1/1p2b2B/p1p1p3/2PpB1Pp/1P1P2n1/4P3/1P2K3/6RR b - - 0 27	g4e5 h7g8 f8g8 d4e5	1604	94	intermezzo
cebko	2kr3r/pp3pbp/1qp1N1p1/3n4/4p3/1P2B3/P1PQPPPP/2KR1B1R b - - 0 15	d5e3 d2d8 h8d8 d1d8 b6d8 e6d8	1973	90	queensideAttack
ceili	r6r/2q3kp/p2b1pp1/1p1Q1b2/3P4/P7/BP2RPPP/4R1K1 b - - 1 22	h7h6 e2e7 c7e7 e1e7 d6e7 d5f7	1474	94	mate mateIn3
cfdr7	r2qkb1r/p2nnp2/4p1p1/2p1P2p/4NP1P/4B3/PPPQ2P1/2KR1R2 b kq - 0 15	e7f5 d2d7 d8d7 e4f6 e8d8 d1d7	1998	97	attraction fork sacrifice
cg4Lo	7r/5pbp/Q1p1k1p1/3qp3/6b1/3PB3/PPP2P1P/R3KR2 w Q - 0 19	c2c4 d5d3 a6c6 e6f5 c6d7 d3d7	2318	89	
cgbvc	1n6/1Q4pp/p2qp1k1/1b1p4/8/2R4P/P4PP1/6K1 b - - 3 30	b5c6 c3g3 d6g3 b7b1 g6f7 f2g3	2218	95	endgame exposedKing intermezzo sacrifice
cgphr	5bk1/R2R4/1p4r1/8/5p2/1P3PPb/1P5P/6K1 w - - 0 36	d7h7 f8c5 g1h1 g6e6	2526	92	defensiveMove endgame pin
ch1dH	2kr3r/1p1nbpp1/R1p1pnp1/2Pp4/1P1P1BP1/4PP1P/1P1N4/4KB1R b K - 0 17	b7a6 f1a6	634	100	bodenMate mate mateIn1 queensideAttack
chZSh	8/1p3n2/4N1p1/4PpPP/2kp1K2/8/8/8 b - - 0 44	d4d3 h5g6 f7d8 e6d8 d3d2 g6g7 d2d1q g7g8q	2310	91	advancedPawn endgame knightEndgame promotion
ciMbu	r5k1/pbq1brpp/1pp1Q3/3p4/2PP4/1N4PB/PP3P1P/R4RK1 w - - 1 23	c4d5 b7c8 e6f7 g8f7	1669	86	
ciPRC	4r1k1/1b1n1ppp/pq6/1pP5/6n1/5NB1/P1Bp1PPP/RN4K1 w - - 0 20	c5b6 e8e1 f3e1 d2e1q	1335	94	advancedPawn kingsideAttack mate mateIn2 promotion
cj3aO	r1b1k2r/ppp4p/5pp1/2b1p3/3q4/2N2Q2/PPP2PPP/R1B1R1K1 b kq - 1 13	c8g4 f3f6 d4f2 f6f2 c5f2 g1f2	1816	92	
cj9zf	rnbqk2r/ppp2ppp/8/3p4/1bPP4/6P1/PP1NP1BP/R2QK1NR b KQkq - 0 8	d5c4 d1a4 b8c6 g2c6 b7c6 a4b4	1772	92	fork
cjwKQ	8/6p1/2p1p1p1/2k2pP1/2PN1n2/3PK2P/8/8 w - - 0 52	d4c6 f4g2 e3f2 c5c6	2519	92	endgame intermezzo knightEndgame
cl1MI	r1b1k2r/pp1p1ppp/2p5/2b1p3/2P1P3/1P3q2/PB1PN2P/R2QKB1R w KQkq - 0 11	e2g3 c5f2	889	100	mate mateIn1
clK9q	4Q3/p1p2ppk/7p/2pp3q/4K3/2P1P3/1P3R1P/8 w - - 0 38	e4d3 h5d1 f2d2 c5c4 d3d4 d1d2	1408	99	deflection endgame
cmBe2	8/8/1p6/1kpp4/2PP4/1P1K4/8/8 b - - 0 51	d5c4 b3c4 b5c6 d4d5 c6d7 d3e3	2536	91	defensiveMove endgame pawnEndgame
cnBKF	1r6/2p2k2/2Pp3p/1P1Pp2P/2P1P3/2b5/6N1/R5K1 w - - 1 35	a1a7 c3d4 g1f1 d4a7	972	98	endgame fork
cnrrz	r3q1k1/p1Q3p1/1p2p3/3pP2p/8/P6P/1P6/K4R2 b - - 3 31	e8c8 c7f7 g8h7 f7h5 h7g8 h5f7	1209	93	endgame
coSSU	r4rk1/pp3ppp/2nq4/2p5/3p2b1/1P1P1N2/P1P1QPPP/R1B1R1K1 b - - 0 14	a8e8 e2e8 g4e6 e1e6 d6e6 e8e6	1580	86	
coV4H	2r2r1k/3R2pp/3Q1pq1/p7/P7/3p4/1Pn2BPP/2R4K b - - 2 30	c2b4 c1c8 f8c8 d7d8 g6e8 d8e8	939	96	
cqgIN	8/8/p1p5/2P1k1p1/1P5p/P4K2/7P/8 b - - 0 37	e5f5 h2h3 g5g4 h3g4 f5g5 a3a4	1743	94	defensiveMove endgame pawnEndgame quietMove
crSr8	4rrk1/pp2bp1p/5qpQ/3B4/2p3R1/5P2/PPP4P/2K3R1 b - - 5 23	e7c5 g4g6 h7g6 g1g6 f6g6 h6g6	1502	92	kingsideAttack pin sacrifice
crfP1	6rk/ppp5/3p3p/3P1Q2/2P5/P1Nn1R1P/1P1q2P1/7K w - - 6 32	f5d3 d2g2	1123	97	endgame mate mateIn1
csYX3	r7/1pp1kp1R/3p3R/p4P2/2P1P3/P2K2r1/1P6/8 w - - 1 33	d3d4 c7c5 d4d5 g3d3	834	89	endgame mate mateIn2 rookEndgame
ctER0	3r3k/1p4pp/2p5/2P1Rq2/1p6/1Q2K1B1/1P3PP1/r7 b - - 5 30	d8d3 b3d3 a1e1 e3d4 f5d7 d4c4 b7b5 c5b6 e1c1 c4b4	2522	95	enPassant endgame
cuA7W	r3k2r/pppq3p/2np1p1B/8/3P2PP/3B1P2/PP3K2/R2Q3b b kq - 3 18	e8c8 d3f5 d7f5 g4f5	969	96	pin
cuYnd	3r2k1/4b2p/4p3/5pp1/B7/6P1/1P1q1PQK/1R6 b - - 0 40	e7c5 b1d1 d2d1 a4d1	1268	88	endgame
cudET	1r3rk1/5ppp/p2p4/2qNn3/4P2R/1p5P/PP1Q2P1/1B5K b - - 1 28	g8h8 d5f6 g7f6 d2h6 c5c1 h6c1	1934	92	sacrifice
cvYVt	r4rk1/1p1b1pp1/p2p3p/2pQ4/1qB1PP2/1Pb1B3/P1P3PP/2KR3R w - - 1 19	e3d2 b4a3 c1b1 a3b2	987	97	mate mateIn2 queensideAttack
cw79j	r1b2rk1/1p3ppp/p3p3/3p4/2n4q/PBP1QPn1/2P2B1P/R3K1NR w KQ - 4 16	b3c4 g3f5 f2h4 f5e3 c4d3 e3g2 e1f2 g2h4	2016	91	exposedKing fork
cwf2a	r4r1k/6pp/2Rp2q1/4b3/4P3/1Q4P1/P3NPKP/5R2 w - - 1 28	c6c1 g6e4 f2f3 e4e2 f1f2 e2a6	1669	94	fork
cxPGU	r1bq2k1/ppp2ppn/1b5p/1P2r3/P7/2NB1Q1P/1B3PP1/R4RK1 b - - 1 18	b6d4 d3h7 g8h7 a1d1	2399	91	
cyMVW	2R5/5pkp/3p2p1/Q1nPp3/K3P3/1P3P2/1q6/8 w - - 4 34	a4b4 b2b3	1355	88	endgame mate mateIn1
cyPZf	rnb1k1nr/pp1p1pbp/1qp1p1p1/8/3PP3/P1N1BN2/1PP2PPP/R2QKB1R b KQkq - 1 6	b6b2 c3a4 b2a1 d1a1	1403	93	trappedPiece
czrQp	r1b1k2r/pp3p2/2n4b/q1B1p2P/1P1pQ3/8/P1P1PPP1/R3KB1R b KQkq - 0 16	c6b4 e4e5 c8e6 e5h8 e8d7 h8d4 b4d5 c2c3 a5c3 d4c3	2224	90	fork
d05DI	4rb1k/1p1n2pp/1qp2r2/p3p1N1/P2pQ3/1B1P4/1PP2PPP/1K1R1R2 b - - 2 18	d7c5 e4h7	611	100	kingsideAttack mate mateIn1
d0Ytb	2r1r3/p4pk1/1p3qpp/3p4/1P1N1P2/P2Rn2P/1Q4P1/6K1 b - - 1 28	e3c4 d4f5 g6f5 d3g3 g7f8 b2f6	1650	96	deflection pin sacrifice
d0oRl	8/2Q3pk/1P2p1np/3pP3/1q6/4B3/5PPP/1r1R2K1 w - - 5 33	d1c1 b4e1 c1e1 b1e1	1283	92	backRankMate endgame mate mateIn2 sacrifice xRayAttack
d0zWi	r4r2/8/6k1/p2P1p2/1p6/5q2/PBB2P2/R4KR1 b - - 1 31	g6f7 g1g7 f7e8 c2a4 e8d8 g7d7 d8c8 a1c1	2000	96	exposedKing
d2URR	r3k2r/1p3ppp/p2bp3/N1pq4/4Rn2/3P4/PPP2PPP/RN1Q2K1 b kq - 4 13	f7f5 b1c3 f5e4 c3d5	1964	92	trappedPiece
d3Ilf	Nnb3nr/p2k2b1/1pppq3/5QBp/2PP2p1/3B4/PP3P2/4RKNR b - - 2 18	e6f5 d3f5	839	99	mate mateIn1
d4N8g	8/kpR3p1/p4b1p/P7/1N5P/2p3P1/3r1P1K/8 b - - 2 47	d2b2 b4c6 a7a8 c7c8	866	97	endgame mate mateIn2 pin
d5Cvr	7r/5kpp/pq1b4/3p1PB1/1np5/5Q1P/PPP1R1K1/8 b - - 0 25	d5d4 f3h5 f7g8 e2e8 d6f8 g5e7	2570	94	
d5KCV	6k1/p1p3pp/Q1p2p2/8/3P4/B1P4P/b4PPK/4q3 b - - 3 25	e1c3 a6c8 g8f7 c8d7	2329	86	endgame
d5NPn	r5k1/ppn2p1q/6p1/3Pb1Q1/2P1p1P1/P7/1P3P1P/R1B1R1K1 w - - 5 27	e1e4 h7h2 g1f1 h2h1 f1e2 h1e4	1016	100	fork
d5P2V	2Rkr3/p2b1p1p/3Bp1p1/4P3/q2p1P2/P7/6PP/2Q3K1 b - - 4 34	d7c8 c1c7	992	99	endgame mate mateIn1
d6HVi	b2r2k1/1q2bpp1/5n1p/1p1P4/2p2B2/2N4P/1P2QPP1/1B1R2K1 w - - 1 24	d5d6 b7g2	643	94	kingsideAttack mate mateIn1
d9EWt	2kr3r/1pp2pp1/1b3n2/Pp2q3/1P6/2N1PQP1/5P2/R2R1K2 w - - 0 25	a5b6 d8d1 a1d1 e5c3 f3f5 c8b8	1824	88	
d9dai	8/1Bp1k3/4p3/p3P3/2P1K1p1/5p1r/PP4R1/8 w - - 0 40	g2f2 g4g3 f2f3 g3g2 f3h3 g2g1q	1167	100	advancedPawn endgame promotion
dAA7l	1r3rk1/5ppp/4pq2/pB1p4/P2Pn3/2N1Pb2/1PQ2PPP/R4RK1 w - - 0 16	g2f3 f6g6 g1h1 e4g3 h2g3 g6c2	1884	92	discoveredAttack
dAlJJ	3q3r/pp3k2/2p2Pp1/3pQ3/4b3/N1P2PP1/PP5r/4RRK1 w - - 0 26	f3e4 d8b6 e5d4 b6b2 f1f2 h2f2 d4f2 h8h1 g1h1 b2f2	2407	90	deflection exposedKing kingsideAttack
dAzNG	1k1r1b1r/1pp2Qpp/p1q1p3/3n4/8/1PN1P2P/PB1P1PP1/R3K2R w KQ - 1 13	e1g1 d5f6 c3e2 d8d7 e2d4 d7f7 d4c6 b7c6	2085	89	quietMove trappedPiece
dBuMj	4k1nr/p1pn2pp/3p4/2b1pb2/8/2N5/PPPPNPqP/R1BQK2R w KQk - 0 9	h1g1 g2f2	878	96	mate mateIn1
dCiKf	r3r1k1/2q2pn1/8/ppn3Q1/2bN1NP1/2P4P/1P3P2/R3R1K1 b - - 4 28	c5e4 e1e4 e8e4 f4h5	2200	97	sacrifice
dD4ll	8/p1pQ3p/6pk/5r2/1P1b3q/1B6/PP4PP/4R2K w - - 10 35	g2g3 f5f1 e1f1 h4e4 f1f3 e4f3	1502	97	endgame mate mateIn3 sacrifice
dE7Xk	8/r5k1/5p1r/4p2P/1p2P2K/1B1P4/2P3R1/8 b - - 7 43	g7f8 g2g8 f8e7 g8g7 e7d6 g7a7	908	98	endgame exposedKing skewer
dFRGb	6k1/p7/1pr4p/2p1p1P1/2Ppq3/6Q1/PP5K/6R1 b - - 0 33	h6g5 g3g5 c6g6 g5g6 e4g6 g1g6	1543	96	endgame exposedKing
dGgL7	r1b2b1r/p5pp/kp2Pq2/3BB3/6Q1/8/PPP2PPP/2K4R b - - 2 18	f6e5 g4a4	1121	92	mate mateIn1
dH2D5	8/6pk/7p/5R1P/5P2/2p3P1/r7/5K2 w - - 1 44	f1e1 a2a1 e1e2 c3c2	1797	95	advancedPawn endgame rookEndgame
dIEBx	r4rk1/pb1q1pp1/1p2pn1p/2b5/8/2NBBP2/PPPQ2PP/2KR3R w - - 2 15	d3h7 g8h7 e3c5 d7d2 d1d2 b6c5	1696	95	hangingPiece intermezzo
dIeA1	rn3rk1/1b4p1/p3pN1p/1p3p2/3q4/3B1Q2/PPP3PP/2KR1R2 b - - 1 18	d4f6 f3b7 b8c6 b7c6	1053	92	hangingPiece
dInAR	r1b4r/pp2kpp1/2p4p/4p3/2B1n3/2PRBP2/P1P3PP/2KR4 b - - 0 15	e4f6 e3c5 e7e8 d3d8	1106	99	mate mateIn2
dKhei	6k1/1p6/8/2r4p/p1pN1P2/P1P4P/1P4P1/4K3 b - - 0 39	g8g7 d4e6 g7f6 e6c5	731	100	endgame fork
dL3Rc	1r3r2/1p1n1ppk/p1p1Nn1p/3p1P2/8/6Q1/PqP2PPP/R4RK1 b - - 1 21	f8g8 e6g5 h6g5 g3h3 f6h5 h3h5	1289	94	mate mateIn3 sacrifice
dNAsu	2b2r2/Rp4p1/2p1p3/3pPkPp/7P/3N4/5PK1/8 b - - 2 30	f5g4 a7a4 d5d4 a4d4 g4f5 d4f4 f5g6 f4f8	1584	92	endgame skewer
dNYZr	1r4k1/Rp4pp/2p2p2/3p4/3PrP2/1q2P1P1/1P2R2P/5QK1 b - - 2 29	e4e3 a7a3 e3e2 a3b3	1603	95	endgame
dNexO	r3n1k1/1p3ppb/p4q1p/2p5/3n1NP1/P2P1N1P/BPP2PK1/R1Q5 w - - 5 21	c2c3 d4f3 g2f3 g7g5	1890	92	
dOJpB	4rrk1/pp3q2/5p1p/2pQR3/3p4/5N2/PPP2PPP/4R1K1 b - - 0 21	e8e5 d5f7 g8f7 f3e5 f6e5 e1e5	1661	86	attraction endgame exposedKing intermezzo kingsideAttack
dOO81	r1bqkb1r/pp3ppp/5n2/3p4/3N4/8/PP1NPPPP/R2QKB1R b KQkq - 0 9	f8b4 d1a4 c8d7 a4b4	1050	100	fork
dOe8y	3r4/1k5p/p1b1Bpp1/2q1n3/2N2Q2/8/1PP4P/2K1R3 w - - 0 31	c4e5 c5a5 e5d3 d8d3 c2d3 a5e1	2514	94	capturingDefender
dPJVT	2k5/p1p2p2/2pbp2r/8/2P3b1/1PB5/P2R1PP1/R5K1 w - - 0 22	a1e1 d6h2 g1f1 h2e5 f2f3 e5c3	2426	94	endgame
dQ3Pu	8/1KP2ppk/1R6/7p/8/8/8/2r5 b - - 0 65	c1c7 b7c7 h5h4 c7d6 h7g6 d6e5	2340	94	discoveredAttack endgame hangingPiece rookEndgame
dQyng	1br2rk1/pp3ppB/3q4/3p4/3P2bp/P1P1BN2/1P3P2/R2QR1K1 b - - 1 24	g8h7 f3g5 h7g6 d1g4	1506	96	discoveredAttack
dRaZd	r1bq1rk1/1p2b1pp/p7/5p1R/2B5/2P5/P4PPP/R1BQ2K1 b - - 1 16	g8h8 h5h7 h8h7 d1h5	1072	96	attraction kingsideAttack mate mateIn2 sacrifice
dUAYF	5r2/3qb2k/R2p1rpp/2pPpp1Q/1pP5/1P1P2N1/5PPP/R5K1 w - - 0 25	a6a7 d7a7 a1a7 g6h5	1464	92	
dUC80	8/pR2Q3/2pp2r1/6k1/2q5/7P/P4P2/7K b - - 4 35	g5h5 e7h7 h5g5 b7f7 c4f7 h7f7	2554	95	clearance endgame
dUwSl	2k4r/6p1/p7/1pP1R1B1/2p3P1/3q2np/PP2nQPK/R7 w - - 0 32	g2h3 g3f1 f2f1 d3g3 h2h1 h8h3 f1h3 g3h3	2340	94	clearance deflection fork mate mateIn4 sacrifice
dWYSi	2r3k1/p3Rpbp/6p1/3Q4/PP6/2q3PP/5P2/6K1 b - - 1 28	c3d4 d5f7 g8h8 e7e8 c8e8 f7e8 g7f8 e8f8	1271	98	endgame mate mateIn4
dZK2I	1k1rr3/1p1q1ppp/pP1b2n1/3p4/3P1nb1/B1P2N2/2QN1PPP/R3RBK1 b - - 7 18	g4f5 a3d6 d7d6 c2f5	1206	100	
darmi	2k3r1/1pp2Q2/pr6/4P1q1/8/2P2BpK/PP3P1P/R4R2 w - - 0 28	f2g3 b6h6 f3h5 h6h5 f7h5 g5h5	1994	96	
dbk9H	r3r1k1/pbp3p1/2qp1p1p/2p2P1Q/2P3R1/P2B3P/1P4P1/1R5K w - - 5 24	h5h6 c6g2 g4g2 b7g2 h1g2 g7h6	1182	88	kingsideAttack sacrifice
ddLU5	8/3K4/pkr5/1r4P1/8/4Q3/8/8 b - - 6 64	c6c5 d7d6 b6b7 e3c5 b5c5 d6c5 b7c7 g5g6 c7d8 g6g7	2518	92	advancedPawn endgame queenRookEndgame
ddsKp	2k3r1/1pp3pp/p4p2/2p1r3/4P1RP/P2P4/1PP3P1/4R1K1 w - - 0 20	g2g3 g7g5 h4g5 f6g5	2181	92	endgame rookEndgame
ddxY7	2r5/1p3ppk/1n5N/pP1p4/P5Q1/b1q4P/5PPB/5RK1 b - - 2 29	g7h6 g4f5 h7g8 h2e5 c3c2 f5f6 c2h7 f6b6	1894	93	
dem83	2B5/5b2/2p2p2/1p1k1P2/1P1P4/4K3/8/8 b - - 16 45	d5c4 c8e6 c4c3 e6f7	827	99	bishopEndgame endgame
dghr7	2r2k2/pb3r2/1p2ppR1/8/8/qP1P2Q1/P4PPP/4R1K1 b - - 2 23	c8c2 g6g8 f8e7 g3b8 b7c8 g8c8	2324	91	
djLxJ	rnb4r/p2k1Npp/2p1p3/q2nP3/P2P4/Q2B4/2pN1PPP/R3K2R b KQ - 2 16	h8e8 a3d6	759	100	mate mateIn1
djnDh	r3brk1/pp4pp/2pbp3/3pNp2/2PP4/1P1B1P1n/PB4PP/R2Q1RqK w - - 6 18	f1g1 h3f2	798	100	mate mateIn1 smotheredMate
djxVf	6k1/2q2pp1/p6p/3B4/8/2p5/nP2QPPP/6K1 b - - 0 30	a2b4 e2e8 g8h7 d5f7 c7f7 e8f7	2220	94	deflection endgame
dlbFi	rnbk3r/pppp1B1p/8/2b1N3/3PnBpq/8/PPP3PP/RN1Q1K1R w - - 0 10	f4g3 e4g3 h2g3 h4h1	1075	88	
dnfrI	8/4K1k1/8/6p1/5nP1/8/4p3/4R3 w - - 0 68	e7d6 g7f6 d6d7 f6e5 d7e7 f4d5	2306	91	endgame zugzwang
dnsrP	2b5/2p5/1pp1k2p/4rNpP/4p1P1/2P5/PP2K3/5R2 w - - 2 27	f5h6 c8a6 e2e1 a6f1	796	100	endgame skewer
dpdfT	8/8/6p1/7p/7P/p5P1/8/k1K5 b - - 6 48	a3a2 c1c2 g6g5 h4g5 h5h4 g5g6 h4h3 g6g7 h3h2 g7g8q h2h1q g8g7	1861	94	advancedPawn endgame mate mateIn5 pawnEndgame promotion zugzwang
dpmG6	8/1p3kpp/2p1p3/PpPp2b1/1K6/4P2P/6P1/4R3 w - - 6 33	e3e4 g5d2 b4b3 d2e1 a5a6 b7a6	882	99	endgame fork
dt3Y7	1r4k1/2p2pp1/p4q1p/2p5/Q1P5/P2PP1P1/r4PKP/4RR2 w - - 6 25	e1a1 a2a1 f1a1 f6a1	1523	93	endgame
dtmNB	6k1/p4p2/2p1p1bQ/7P/6N1/8/Pq3PPK/3r4 b - - 0 31	g6h7 g4f6 b2f6 h6f6	827	100	endgame
dwHK8	1K6/Pb5p/2p3p1/2P5/7k/8/8/8 w - - 2 49	a7a8q b7a8 b8a8 g6g5 a8b7 g5g4 b7c6 g4g3 c6b7 g3g2	832	99	advancedPawn endgame quietMove
dwTXO	3r2k1/pb6/2q1p1pp/2p1bp2/4N3/2P2PP1/PPB1Q2P/4R1K1 w - - 0 24	e4d2 d8d2 e2d2 c6f3 e1e5 f3h1 g1f2 h1h2	2104	92	capturingDefender deflection kingsideAttack sacrifice
dxXtH	r4rk1/2p2p1p/pbR5/1p2Pnq1/8/1BP3B1/PP2Q1PP/6RK w - - 1 24	e5e6 f5g3 h2g3 g5h6 e2h5 h6h5	1534	91	kingsideAttack mate mateIn3
dykkP	6rk/1p3Rbq/p2P4/2p3Q1/4p3/5R2/1P4PP/6K1 w - - 0 37	f3h3 g7d4 g1f1 h7h3 g2h3 g8g5	2372	93	endgame
dzI9I	1rb2r1k/p5p1/2nq1p1p/3BpPP1/P1Pp3P/1p4B1/1PP1Q3/2K3RR b - - 0 25	b3c2 g5h6 g7h6 e2h5	1953	90	
e0eYZ	r2qR2k/pp5p/3p2pP/8/5Q2/3b4/PP3PP1/6K1 b - - 2 26	d8e8 f4f6 h8g8 f6g7	1268	92	endgame mate mateIn2
e1Lid	5rk1/5pbp/R2Q2p1/2B5/4q3/7P/2r2PP1/5RK1 b - - 0 24	g7e5 d6f8	699	99	mate mateIn1
e2Oag	4r1k1/3q2pp/p1p5/2P5/1P1b4/P2Q1PNb/5P1B/1R4K1 w - - 0 28	b1d1 e8e1 d1e1 d4f2 g1f2 d7d3	1558	94	discoveredAttack sacrifice
e2ajw	r5r1/pp5k/2p2q1p/4bP1Q/4P2P/3P4/P1P1K3/5RR1 b - - 3 27	b7b5 g1g6 g8g6 f5g6 f6g6 h5e5	2338	91	
e2arf	k2rr3/pp6/8/2q5/8/3Rp1Q1/PPP3PP/2K4R w - - 3 23	h1d1 d8d3 d1d3 e3e2	1509	88	advancedPawn endgame pin
e4Exn	3r4/6kp/5pp1/p2Pp3/NpBbnP1P/1P1R1KP1/8/8 w - - 0 37	f3e4 f6f5 e4f3 e5e4 f3e2 e4d3	875	100	endgame fork
e50rx	5r1k/p3P1pp/1p6/2n5/3R2P1/Pr2P1BP/2K3b1/2R5 b - - 0 34	f8c8 d4d8 c8d8 e7d8q	981	100	advancedPawn backRankMate mate mateIn2 promotion
e58pR	3r4/5ppk/5n1p/pN2p3/4b3/P2N1PP1/1P1R1KP1/8 w - - 0 32	f3e4 f6e4 f2e2 e4d2	948	91	endgame fork
e6Yt3	2kr1bnr/1bp5/3p1p2/1Q2pq1p/1n2N1pP/1B2P1B1/1PP2PPN/R4RK1 b - - 0 19	f5e4 a1a8 b7a8 b3e6 d8d7 b5d7	2293	91	queensideAttack sacrifice
e7MnV	4Q3/1b3rpk/p3N1q1/7p/1Pp5/2Pn2B1/6PP/R5K1 b - - 3 35	h5h4 e8f7 g6f7 e6g5 h7g8 g5f7	1886	95	attraction fork sacrifice
e8Frk	r2qr1k1/2p2pp1/4p3/1p6/pB1n3P/P4Q2/BPP5/2K3RR w - - 0 26	f3g3 d4e2 c1b1 e2g3	876	99	fork
e8Jkh	8/pkp5/1p1p2N1/8/4Pn1p/2P5/PP1N1r2/2K1R3 w - - 5 36	e1f1 f2f1 d2f1 f4g6	1739	92	endgame
e8KEh	r1bqnrk1/1pp3bp/3p2p1/p1nPpp2/2P1P3/2N1BN2/PPQ1BPPP/R3R1K1 w - - 0 12	f3g5 f5f4 e3c5 d8g5	1750	92	interference
e8Ve4	8/kp6/p6p/P1p2P2/3q3P/3p2K1/3Q2P1/8 b - - 0 49	c5c4 d2f2 d4f2 g3f2	1781	95	endgame
eAH6w	3rr1k1/p3bppp/bpn5/2p5/8/P1BP1NP1/1P3PBP/R2R2K1 b - - 6 18	d8d3 d1d3 a6d3 f3e1 d3b5 a3a4 b5a4 a1a4	1935	95	
eAspG	1R6/8/8/1P2Bp2/4bP2/4K3/8/1r3k2 w - - 1 47	b5b6 b1d1 b8d8 d1d8	2110	91	endgame quietMove
eBbqV	k4r2/1p6/pP6/K1p1Q1p1/P7/4R3/3p1P2/2q5 b - - 1 46	f8b8 e5b8 a8b8 e3e8	1296	95	attraction endgame mate mateIn2 sacrifice
eBhqa	r4rk1/1p1n1ppp/p2qp3/P7/3PN2b/5Q2/1P1B1PP1/2R2RK1 b - - 0 20	d6d4 d2c3 d7e5 c3d4 e5f3 g2f3	1764	89	
eE4ky	5r2/pp1b1kp1/1n1Qp3/3p4/4pN2/2B3q1/PPP5/1K3R2 b - - 1 25	f7g8 d6f8 g8f8 f4g6 f8g8 g6e7 g8h8 f1h1 g3h2 h1h2	2251	94	attraction doubleCheck mate mateIn5 sacrifice
eEAHM	r1b1k2r/pp3ppp/2np4/2p2P2/3qP2b/2NP4/PPP3BP/R2Q1KNR w kq - 1 12	g1f3 d4f2	773	100	mate mateIn1
eENgV	R5k1/4p2p/6p1/1pb2p2/7P/3r1N2/2r2PP1/1R4K1 b - - 2 27	g8f7 f3e5 f7g7 e5d3	943	93	endgame fork
eGCe5	6rr/1ppqp1bp/p2p1k2/3P1p1Q/3NnP2/1P6/P1P3PP/R1B2RK1 b - - 0 18	d7e8 h5f5	1005	98	mate mateIn1
eGE9L	1k4rr/1p3p1p/p3bp2/2Q5/2P1P3/1Pq2B2/P4PPP/R2R2K1 w - - 3 22	c5d4 c3f3 d4d6 b8a8 d6f8 g8f8	1677	92	pin
eGFjM	2r2k2/5R2/4pK2/4Np2/8/8/p4P1P/1q6 b - - 4 46	f8e8 f7e7 e8f8 e5g6 f8g8 e7g7	1813	96	endgame exposedKing mate mateIn3
eGQwG	2k5/N3rn2/1Q6/p4p2/4p3/P3P2P/1P3qPK/8 b - - 3 51	c8d7 b6c6 d7d8 c6c8	899	96	endgame mate mateIn2
eHHdA	r2qk2r/4bppp/pn1pbn2/1p2p1P1/4P3/1NN1BP2/PPPQ3P/2KR1B1R b kq - 0 12	b6c4 f1c4 b5c4 g5f6	1612	94	
eHHlF	1r1kqr2/6Q1/pP2p2P/3pP3/3n4/P7/3N1PP1/R3K2R w KQ - 3 27	e1g1 d4e2 g1h1 e8h5	1068	88	mate mateIn2
eIVhA	r4rk1/1p1bbppp/1q2pn2/3pQ3/8/1P2PN2/PB2BPPP/R1R3K1 w - - 4 18	c1c7 e7d6 e5g5 h7h6 g5f6 g7f6	2060	92	fork
eJF2P	r1k1R2r/1p3P1p/p2p2pb/2pP2p1/8/2PP4/PP4PP/5R1K b - - 1 22	c8c7 f7f8q h8f8 f1f8 h6f8 e8a8	2283	93	advancedPawn endgame promotion
eJGx9	6k1/8/2K5/5Pp1/8/5N1p/8/8 w - - 0 54	c6d5 g5g4 d5e4 g4g3 e4f4 h3h2	1824	94	advancedPawn endgame knightEndgame
eKA1M	5r2/ppp1n1k1/3p2p1/3Pp3/5r2/P1N5/1PP2P1R/2K4R b - - 3 23	f4f2 h2h7 g7g8 h7e7	2324	90	endgame skewer
eKFGO	2Q5/1p2qkpp/p1p3n1/3pP3/8/1P5P/PBP3PK/8 b - - 3 27	g6e5 c8f5 e7f6 f5e5 f6e5 b2e5	1489	88	endgame
eKMw5	3r2k1/pp3qbp/4b1p1/5p2/2PrpQ1P/BP4P1/P4P2/1R1R1BK1 w - - 2 23	a3c5 d4d1 b1d1 d8d1	640	100	
eMuZo	8/p4b2/1p4p1/2p4p/2P1Pk1P/2P2N2/P4K2/8 b - - 0 46	f4g4 f3e5 g4h4 e5f7	759	100	endgame fork
eNVKc	1r1q2k1/3brppp/1p1p4/pP1P4/P3n3/5B1P/1B3PP1/2RQ1RK1 w - - 1 22	b2g7 g8g7 d1d4 e4f6	1698	93	hangingPiece
eNeT6	5rk1/5p1p/pp2r1pb/3R4/2N1p3/4P1P1/PPP2KPP/R7 w - - 1 23	d5d6 b6b5 f2e2 b5c4 d6e6 f7e6	2049	91	endgame
eNkit	5r2/5p1k/3qpPpp/p2p4/7Q/6R1/PrP3PP/5RK1 b - - 1 22	b2c2 g3h3 d6c5 g1h1 h6h5 h4g5	2092	88	defensiveMove endgame quietMove
eOh5Q	2bqr1k1/1pp2ppp/r7/p1p4Q/2P5/P1B2n2/1P3KPP/R4B1R w - - 0 17	g2f3 a6h6 h5h6 g7h6 h1g1 g8f8 c3g7 f8e7	1555	90	
ePE4z	r3r1k1/p4ppp/2pb4/4q3/2P5/4B2P/PPQ2PP1/R4RK1 w - - 2 21	b2b3 e5h2	644	100	mate mateIn1
ePXwb	2r2rk1/pp4b1/3pq1p1/2nP3p/5RbR/4PNP1/PP2QPP1/1BK5 w - - 1 21	d5e6 c5b3 c1d1 c8c1	1837	95	doubleCheck mate mateIn2 queensideAttack
eQFpC	8/6p1/2P1pk1p/2R2p2/1K5P/8/8/2r5 b - - 2 45	c1c5 b4c5 f6e7 c5b6	1233	95	defensiveMove endgame
eQORX	3r3r/1b3p2/pp2pk2/2p4p/8/N1P4p/PP3PP1/R3RBK1 w - - 0 23	g2h3 h8g8 g1h2 d8d2 e1e2 d2e2 f1e2 g8g2 h2h1 g2f2	1586	96	discoveredAttack kingsideAttack pin
eQenT	6k1/1pq2ppp/pN6/P1pQr3/3n4/1PRP2PP/5PK1/8 w - - 2 36	d5d4 c7c6 d4e4 e5e4	1392	86	endgame
eQl34	8/2p5/8/1P2kp2/1P4p1/1P2K1P1/8/8 w - - 15 45	e3d3 f5f4 g3f4 e5f4 b5b6 c7b6	1294	100	endgame pawnEndgame
eR01H	1r1r3k/p2nQ1pp/4p3/P1P5/3P3P/2N1p1P1/1P1qN1P1/1K3R1R w - - 3 24	c3a4 b8b2 a4b2 d8b8 e7d8 b8d8	1984	92	clearance sacrifice
eRsTg	r1b2rk1/pp3qpp/3p2n1/2pPb3/4NP2/3Q2PP/PP6/R1B1RBK1 w - - 1 18	f4e5 g6e5 d3d1 e5f3 g1h1 f3e1	1613	94	exposedKing fork
eSoUg	B7/2k3p1/p7/1ppp3p/5P2/2P1n1PP/PP6/2K5 w - - 0 30	c1d2 e3c4 d2e2 c4b6 a8d5 b6d5	2099	95	endgame trappedPiece
eSz8v	8/6pp/3k4/pB2p3/1n2P3/1b2K1P1/7P/2R5 w - - 0 47	b5c4 b4a2 c1b1 b3c4	2338	94	endgame
eU01z	rnbqk2r/bpp2ppp/3p4/p2P2B1/2P1n3/P7/1P2NPPP/R2QKB1R w KQkq - 0 11	g5d8 a7f2	1237	93	mate mateIn1
eULy1	r1q1k2r/pp1bppb1/3p4/2pNn1p1/2P3P1/2NPP2p/PP3PBK/1RBQ1R2 w kq - 0 16	g2f3 e5f3 d1f3 g7e5	2503	91	clearance
eUXD0	r3nrk1/1pp2ppp/p1q2b2/8/6Q1/1PN1R3/PB3PPP/3R2K1 b - - 2 19	e8d6 c3d5 f6b2 d5e7 g8h8 e7c6	1968	91	fork sacrifice
eVgoG	r1b2qk1/ppp4p/2npnbp1/8/4PP2/2N5/PPPQB1P1/2KR2NR w - - 0 15	f4f5 f6g5 d2g5 e6g5	1502	100	pin
eW5wo	8/8/8/2pKP1k1/2P4p/8/2B2b2/8 b - - 0 60	h4h3 e5e6 h3h2 c2e4 g5f6 d5d6 f2g3 d6d7 f6e5 e6e7 e5e4 e7e8q	2075	92	advancedPawn bishopEndgame defensiveMove endgame promotion quietMove
eZ06q	3r2k1/p1q1Bp2/1p4p1/7p/1P2QP2/2b2P2/P3R1KP/8 b - - 1 28	d8d4 e4a8 g8h7 e7f6	1722	93	endgame
eZ2gS	5rk1/pp4p1/3pp1rp/6q1/3NP1nP/2P3P1/PP2QP1K/R4R2 w - - 1 27	h2h3 g4f2 e2f2 g5g4 h3g2 f8f2	1958	92	intermezzo sacrifice
ea6n8	r5k1/3b4/2r5/2K1Q3/3PP1p1/8/P5PP/R4B1n w - - 7 44	c5d5 a8a5 f1b5 a5b5	1115	92	mate mateIn2
eaJPN	r3r1k1/3n2p1/p2qp2p/2p1p3/2Bp4/1P1P2QP/2P2PP1/R3R1K1 w - - 4 22	a1a6 a8a6 c4a6 d6a6	683	100	
ec0E8	4r2k/2p1q1pP/1p6/p3b3/4Q3/1P6/PBP5/1K2R3 b - - 2 31	e5d6 b2g7 e7g7 e4e8	1249	100	deflection endgame skewer
ecD7F	1brqk2r/p2n1ppp/1p2pn2/1B1p4/QB1P4/4P1P1/PP3P1P/R1R3K1 b k - 0 17	f6e4 b5d7 d8d7 c1c8	1669	96	fork mate mateIn2 pin
ecLED	4r1rk/7p/1p3pq1/p1bR1N2/2P1Pp2/1P3Pp1/PQ4P1/1B3K2 b - - 0 44	g6h5 b2f6 g8g7 f6g7	721	100	kingsideAttack mate mateIn2
ee2eL	rn2kbnr/pQ3ppp/2p5/8/8/8/PPqPNPPP/RNB2K1R w kq - 3 11	b7a8 c2d1	931	98	mate mateIn1
eeNw3	8/6b1/1p1Q3p/3P2p1/1P2qp1k/6PP/4B2K/8 b - - 0 38	f4g3 d6g3	894	100	endgame mate mateIn1
eeWwo	2r3k1/1p2pp1p/1q1p2p1/pNrPb3/P3P3/2P4P/1P2Q1P1/R2R3K w - - 5 24	e2e3 c5b5 e3b6 b5b6	1428	87	
ef7no	1r1k4/5pb1/2BP2p1/4P3/3N4/7r/Kp6/5R2 b - - 3 36	g7e5 d4e6 f7e6 f1f8	1706	93	endgame mate mateIn2 sacrifice
efNQx	5r1k/3q3r/p2p1bQ1/2pP3N/2P5/1P5P/P7/4RR1K w - - 1 34	f1f2 d7h3 f2h2 h3f3 g6g2 f3h5 h2h5 h7h5	2272	94	deflection exposedKing
efRSI	3rk1nr/pp3ppp/3B4/4p3/P1q5/5N2/2P2PPP/R2QK2R w KQk - 1 17	d1e2 c4c3 f3d2 c3a1	1401	90	fork
efVpv	6rk/5Q2/p2qN1p1/1ppPpr1P/2P5/8/PP6/2K4R b - - 0 30	f5f7 h5g6 f7h7 h1h7	1210	96	discoveredAttack endgame mate mateIn2
efjLr	8/p3kpQ1/2pr4/2q5/6PP/2B2P2/PPP5/1K1R4 w - - 1 33	d1d6 c5g1 c3e1 g1e1 d6d1 e1d1	741	99	endgame mate mateIn3
efxBJ	3r1r1k/pp2bppp/4p3/4N2q/3P1B1P/2P1QRP1/1P3P1K/8 b - - 2 33	e7f6 g3g4 h5h4 f3h3	1709	92	defensiveMove
egGMg	r1bq1rk1/4np2/1b2p2p/pP1pP1N1/P1p4B/2P5/5PPP/RN1Q1RK1 b - - 0 16	h6g5 h4g5 f7f6 e5f6 e7g6 f6f7 f8f7 g5d8	2286	92	advancedPawn kingsideAttack
egxKv	5rk1/p4pp1/8/6q1/Q2P1b2/3bP3/PP1B1PpP/2R1K1R1 w - - 0 24	e3f4 g5h5 a4d1 h5h2 d2e3 h2g1	2456	93	trappedPiece
eh3NH	8/1N6/8/PKP5/4k3/5p2/8/4b3 w - - 0 54	a5a6 f3f2 b5c6 f2f1q	697	99	advancedPawn endgame promotion
eiMFq	r3kbr1/5p2/2q4p/1p2pP2/3p2N1/7P/PP3PP1/R1B2QK1 b q - 1 21	f7f6 g4f6 c6f6 f1b5 e8f7 b5d5 f7g7 d5a8	2243	92	deflection exposedKing fork
ej5dp	5r1k/p3qbb1/1p1r1N1p/2p3p1/P2PQ1Nn/2P1P2P/1PB3P1/2R1R1K1 b - - 2 30	g7f6 e4h7	853	100	mate mateIn1
ejbrH	5r1k/1b2R1pp/p4p2/1p6/1Pqr4/3N2Q1/1PP3P1/4R2K b - - 4 29	d4h4 h1g1 h4g4 e7e8 h7h6 e8f8	1995	88	defensiveMove
ejjmu	r6k/ppp3p1/5rB1/3PN1p1/b7/q1P3QP/P5P1/1K1RR3 w - - 5 26	g3g5 f6b6 b1a1 a3c3	1597	93	mate mateIn2 queensideAttack
ejsgk	3r1rk1/1R1Pq2p/Q5p1/1B3p2/8/2b5/3p1PPP/3R1K2 w - - 2 33	a6c6 e7e1 d1e1 d2e1q	858	91	advancedPawn mate mateIn2 promotion
el02x	3rqrk1/2Rnbppp/pp6/3R4/5B2/5N2/PP2QPPP/6K1 w - - 3 19	e2a6 d7c5 d5d8 e7d8 c7c5 b6c5	2420	92	
elFQb	3rnrk1/pb4Q1/1q2p2B/3nNp2/3p4/2PB4/PP3P1P/R3K1R1 b Q - 0 22	e8g7 g1g7 g8h8 e5g6	1214	91	kingsideAttack mate mateIn2
emJ13	8/1P4k1/5q2/2Pp1Q2/4n1B1/3b1K2/6P1/8 b - - 4 58	f6f5 g4f5 e4c5 b7b8q	1705	92	advancedPawn endgame promotion
eoQmH	8/8/5p2/3ppk2/3P3P/6K1/5P2/8 w - - 0 48	d4e5 f6e5 h4h5 d5d4 h5h6 f5g6 h6h7 g6h7	2455	91	endgame pawnEndgame quietMove
eoUU7	r1b2rk1/1p1p1ppp/p1nQp3/q7/5N2/1P3N2/P1B2PPP/5RK1 b - - 1 20	a5a2 c2h7 g8h7 d6f8	1815	88	deflection kingsideAttack
eoUjp	q1r3kR/1b3pp1/pp6/2n5/2pb4/1P6/P3Q1PP/1B2R2K b - - 1 25	g8h8 e2h5 h8g8 h5h7 g8f8 h7h8	1129	95	mate mateIn3
eqmrB	8/2B5/8/p7/P3k2p/P1b3p1/4K1P1/8 w - - 0 56	c7d8 h4h3 g2h3 c3d4 d8c7 g3g2	2026	94	advancedPawn bishopEndgame endgame quietMove
es41e	5k2/PK3p2/3qp3/6p1/3p2P1/3Q4/7P/8 b - - 16 65	d6b4 b7c6 b4a4 c6b6	2457	91	defensiveMove endgame queenEndgame
eskSm	rnb1k2r/ppp2ppp/5q2/2bP4/2BN2n1/2N5/PPP2PPP/R1BQK2R w KQkq - 1 8	d4b5 f6f2	1196	97	mate mateIn1
evItL	6rk/5p1p/p2p4/1ppB1Q2/5p1b/3Pq3/PPP4P/3R3K b - - 1 26	f4f3 f5f7 e3g5 f7g8 g5g8 d5g8	2223	91	endgame kingsideAttack
evfXt	r1bq1rk1/ppp2ppp/5b2/n3p3/3P4/3B2BP/PP3PP1/RN1Q1RK1 b - - 0 13	e5d4 d1h5 g7g6 h5a5	1726	92	
exTAw	4r3/5pk1/2p3p1/2q5/2N3n1/4P1Pp/2Q4P/1R4KB w - - 0 31	h1f3 e8e3 c4e3 c5e3 g1f1 e3f3	2357	90	fork
exn7r	r4Nk1/ppq2p2/2p4r/2P5/1P2p3/6Pb/P2Q1P2/R2R2K1 b - - 1 24	g8g7 d2g5 h6g6 f8g6	1535	93	
eyNSb	7r/pk5q/1p2Q3/2p5/P1P5/BP2P1r1/3R3P/3R2K1 w - - 0 40	h2g3 h7h1 g1f2 h8h2	1307	86	endgame mate mateIn2
ezV5s	r5k1/1pn1B3/p2p2B1/2pP4/2Pb2p1/7q/PP1Q3P/5RK1 w - - 1 25	g1h1 h3f1	624	100	hangingPiece kingsideAttack mate mateIn1
ezrZq	r3k2r/1pq1bpp1/p1np3p/4pb2/4P3/1BN5/PPPQ1PPP/2KR3R w kq - 0 15	e4f5 e7g5 c3d5 g5d2	1136	98	pin
f0FqJ	8/8/3pK3/pBkPp3/P1P5/8/8/8 w - - 7 61	b5a6 e5e4 e6f5 e4e3 a6b5 e3e2	1519	88	advancedPawn bishopEndgame endgame quietMove
f0Vub	1r6/1PK5/5p2/N3p3/4P3/8/6k1/8 b - - 1 52	b8b7 a5b7 f6f5 e4f5	1249	91	endgame hangingPiece
f3apJ	1r6/3n4/3P2pk/p1pNp3/P1NnPp1p/5PqP/Q5P1/3R3K w - - 1 32	c4a5 d4f3 g2f3 g3f3 a2g2 f3d1	1409	99	fork
f3cZ0	2k4r/1pp4p/p3p3/4P1Pr/PP5P/5N2/2P2K2/7R b - - 0 26	h8f8 f2g3 h7h6 g3g4 h6g5 g4h5	1586	89	endgame trappedPiece
f5DMB	1k2r3/pp4p1/3p1q2/3P3p/1P1pr2P/6R1/P1Q2P2/2R2K2 b - - 1 29	f6h4 c2c7 b8a8 c7c8 e8c8 c1c8	1170	95	backRankMate endgame mate mateIn3 sacrifice
f5iru	2R5/8/8/8/1pp1P3/2k1KP2/3r4/8 b - - 2 60	b4b3 c8c4 c3c4 e3d2 b3b2 d2c2 b2b1r c2b1	1280	91	deflection endgame rookEndgame
f6MI1	8/8/4kpp1/1p5p/1Pb1NK1P/6P1/8/8 b - - 0 53	c4d3 e4c5 e6d6 c5d3	792	99	endgame
f6z6h	r1b1k2r/pppp1ppp/2n2q2/2b1N3/4n3/6PP/PPPP1PB1/RNBQK2R w KQkq - 1 7	g2e4 f6f2	670	100	mate mateIn1
f6zkY	r6k/pppQ2bp/3p4/3P4/2qn1p2/8/PP1B2PP/4RNK1 b - - 1 26	f4f3 e1e8 g7f8 e8a8	1466	94	pin
f8YIY	1r3rk1/pp1RRpbp/2p3p1/3p4/3P2Q1/3B3P/P1P2PPK/q7 b - - 3 24	a1a2 d3g6 h7g6 g4g6 a2c2 g6c2	1893	94	pin
f8n3Z	8/8/4k2p/5p1P/5K2/5P2/8/8 w - - 1 54	f4g3 e6e5 g3f2 e5f4 f2g2 f4g5	2232	94	endgame pawnEndgame zugzwang
f9Rgx	8/8/1p1N1kp1/5p2/P6R/6K1/1r5p/8 b - - 5 44	f6e5 d6c4 e5d5 c4b2	993	99	endgame fork
f9Rtw	r2qr1k1/ppp2p2/4b2p/3nP1p1/8/2PB1P2/P4BPP/R2QR1K1 w - - 2 18	d1e2 d5f4 d3h7 g8h7	1588	90	
f9V4m	b3r1k1/Q2R3p/1p4pq/5p2/2r5/7N/PP4PP/5RK1 w - - 0 28	h3g5 c4g4 a7a8 e8a8	2384	93	
f9acK	2r5/2P3p1/8/8/1P1K4/6k1/6p1/2R5 w - - 4 45	b4b5 c8c7 c1c7 g2g1q	1560	94	advancedPawn deflection endgame promotion rookEndgame
fATTx	r2q1rk1/4bpp1/b1p1pn1p/p2p2N1/5BPP/2N1P3/PP3P2/1QKR3R b - - 2 15	f6g4 b1h7	767	100	mate mateIn1
fAww4	2bqk1r1/4rpbp/p5p1/3p4/3p1Q2/N4N2/PP3PPP/R4RK1 w - - 0 17	f3d4 e7e4 f1e1 g7d4	1669	93	intermezzo
fBWII	8/1pr2pqk/2r1p2p/p2p2pP/P2P1Q2/1PP1R1R1/5PP1/6K1 w - - 0 35	f4g4 f7f5 g4e2 f5f4 g3f3 f4e3	1417	95	endgame fork
fDkWr	8/ppkb2R1/2pp3p/4p3/8/1B1P3r/PPP2PK1/8 b - - 1 28	d6d5 g7d7 c7d7 g2h3	1055	88	endgame
fENfW	2rq1r1k/1b1nbNpB/4pn1p/ppp1N3/3P1B1P/4P3/PP3PP1/RQ2K2R b KQ - 0 16	f8f7 e5f7	736	100	hangingPiece kingsideAttack mate mateIn1
fEgbd	1k3r2/pp4p1/4p3/3qN1Pp/2P1pP1P/4Q3/PPK5/8 b - - 0 30	d5a5 e5d7 b8c8 d7f8	983	99	endgame fork
fFamx	3Q4/5ppk/p5n1/1p5p/3P2n1/P4qP1/1P3P1P/3R1RK1 w - - 0 28	d8a5 g6f4 g3f4 f3h3 f1e1 h3h2 g1f1 h2f2	2229	92	endgame mate mateIn4 quietMove sacrifice
fHi8K	r1b1kb1r/pppp2pp/5p2/4P3/1qB5/8/PPPN1QPP/R1B1K2R w KQkq - 0 10	e1g1 f8c5 e5f6 c5f2 f1f2 g7f6	1337	95	pin
fKe09	1r4k1/3R1p1p/p5p1/1P2b3/1Bn5/1B4P1/5P1P/6K1 b - - 0 26	b8b5 d7d8 g8g7 b4f8	1443	94	endgame
fKkxu	r3kb1r/1pq2ppp/p1n1pnb1/8/2PN4/PQN2B2/1P3PPP/R1B2RK1 w kq - 5 14	c1f4 c6d4 f4c7 d4b3	1715	94	hangingPiece
fLxnq	3r4/5p2/4nkp1/pp2R2p/7P/P1PN1P2/1PK3P1/8 b - - 2 36	d8d3 e5e6 f6e6 c2d3	1432	92	endgame intermezzo
fNNoX	1R6/3r1rk1/4p2p/5ppQ/8/2q1P2P/5P2/1R4K1 b - - 2 33	f5f4 b8h8 f7f6 h5e8	2452	92	endgame
fPDns	r1b1r1k1/pppp1ppp/2nb4/3Nn3/2PN3q/4P3/PP2BPPP/R1BQ1RK1 w - - 6 11	d4f5 e5f3 g2f3 h4h2	1168	100	kingsideAttack mate mateIn2 sacrifice
fPk1Y	rn1q1rk1/pb2bppp/1p2p3/2p5/3PPP2/2PBB1P1/P1Q1N2P/R4RK1 w - - 0 14	e4e5 d8d5 d3h7 g8h8 h7e4 d5e4 c2e4 b7e4	1405	92	
fQ0Pd	r2r2k1/pp2Qpbp/4b3/7q/2Pn2pN/1PN3Pn/PB2P1BK/R4R2 w - - 4 24	g2b7 d8d7 c3d5 d7e7	2009	92	
fSkxj	8/8/p1p1Q3/2P3pk/3PP3/1K1q4/P6P/8 w - - 7 51	b3b4 a6a5 b4a4 d3b5 a4a3 b5b4	1996	93	endgame mate mateIn3 queenEndgame
fSnGO	r3r1k1/4bpp1/1B2p2p/p5q1/1p1Q4/1P1P3P/2P2PP1/R3R1K1 w - - 14 28	e1e5 e7f6 e5g5 f6d4 b6d4 h6g5	1438	93	
fSwFI	4kr2/ppp1n3/4p3/7Q/8/2P4P/P1P3P1/4b2K b - - 1 26	e8d7 h5d1 e7d5 d1e1	1165	96	endgame fork
fT602	8/p5pp/2Q2pk1/3p4/3b4/1P3NqP/PBP1r1P1/5R1K w - - 1 25	f3e5 d4e5 c6e8 g6g5 f1f5 g5f5	2360	89	
fTQXH	3r1rk1/4bppp/pq2pn2/3b1N2/P7/1Pp1BP2/2B3PP/R3QR1K b - - 1 22	b6c7 e1g3 c7g3 f5e7 g8h8 h2g3	2571	92	deflection intermezzo sacrifice
fUIrp	8/6p1/8/2kb1PK1/B7/1p5P/8/8 w - - 0 47	h3h4 b3b2 a4c2 c5d4	2439	94	advancedPawn bishopEndgame defensiveMove endgame
fV9bb	2r1r1k1/3b1ppp/pq1p1nn1/1p1Pp3/4P3/P1N1N1PP/1P1Q1PB1/R3R1K1 w - - 5 20	b2b4 b6d4 d2d4 e5d4	1825	92	
fVJHQ	r2n2k1/ppp1qbp1/3p3p/3P4/3P2P1/P6P/1PBQ3N/5RK1 b - - 4 25	f7d5 d2d3 d5e4 d3e4 e7e4 c2e4	1599	92	quietMove
fVl95	2R5/5ppk/p2r1b1p/1p2r2N/1P1p2QP/P2q2P1/5P2/5RK1 b - - 10 38	e5e2 h5f4 d3e4 g4e2 e4e2 f4e2	2081	96	fork
fWB2P	1k6/pp6/2p2p2/4b3/4PP2/7R/PPP3rp/1K5R w - - 0 34	f4e5 g2g1 h1g1 h2g1q	1119	96	advancedPawn backRankMate endgame mate mateIn2 promotion rookEndgame
fXH5F	6B1/4k3/5p1p/p1p1n2P/P3PKP1/8/8/8 w - - 0 45	g4g5 h6g5 f4f5 e5f7	2441	95	defensiveMove endgame
fYcgK	5rk1/p1p3pp/2p2b2/Pq1p4/1P6/2P1Q1P1/5P1P/4R1K1 b - - 2 25	b5c4 e3e6 g8h8 e6f7 h7h6 f7f8	2164	94	endgame
fZYVL	3Rr1k1/2Q2ppp/p7/8/8/1q5P/5PP1/6K1 b - - 1 29	b3a4 c7e7 a4a1 g1h2 a1e5 e7e5	2034	93	defensiveMove endgame pin
fZs69	6k1/1p2q1pp/6r1/1pp1p3/3pNr2/P2P1P1P/1PPQ2PK/4R3 b - - 5 31	e7h4 g2g3 g6g3 e4g3	1242	89	endgame fork
fa733	2r4k/1p4pp/p7/1K6/1PP3Q1/5N2/4PPPP/3q1B1R w - - 0 25	b5b6 d1d8 b6a7 c8a8 a7b7 a8b8 b7c6 b8b6 c6c5 d8d6	2369	90	endgame mate mateIn5
faCYK	1k4r1/pp1Qbp2/4p3/5p1b/7p/P6B/1P2qPPP/2R3K1 b - - 1 27	e7g5 d7c7 b8a8 c7c8 g8c8 c1c8	1314	94	backRankMate mate mateIn3 sacrifice
fbGiM	1r5k/5p2/1n1P4/1p2PKR1/8/1P6/8/8 b - - 3 52	b8e8 f5f6 e8b8 f6f7	1637	94	endgame
fbbTv	1r4k1/1N3pp1/p1P5/2P3rp/2P1pq2/P3Q3/5PK1/1R3R2 w - - 3 29	g2h3 f4g4 h3h2 g4g2	1311	97	mate mateIn2
fdDGW	8/1p2kpQ1/p3p2P/P4p2/8/4q3/5nPK/5R2 b - - 2 42	e3f4 h2g1 f2h3 g2h3	2217	97	defensiveMove endgame
fdU8T	8/R7/3k2p1/P2p1p1p/5P1P/2p3P1/6K1/8 w - - 2 44	a7b7 c3c2 a5a6 c2c1q	762	100	advancedPawn endgame promotion rookEndgame
felNP	R2Q4/5p2/3pq1kR/2p1p1p1/1p2Pr2/5P2/6K1/8 b - - 0 44	g6h6 d8h8 h6g6 a8g8	930	100	endgame mate mateIn2
ffwSl	6k1/pp5p/4r1pb/PN3p2/1P2p3/2r2P1P/4R1P1/4R1K1 b - - 1 28	c3b3 b5d4 h6e3 e2e3 b3e3 e1e3	1357	93	endgame fork
fhdko	5kr1/1p3p1p/p4p2/3p4/3P1qb1/2N3P1/PPP2P1P/R3R1K1 w - - 0 22	g3f4 g4e2 g1h1 e2f3	1953	96	discoveredAttack endgame kingsideAttack mate mateIn2
fiqGy	7r/3B2pp/7q/1r5P/k7/1Q6/P4PP1/6K1 b - - 16 38	a4a5 b3b5	654	100	endgame mate mateIn1
fjhjc	4r1k1/p3bp2/q4np1/1p6/2pB1P2/2P5/P3Q1PP/3R1RK1 w - - 2 25	d4f6 e7c5 f1f2 e8e2 d1d8 c5f8	1990	93	defensiveMove discoveredAttack pin
fkABA	r2k2r1/5R2/2pbp2p/p2p4/Pp5q/1B4P1/1PP1Q2P/R6K b - - 0 24	g8g3 e2e6 g3g1 h1g1	1884	93	
fkBdX	2k2r2/ppp2qp1/4p3/1b1p2B1/3P4/Q7/PPP3PP/4R1K1 w - - 2 21	g5e3 f7f1 e1f1 f8f1	609	100	endgame kingsideAttack mate mateIn2 sacrifice
flHsF	2kr4/ppp2p2/2P4p/8/Q2P4/2P3pn/P3N1P1/R3R1qK w - - 5 29	e1g1 h3f2	1018	86	endgame mate mateIn1
fli35	8/5p1k/p4Npp/1p3q2/2nQ4/6PP/P4P1K/8 b - - 4 36	h7g7 f6h5 g7g8 d4g7	1758	91	doubleCheck endgame mate mateIn2
fmChW	2rqr2k/pp2n1pp/1b3p1P/3pp3/1P4QB/2P1P3/P2N1PP1/R4RK1 b - - 0 21	e8g8 h6g7 g8g7 h4f6	1165	94	advancedPawn kingsideAttack pin
fmpCG	8/5k2/2q1p3/pp2PP2/3p4/1P4K1/P4Q2/8 b - - 2 37	d4d3 f2a7 f7e8 f5f6	2302	100	endgame queenEndgame
fo4ov	r4rk1/1bq1b3/p1n1p1pQ/1p2p3/3PR3/P1N2N1P/1P3PP1/R5K1 b - - 1 18	f8f3 h6g6 g8f8 e4g4	2175	93	defensiveMove kingsideAttack
foKAI	8/2p5/2Pk4/pK1p4/6p1/1P6/P4P2/8 w - - 1 39	a2a4 d5d4 b5c4 d6e5 b3b4 a5b4	2543	91	endgame pawnEndgame quietMove
foTT7	8/3kN2p/3p1P2/2p3P1/r6P/r1n5/P1R5/K3R3 w - - 1 40	f6f7 a3a2 c2a2 a4a2	676	100	arabianMate endgame mate mateIn2
frvCq	r1bqr1k1/pp3ppp/2N5/2bp4/4nP2/2N5/PPP1BBPP/R2Q1RK1 b - - 0 13	b7c6 c3e4 c5f2 e4f2	1595	92	
fryGJ	5rk1/pp4bp/1q1pP3/4pp2/2P1n3/5Q2/PP1B1PP1/3RK2R w K - 1 22	f3h3 b6f2	651	100	mate mateIn1
fsxfx	2r5/2P2pk1/pp2p1p1/4q3/1P6/b5P1/2Q3R1/3R2K1 w - - 1 38	d1d7 e5e1 g1h2 c8h8	1890	87	endgame mate mateIn2
fuZht	8/8/p1k1ppp1/2P4p/P1K2P1P/8/5P2/8 b - - 2 40	e6e5 f4e5 f6e5 a4a5 e5e4 c4d4 e4e3 f2e3	2185	91	endgame pawnEndgame quietMove
fvBN9	7r/8/8/1kP2p2/1P1pr1p1/3R2P1/1R3K2/8 w - - 7 40	f2g2 e4e1 d3d4 e1h1	2540	94	defensiveMove endgame quietMove rookEndgame
fvN9a	4k3/3n1pp1/p1Np2p1/Pp1P2P1/1P2KP1P/8/8/8 b - - 3 45	e8f8 c6a7 f8e8 a7c8	2507	91	endgame knightEndgame
fvyMq	1q1r2k1/5ppp/2Bb4/3P4/2QP3n/5p2/R5PP/R5K1 w - - 0 29	a2a8 d6h2 g1f1 f3g2	1576	93	advancedPawn
fxOwj	8/pp6/2bR3k/4Np2/1P5P/1r2P1K1/8/8 b - - 2 45	h6h5 e5d3 b3d3 d6d3	2560	92	endgame quietMove
fz4VV	5rk1/p4ppp/8/8/4QP2/2P1b1P1/PP1N1q1P/R1B4K w - - 0 23	d2f3 f2f1 f3g1 f1g1	1077	99	mate mateIn2
g0UCs	8/2Q3p1/4q1k1/3p1p1p/P2n4/1P4P1/5P1P/4BK2 w - - 3 38	c7c3 e6e4 c3d4 e4d4	2556	91	endgame
g0lFb	r1b1r1k1/ppqp1pbp/6p1/2BQn3/2B5/8/PP3P1P/R2KR3 b - - 8 18	b7b6 d5f7 e5f7 e1e8 g7f8 e8f8 g8g7 f8f7	2397	91	kingsideAttack sacrifice
g0ngY	6k1/5pp1/1q5p/5b2/1B6/3QnPP1/P1P4K/RN6 w - - 2 28	d3c3 e3g4 f3g4 b6f2	2319	93	clearance sacrifice
g0zii	6k1/8/2PK3p/3N2p1/8/7r/8/8 b - - 0 55	h3h2 c6c7 h2c2 d5e7 g8f7 e7c6	1968	89	advancedPawn defensiveMove endgame exposedKing
g1W6W	2kN4/pp4p1/2nbp1p1/3p4/Q1PP4/4P1qr/PP1N2P1/R4RK1 w - - 1 18	f1f3 h3h1 g1h1 g3h2	1876	93	attraction kingsideAttack mate mateIn2 sacrifice
g25Zh	8/8/1p2p3/p1p1P2k/P1P2Pp1/2P3K1/8/8 w - - 2 57	f4f5 e6f5 e5e6 h5g6 e6e7 g6f7 e7e8r f7e8	1380	97	endgame pawnEndgame
g3OWH	5rk1/4R3/2p3p1/pp1p1q2/2pn3P/P5P1/1P1Q1PB1/6K1 b - - 1 26	c6c5 d2h6 f5f2 g1h1 f2f7 e7f7	2390	92	endgame
g3ZP3	7k/p6p/1p1Q2p1/4R3/3P4/P3P2P/1P4PK/4qr2 w - - 5 35	e5e8 h8g7 d6e7 g7h6 e7f8 f1f8	1814	87	endgame
g3oDJ	2rr2k1/1b3ppp/1p3n2/1Bn5/P7/5N2/1B3PPP/R3qRK1 w - - 0 20	f3e1 c5b3 a1a3 b3d2	1820	94	
g4XK1	6k1/7p/1p3pp1/q4p2/P1PP4/1P1Q4/6PP/4rRK1 w - - 1 38	d4d5 a5c5 g1h1 c5f2	1780	92	endgame pin
g5WBo	r7/1n1q2kr/p2p1p2/1p1Pp1p1/1P2P1p1/P1N4Q/2B2PP1/R4RK1 w - - 0 25	h3g3 a8h8 f2f3 d7c7 g1f2 c7c3	2422	91	quietMove
g6X0V	8/p2Q2pp/1qp2k2/8/4nP2/4r1P1/PPP1N1KP/1R6 w - - 1 24	e2g1 e3g3 h2g3 b6f2 g2h3 f2g3	1668	94	clearance endgame mate mateIn3 sacrifice
g6aLx	6k1/pp4p1/4N3/3pP2p/8/3Pn2r/PPP5/R5K1 b - - 1 30	g8f7 e6g5 f7e8 g5h3	886	100	endgame fork
g6i4W	r7/ppq1P2k/2p2Qp1/4n1Pp/8/7R/PP5P/6K1 b - - 0 29	a8g8 h3h5 g6h5 f6h6	1252	91	endgame mate mateIn2 sacrifice
g7NIc	r2q1rk1/pp2bppp/2p1p3/2PpB2n/1P1Pn1b1/1Q2PN2/P2NBPPP/R4RK1 w - - 9 13	h2h3 e4d2 f3d2 g4e2	1741	93	
g857n	3R4/p5k1/5pp1/6b1/1pP5/5q1N/PP6/K3R3 b - - 0 30	f3h3 e1e7 g7h6 d8h8	954	100	endgame mate mateIn2
g8Tau	r2q1rk1/1p3pp1/p3b2p/2NNQ3/2Pn4/3B4/PP3PPP/2R3K1 b - - 0 20	d4c6 e5e4 e6f5 e4f5	1908	92	
g8hB0	r1b2kr1/pp1p2b1/2nNp2B/4N2Q/2B1P3/8/P3KPP1/q7 b - - 1 17	a1e5 h5e8	788	100	mate mateIn1
g9Xsl	3q2k1/4rpp1/5n1p/3B2b1/2Qp4/7P/P1P2PP1/1N3RK1 w - - 3 24	c4d4 d8d5 d4d5 f6d5	1541	90	
gAfkH	8/3N1Qpk/2p4p/pp6/3P1b1P/2P1n1PK/P2q1P2/8 b - - 6 38	d2f2 d7f6 h7h8 f7e8	1636	86	endgame mate mateIn2 pin
gBhm7	r3k2r/ppp1ppb1/1n1pq1p1/7n/2PPN2p/1P1BPP2/PB5K/R3QRN1 w kq - 6 20	e1h4 h5f6 h4h8 g7h8	1946	93	pin
gBtxi	5Q2/p3rppk/1p3b1p/2pBq3/P1P5/7P/5PP1/5RK1 b - - 10 32	g7g6 d5f7 e7f7 f8f7	990	95	endgame
gC0RM	r2q4/p2kbpN1/2p2n2/2p1Q2p/4pB2/P2P1b2/1PP4P/RN2K3 b Q - 1 20	f6d5 e5f5	1222	96	mate mateIn1
gCrWZ	r4rk1/2q2ppp/p2pp3/2b1n3/R3N3/6Q1/1PPB1PPP/5RK1 b - - 3 20	c7c6 e4f6 g8h8 g3h4 c5f2 f1f2	2428	96	pin
gEvgb	6k1/1p3pp1/p6p/3B3b/P7/2PP3P/1Pn1p1K1/2R5 w - - 0 32	d5b7 e2e1q c1e1 c2e1 g2f1 e1d3	1687	93	advancedPawn endgame promotion
gF2hW	2r2rk1/p1q2p1N/b3pQp1/2ppP3/6P1/1PN1R3/P4P1P/2n3K1 b - - 0 22	c7d8 e3h3 f8e8 f6f4	2568	96	quietMove
gHrcs	4r2k/pp3pb1/2pp3p/3P3n/2P5/1PN2P1B/P1Q1pq1P/4R1RK w - - 3 29	c2d2 f2f3 g1g2 f3f1 e1f1 e2f1q	2562	93	advancedPawn fork promotion
gIOBp	q3r1k1/3b2p1/5p1p/1p2N3/8/3P2P1/nQ3P1P/2B1RK2 w - - 0 26	e5d7 a8h1	1305	87	mate mateIn1
gJQbO	r2q1rk1/2p1bppp/p7/1p2p3/4P1n1/2PP2Nb/PPB2P1P/R1BQ2RK w - - 1 17	f2f3 g4f2	664	99	mate mateIn1
gJkBH	5rk1/5p2/4p2Q/1p2q1p1/8/3pP2K/1P1b1PPP/R6R w - - 0 24	a1d1 d2e3 f2e3 e5e3 g2g3 g5g4 h3g4 e3h6	2242	93	endgame exposedKing
gK5Tz	7k/pp3p1p/4pp2/3p4/1b3P2/1N1PP2P/Pqr2PR1/3Q1K2 b - - 4 23	b2a2 f1g1 c2e2 b3c1 a2c2 d1e2	2552	85	endgame fork
gKCQD	3r4/R7/8/PKP3p1/1P5p/7k/2N2b2/8 w - - 0 44	a7g7 g5g4 a5a6 g4g3	1746	88	endgame quietMove
gKwor	r2qr1k1/ppp4p/3pb1pB/4b3/4N3/8/PPP2PPP/R2QR1K1 w - - 0 15	d1f3 d8h4 h6f4 h4f4 f3f4 e5f4	2104	93	
gLzBy	r1b2rk1/1p1pnpp1/p1n1p3/2b1q1NQ/2P5/P1N1B3/1P3PPP/R3K2R b KQ - 1 14	f7f6 h5h7	794	100	mate mateIn1
gNIfH	r1b2q2/ppk4Q/2n5/4p3/3bB2R/5P2/P5P1/1R3K2 b - - 1 25	c8d7 b1b7 c7b7 h7d7 b7b6 d7c6	1440	96	attraction deflection
gP3V1	4rk2/7R/P6p/3p3P/4p1p1/4K3/8/8 b - - 2 46	g4g3 h7h8 f8f7 h8e8 d5d4 e3e2	2146	93	defensiveMove endgame rookEndgame
gPBvF	2r4k/1Rb2Qp1/3qp2p/1B1p4/Pn1P4/4P3/6PP/5RK1 w - - 3 33	f7d7 d6h2 g1f2 c7g3 f2f3 c8f8	2148	97	
gPLCJ	4r1k1/ppp3pp/8/5R2/2P1Q3/2q4P/P5PK/3R4 b - - 0 23	e8e4 d1d8 e4e8 d8e8	631	100	endgame mate mateIn2 queenRookEndgame
gQbCP	r4rk1/pp1qnppp/3Bp3/3pP3/8/P4Q2/1P3PPP/2R2RK1 b - - 8 18	f8d8 c1c7 d7c7 d6c7	1288	90	
gQtPR	r3kb1r/ppqn1p1p/2p2pb1/4pN2/8/3P3P/PPPBBPP1/R2QK2R w KQkq - 2 13	e2g4 h7h5 f5h4 h5g4	1651	91	
gRt2A	8/8/1p6/p6p/8/2k1B1K1/7P/8 w - - 3 59	e3f4 b6b5 f4c7 a5a4	2160	87	bishopEndgame defensiveMove endgame quietMove
gSPrs	r1bq1rk1/ppp2pp1/2n1pn1p/8/2B2B2/3P1Q2/PPP3PP/RN3RK1 b - - 0 12	b7b6 f3c6 d8d4 g1h1	1712	86	defensiveMove hangingPiece
gSUoP	5r1k/p1p3p1/6qp/3Q4/3P4/4Pp2/P5PP/5R1K w - - 0 32	f1f3 g6b1 f3f1 f8f1	894	100	backRankMate endgame mate mateIn2
gTxqN	2r1r3/ppp3kp/2b2pp1/3q4/3P4/1QP3BP/P4PP1/3RR1K1 w - - 3 23	e1e8 d5g2	1144	89	kingsideAttack mate mateIn1
gVKpS	3rr1k1/6q1/p3p1p1/1p2P3/2p4Q/P5R1/1PB3PP/6K1 b - - 1 33	g7e5 g3g6 g8f8 g6f6 f8e7 f6f5 e7d6 f5e5	2066	95	discoveredAttack endgame exposedKing
gVfYV	rn3r1k/pp5p/2p2q1P/3pN3/3Pb3/8/PPPQK3/RN3BR1 w - - 1 19	b1c3 f6f2 e2d1 f2g1	1728	88	fork pin
gWjSf	2kr1r2/pp1nqpb1/2Q1pn1p/6p1/3P2P1/2NB2BP/PPP5/2KRR3 b - - 0 17	b7c6 d3a6	693	100	bodenMate mate mateIn1
gWuXe	r3k2r/p1q1ppbp/2N2np1/5bB1/3Q4/2N5/PPP2PPP/R4RK1 w kq - 1 13	d4a4 f5d7 g5f6 g7f6	1847	92	
gX5Q8	r2qr2k/pp5p/2p1b1p1/3pP2Q/3P3b/2NB1R2/PPP3PP/R5K1 w - - 0 19	h5h6 h4g5 h6g5 d8g5	1389	96	trappedPiece
gYyMR	1k4nr/pp3ppp/8/8/1b6/1N2P3/PPq1BPPP/R1Br1K1R w - - 7 14	e2d1 c2d1	674	100	mate mateIn1
gb0Hl	5rk1/3Rb1pp/p3p3/8/1p6/1qp1Q2P/6P1/2BN3K w - - 0 30	d7e7 b3d1 h1h2 d1d6	1307	95	endgame hangingPiece
gbUZh	2rqk2r/6pp/p2bpn2/3pNb2/Np3P2/2P5/P4BPP/R2Q1RK1 w k - 0 17	c3b4 f5c2 d1e2 c2a4 e2a6 c8a8	1858	93	interference
gbgOm	B5k1/5pp1/3Bp3/7p/4PP2/8/1r2nnPP/5R1K w - - 3 31	f1f2 b2b1 f2f1 b1f1	688	99	backRankMate endgame mate mateIn2
gcAQJ	R7/8/4P2p/3r4/1p3P2/4K3/pk5P/8 b - - 2 53	a2a1q a8a1 b2a1 e6e7	880	96	advancedPawn endgame
gdBwf	r5k1/1b3p2/p2r1PpR/2p1p3/Pp2P3/5P2/1PP1B3/2K4R b - - 3 29	d6f6 h6h8 g8g7 h1h7	971	97	endgame mate mateIn2
gddfl	8/p1k5/1p6/2p1r3/2P4p/1P1p3P/P5PK/5R2 w - - 0 36	f1f3 d3d2 f3d3 e5e2	1235	88	advancedPawn endgame rookEndgame
gfIcM	r4rk1/2q3pp/p2Rp3/8/QPNbb3/P1P4P/5PP1/2K2B1R w - - 0 22	c3d4 f8f2 a4d7 f2f1 h1f1 c7c4	2565	93	exposedKing pin
gftbl	3r1b1k/6pp/ppR1P3/3P1Q2/1q3P2/4BR2/6PP/6K1 w - - 1 28	c6b6 b4e1 f3f1 e1e3 g1h1 e3b6	1298	87	deflection fork
gfuzM	r4rk1/ppq3pp/2pbpn2/5pN1/2PP4/1P2P2Q/PB4PP/R4RK1 b - - 2 17	a8e8 c4c5 d6h2 h3h2 c7h2 g1h2	2357	91	
gieOa	r5r1/ppp2p1k/1b3q1p/4p2Q/4P3/1NP3P1/PP3P2/R4RK1 w - - 1 20	h5f5 f6f5 e4f5 g8g3	1286	92	kingsideAttack pin
gimGS	5k2/7p/p2p2p1/1pp2P2/2n5/1Q3R1P/PP4P1/4q1K1 w - - 0 32	f3f1 e1f1 g1f1 c4d2 f1f2 d2b3	1449	97	attraction endgame fork sacrifice
gimye	r4rk1/pp1Bbppp/2p5/6q1/3P1n2/2N4P/PPP1QPP1/3RR1K1 w - - 1 16	e2e7 g5g2	972	96	kingsideAttack mate mateIn1
gjG6T	r1b1kb1r/1pp1pppp/2P2q2/1p1Q4/4p3/2N5/PPP2PPP/R3K1NR b KQkq - 1 9	e7e6 c6b7 e6d5 b7a8q	1577	94	advancedPawn fork pin promotion
gji9T	r3r1k1/ppq2ppp/2pb1pn1/8/3P4/2PQBN1P/PP2RPP1/4R1K1 b - - 3 17	g6f4 e3f4 e8e2 d3e2	2080	96	
gkDxs	8/p5pk/1p1q2p1/6Bn/P1P1p2P/1P2Q3/6PK/8 w - - 2 36	h2h1 h5g3 h1h2 g3f1 h2g1 f1e3	1362	95	doubleCheck endgame fork
gkOxq	5r1k/2p3bp/p5p1/8/3q1BP1/6KP/PP2Q3/2R5 w - - 3 30	c1c4 d4g1 e2g2 g1e1 g2f2 e1f2 g3f2 g6g5	2027	92	endgame pin
gl1mw	4rk2/p5b1/8/3Q1B2/3P2R1/2P1q2P/PP2n3/1K6 w - - 5 38	a2a4 e2c3 b2c3 e8b8	2139	93	sacrifice
gllDb	4r1k1/p1pR1pp1/2P1q2p/8/PQ5P/2P3P1/5PK1/8 w - - 3 28	d7c7 e6d5 f2f3 e8e2	1603	93	clearance endgame
gmRmm	2kr1b1r/ppp3pp/8/5b2/3qnB2/3B4/PPQ3PP/RN3R1K b - - 3 16	d4d3 c2c7	858	100	mate mateIn1 queensideAttack
gmYLp	4Nr1k/p6p/1np1Q1p1/4Pq2/1P2R3/7P/P5PK/8 w - - 7 36	e6f5 g6f5 e4d4 f8e8	1518	89	endgame
gmdVd	5Bk1/RR3pp1/7p/3Q2n1/3P1K2/1p2P2q/5P2/2r5 w - - 0 42	b7f7 h3h2 f4f5 h2f2 f5g6 g5f7 d5f7 f2f7	2431	95	
gmvwU	6k1/5pp1/4b2p/2p5/8/4P1P1/p4P1P/B2n1BK1 b - - 1 34	c5c4 f1e2 d1e3 f2e3	1332	92	endgame trappedPiece
gngnh	r1bq2k1/1p2nr1N/pn1p2pQ/3P4/8/1B6/PP3PP1/R3K2R b KQ - 2 19	e7f5 h6g6 f7g7 h7f6	1879	95	kingsideAttack
gnv1e	6k1/p2q2bp/5r2/1p6/1P1pPpb1/P2P1N2/3Q1PPK/B1R5 w - - 2 32	a1d4 f6h6 h2g1 g4f3	1949	91	
gofN0	r3nr1k/1bpR2pp/p7/4P3/Pp5q/1Q4N1/1P3PPP/5RK1 b - - 0 23	a8d8 d7d8 h4d8 b3b4 f8g8 b4b7	2412	94	fork
gpRdv	3rr1k1/1Bp2pp1/4n2p/q7/8/7P/PPQ2PP1/3RR1K1 w - - 1 24	b7c6 e6d4 e1e8 d8e8 d1d4 e8e1 g1h2 a5e5 g2g3 e5d4	2160	94	fork sacrifice
gppIA	6k1/p2r2p1/1p2p3/3qP1Q1/2p1p3/2P2r2/PP1R2RP/7K b - - 0 36	d5d2 g2d2 f3f1 h1g2 f1f5 g5e3 d7d2 e3d2	2010	91	endgame
grwsq	R7/P4pkp/1r4p1/2b1p3/8/5P1P/5PK1/8 b - - 0 33	b6b7 a8g8 g7g8 a7a8q g8g7 a8b7	1459	100	advancedPawn attraction endgame fork promotion
guFXV	1r5k/3bbp1P/1q1ppnp1/4P1B1/8/p1N2P2/BrPQ4/K2R3R w - - 1 28	e5f6 b2a2 c3a2 b6b2	1366	94	clearance mate mateIn2 sacrifice
guYO5	8/p7/1p6/2p1k1p1/8/1P2P3/P4P2/6K1 w - - 0 38	g1g2 e5e4 a2a4 a7a6 g2g3 b6b5 a4b5 a6b5	2447	97	endgame pawnEndgame quietMove
gutA0	r2qkb1r/1bp2pp1/pp2p3/3p4/1n1P1Bp1/4PN2/PPPNBPP1/R2Q1RK1 w kq - 0 12	f3e5 d8h4 f2f3 g4g3 f4g3 h4g3	1674	90	
gv5Bk	5r2/2p3p1/1p6/pPn3k1/2P5/P3pKP1/8/B3R3 w - - 4 43	f3e3 f8e8 e3d2 c5b3	1206	97	endgame
gvPNx	2r3k1/p2p2pp/1p2nr2/8/6Q1/P1B5/1PP2qBP/5R1K b - - 1 25	f6g6 g4e6 g6e6 f1f2	1848	93	
gwKrX	2R5/p4qpk/1p5p/3rpr2/PP1n4/4QPBP/6P1/3R2K1 w - - 2 35	e3e4 d4f3 g2f3 d5d1	1179	97	discoveredAttack kingsideAttack
gxdmR	5k2/1br2pp1/1R2p2p/pPp1n3/P1P1P3/2N2PP1/5K1P/5B2 w - - 1 34	f2e3 f8e7 b6b7 c7b7	2159	91	endgame
gxh6f	2r3k1/5p2/PP4pp/4p3/8/K2P3P/1P1Q4/3b1q2 b - - 4 40	f1f4 d2f4 e5f4 b6b7 c8f8 a6a7 d1f3 b7b8q	1908	95	advancedPawn endgame promotion
gyQey	r3k2r/1b1n1pp1/p2qp2p/1p1n1NB1/8/8/PPP1B1PP/R2QR2K b kq - 1 17	e6f5 e2b5 e8f8 g5e7 d6e7 e1e7	2261	97	discoveredAttack fork
gyfAH	2b2r1k/7p/5BR1/pp5q/2p2p2/2P2P2/PP4PP/4R2K b - - 0 34	f8f6 e1e8 f6f8 e8f8	1037	88	endgame fork mate mateIn2
h0GmZ	8/5np1/p3kp1p/1p1p4/1P1P4/2PK1PPP/8/2B5 w - - 1 39	c1b2 f7g5 h3h4 g5f3 d3e2 f3h2	1982	92	defensiveMove endgame
h1Yn3	r1b1k1nr/pppp1ppp/8/3N4/1bqnP1N1/2P5/PP1P1PPP/R1BQK2R w KQkq - 0 9	c3b4 d4c2 d1c2 c4c2	1104	95	fork
h1bVp	r1b1r1k1/pp3pp1/2pq3p/3pP3/5N1b/P3P3/1PQ3PP/1BR2RK1 b - - 0 25	d6e5 c2h7 g8f8 f4g6	1549	94	kingsideAttack mate mateIn2 pin
h1gsB	5rk1/Q5p1/2R5/K4b2/4r3/1PB5/P7/5q2 b - - 0 38	f5e6 a7g7	994	99	mate mateIn1
h24Xb	r3kb1r/pp1b1ppp/4P3/6B1/3p1P2/8/P3B1PP/1N1R2K1 b kq - 0 16	d7e6 e2b5 e6d7 d1e1 f8e7 e1e7	1550	91	
h2q4N	8/8/5k2/p1PP4/4r3/2K5/4p3/4R3 b - - 5 64	f6e5 d5d6 e5e6 c3d3 e4h4 e1e2 e6d7 e2e7 d7c6 e7c7	2167	95	endgame rookEndgame
h3jk0	3qr3/pp3pk1/1b2pn1p/6p1/3R4/PB4BP/1P2QPPN/6K1 b - - 0 27	d8d4 g3e5 d4c5 h2g4	1860	88	
h4eED	2r1r1k1/pp3p2/5qp1/7Q/2P5/3B3P/P1P2P2/R4KR1 w - - 1 26	a1e1 e8e1 f1e1 c8e8 d3e2 f6a1	2546	93	attraction
h547U	r2qr1k1/ppp1pp1p/3p2pB/2nP4/4PP2/2Q5/PPP3PP/R4RK1 b - - 0 16	c5e4 c3g7	687	99	mate mateIn1
h7tJJ	5r1k/pp4p1/3p2Qp/8/8/2N5/PqP3PP/R6K w - - 0 22	a1b1 b2b1 c3b1 f8f1	1295	94	backRankMate endgame mate mateIn2 sacrifice
h89jJ	8/8/n4k2/5P2/2B1K3/p7/8/8 w - - 2 45	c4e6 a6c5 e4d4 c5e6	787	99	endgame
h9KOM	r2q1rk1/pp3p2/1b2bn2/3p2N1/3n4/1BNQ4/PPP3PP/R4R1K b - - 1 16	f6e4 c3e4 d5e4 d3g3	2178	92	defensiveMove
h9mxd	r7/2p3p1/p1ppQ2k/4p3/8/3Pq2b/PPP5/1K5R b - - 3 24	g7g6 h1h3 e3h3 e6h3	960	95	endgame fork
hAIb5	8/5k2/5p2/5p1p/4p2P/4K1P1/5P2/8 b - - 5 56	f7e6 e3f4 e6d6 f4f5	1247	96	endgame pawnEndgame zugzwang
hALrj	1r4k1/1N6/4p2p/p1P3p1/P2Pp3/2Kb4/6rP/R6R w - - 1 26	b7a5 g2c2	869	100	endgame mate mateIn1
hAw8M	r1b1rn2/4q1k1/p3p3/1p1pPBp1/1P5N/P5PQ/1BP1R1P1/7K b - - 0 27	e6f5 e5e6 g7g8 h4f5	1889	95	discoveredAttack interference intermezzo
hD5x4	6rk/p5B1/6Q1/1p3r1p/2pP3P/6R1/P4qPK/8 b - - 0 32	g8g7 g6g7	631	100	endgame mate mateIn1
hDxrd	r1b2r2/p1p1q1bk/1pPp3n/1N1Pp3/1P2Ppn1/3B1N2/P1Q3P1/3R1RBK b - - 1 27	e7f7 f3g5 h7g8 g5f7	775	100	fork
hE3FP	8/7p/2p2p2/6p1/1pk5/2p2P1P/4K1P1/3R4 w - - 2 37	d1d7 c4b3 d7c7 b3c2	2525	94	defensiveMove endgame rookEndgame
hEBIf	r3r1k1/ppq2pb1/2pp1npp/2nPp1B1/2P1P1bN/2NB4/PP1Q1PPP/R3R1K1 w - - 0 14	g5h6 g7h6 d2h6 c5d3 e1e3 d3f4	2105	91	
hFrSK	2r1r1k1/3Q2pp/1qN5/3ppp2/1N2b3/1P2P3/5PPP/6RK b - - 7 34	g8f8 d7d6 f8g8 c6e7 e8e7 d6b6	1773	92	discoveredAttack fork
hGQzL	8/5b2/2P2k2/pp3p2/3K1PpP/P5N1/8/8 b - - 0 48	f7e6 d4c5 b5b4 a3b4 a5a4 c5d4	2411	93	defensiveMove endgame
hGoYG	1r4k1/4Rp1p/4p1p1/1p1p2q1/8/2Pn4/1P2QPPP/4R1K1 w - - 0 26	e7e6 d3e1 e6e8 g8g7 e2e5 g5e5	2504	91	endgame
hGw1N	r1bqkb1r/ppp2ppp/5n2/3p4/2PP4/2N5/PP3PPP/R1BQKB1R b KQkq - 1 7	f8b4 d1a4 f6d7 a4b4	1468	95	fork
hIFXG	2k3r1/ppp2p2/8/4R2p/2P5/3P1pqb/P1PQ1RN1/6K1 w - - 0 26	e5e3 h3g2 f2g2 g3g2	1720	91	
hJEm8	1q2r3/4BQbk/5pp1/1p5p/3P4/4PpRP/2P2P1K/8 b - - 2 30	h5h4 f7g6 h7h8 g6g7	868	97	endgame mate mateIn2
hJUTT	rn3rk1/p1p3pp/1p1b4/3P1b2/7q/1Q2PBN1/PP1P2PP/R1B2RK1 w - - 0 15	g3f5 d6h2 g1h1 f8f5	2235	92	intermezzo kingsideAttack
hKmZu	1k5r/5ppp/Q2b4/4q3/4p3/3p3P/PP3PP1/2R2RK1 w - - 3 25	f1e1 e5h2 g1f1 h2h1	688	100	endgame mate mateIn2
hM8WY	r1b1r1k1/1p4pp/p2Bp3/q2P4/P7/1Q2p2P/4KPP1/1BR4R w - - 0 22	d6c7 a5d2 e2f3 d2f2	1299	92	
hNKmt	1rbb3r/2qn1pk1/p2p1B1p/1p1P4/5P2/3B2Q1/PPP3PP/2KRR3 b - - 0 17	g7f6 e1e6 f7e6 g3g6 f6e7 g6g7 e7e8 d3g6	2207	93	exposedKing fork mate mateIn4 sacrifice
hOTzO	8/R7/1k1p4/1p2p3/1P2P3/K2P4/P1n5/8 w - - 0 37	a3b3 c2d4 b3b2 b6a7	1125	95	endgame
hOhmR	8/kpq2p2/pNpR3p/P4pp1/1P2r3/5Q1P/2P2PP1/6K1 w - - 0 24	f3f5 e4e1 g1h2 c7d6	875	100	endgame
hPcVh	4r1k1/2pq1p1p/bp1p2p1/p2Pr3/4B2b/2N1P1NP/PPQ3PK/2R1R3 w - - 3 25	e4d3 h4g3 h2g3 e5e3 e1e3 e8e3 g3f2 e3d3	2066	93	attraction
hPmER	8/3nkp1P/6p1/6P1/8/1KQq4/8/8 b - - 4 49	d3d1 b3a3 d1d6 c3b4	2166	90	defensiveMove endgame
hQAEs	2r2rk1/p4pbp/1p4p1/2Np4/1q4P1/1N5P/P3BQ2/1KR2R2 w - - 0 24	c5d7 b4e4 e2d3 e4d3	1768	100	queensideAttack
hQal2	Q2Q4/5pk1/3bp3/3p4/3Pn3/5Kp1/5r2/8 w - - 5 49	f3e3 d6f4 e3d3 f2d2	1079	100	endgame hookMate mate mateIn2
hSOiN	8/2P3R1/8/2r2p2/8/5K1p/8/7k b - - 3 58	h3h2 g7e7 c5c3 f3f2	2553	92	defensiveMove endgame quietMove rookEndgame
hSXHH	2r2rk1/6bp/3q2p1/RRB5/3pp3/3P3P/4QPP1/6K1 b - - 0 31	e4d3 e2a2 g8h8 c5d6	1646	88	
hTTh8	8/6k1/1P1R1n2/5p2/8/1r3BKP/8/8 w - - 3 39	b6b7 f6e4 g3f4 e4d6	1467	100	endgame fork
hUDOV	8/1p1Q4/p1P2rp1/2k5/5q2/6p1/PP4KP/4R3 w - - 2 30	b2b4 c5c4 d7d1 f4f2	2173	88	defensiveMove endgame
hV6cI	4Q3/2p1n1qp/1pp5/p5kP/4P3/2P2KN1/P7/8 b - - 8 54	g5h4 e8e7 g7e7 g3f5 h4h5 f5e7	1441	96	attraction endgame fork sacrifice
hVCEA	r1b1r1k1/ppp2ppp/2np2q1/4P3/2BP1n2/P4N1P/1P1N1PP1/2RQR1K1 w - - 1 15	e5d6 g6g2	1178	94	kingsideAttack mate mateIn1
hVb5S	4n3/pp4p1/4Kp1p/5P2/k5P1/8/P7/4B3 b - - 7 44	a4a3 e6d7 e8c7 d7c7	2339	95	endgame trappedPiece
hW68N	1Q6/2rk4/B7/1p6/6p1/P1p5/KPP3P1/5q2 b - - 0 38	c3b2 a6b5 f1b5 b8b5	1326	93	endgame fork
hX20a	3r4/p3bkp1/3r1p1q/2p1R3/7P/2P2QP1/PP1N4/2KR4 w - - 1 27	e5g5 f7g8 g5h5 d6d2 h5h6 d2d1	2597	92	queensideAttack
hY1eM	3r4/5R1k/2p2bpp/2p5/p4B1P/2q1QP2/3p2PK/8 b - - 0 35	h7g8 e3e6 c3b3 e6f6 b3f7 f6d8	2115	93	endgame
hYkh3	8/5p2/P2p3k/3P2p1/6P1/4bPK1/2Q3P1/5r2 w - - 1 43	c2e2 e3f4 g3h3 f1h1	1181	95	endgame mate mateIn2
hYxNR	8/4b3/4Pkp1/1Q5p/pP2K1nP/6P1/5r2/8 b - - 1 39	f2b2 b5g5 f6e6 g5d5 e6f6 d5d4 f6f7 d4b2	2189	93	endgame fork
haJWp	3r2k1/Q4p1p/5pp1/2pP4/2q5/7P/P4PP1/3R2K1 b - - 0 26	d8d5 a7a8 g8g7 a8d5	1550	93	endgame
hcSXo	6kr/p3Q1p1/4b2p/3pB3/6PP/4n3/pP2q3/K1R5 b - - 1 34	e6f7 c1c8 g8h7 c8h8 h7h8 e7f8 f7g8 f8g7	1919	96	attraction fork mate mateIn4
hcWex	3k4/q2r1pr1/5p2/pQ2pP2/3p4/6P1/P6P/1R2R1K1 b - - 10 34	d8e7 e1e5 f6e5 b5e5 e7f8 b1b8 a7b8 e5b8	1432	98	endgame fork sacrifice
hcrqf	r1bq1rk1/5p1p/Pn2p1p1/1P2b3/P3n3/1Q1Bp3/NB3PPP/R3K1NR w KQ - 0 17	d3e4 d8d2 e1f1 d2f2	1385	92	mate mateIn2
hd4nl	4k3/1pB3bp/1PP2pp1/1n1p4/p4PP1/P2b4/3N1K1P/8 b - - 0 35	b5d6 c7d6 d3a6 c6c7	1267	94	advancedPawn endgame hangingPiece
heBM9	rnbqkbnr/pp2pppp/2p5/4N3/8/2NB4/PPP2PPP/R1BQK2R b KQkq - 3 7	g8f6 e5f7 e8f7 d3g6 h7g6 d1d8	1690	90	attraction discoveredAttack sacrifice
heho9	4k3/4r3/p7/1p4K1/2pQ1p2/P1P2P2/1P6/8 w - - 3 48	d4e4 e7e4 f3e4 f4f3	685	100	endgame
hfRjq	r1bq1rk1/pp3ppp/1b6/8/2BN1Qn1/2P5/PP4PP/RN3RK1 b - - 0 14	f8e8 c4f7 g8h8 f7e8	1729	93	fork
hiE4x	1Qbk3r/p1p3pp/3b1n2/8/8/1B2B3/P1P2PPP/qN3RK1 w - - 3 15	b3e6 a1e5 b8c8 d8e7 g2g3 h8c8	2291	92	discoveredAttack sacrifice
hiv6k	4rrk1/p5pp/4p3/3pN1q1/3P4/P5Pn/1PQ2P1P/2R1R1K1 w - - 1 26	g1g2 f8f2 c2f2 h3f2	1535	90	fork
hjoJ8	5r1k/1Q4pp/p3P3/8/Pr6/8/3q1P1P/R4RK1 w - - 1 29	b7e7 b4g4 g1h1 d2d5 f2f3 f8f3 e7d8 d5d8	2505	92	endgame
hm20g	2k5/8/1PP5/2K5/8/6p1/8/8 w - - 0 61	b6b7 c8c7 b7b8r c7b8 c5d6 b8c8	1631	97	defensiveMove endgame pawnEndgame
hmRXL	8/5r2/pppPpR2/4P3/P3P1R1/1P3r1k/8/6K1 b - - 8 40	f7f6 e5f6 h3g4 d6d7 f3f6 d7d8q	1665	97	advancedPawn endgame promotion rookEndgame
hpqrm	2rr2k1/pp3pp1/2b1p2p/4P3/3PBP1q/8/P1QN1P2/1RR3K1 b - - 1 22	c6e4 c2e4 c8c1 b1c1	1343	92	
hqM7k	8/pp6/2p5/4Kpkp/1P2p3/P3P1PP/2P5/8 w - - 0 33	e5d6 h5h4 g3h4 g5f6 d6c5 f5f4	2572	92	defensiveMove endgame pawnEndgame
hr63s	3r2k1/1p1r1p2/2p1pnp1/p3Q3/P1PP2Bq/3R4/5P1N/3R2K1 w - - 4 36	d3h3 f6g4 h2g4 h4h3	2515	91	capturingDefender
hrCTe	7k/R6P/3P4/8/p2ppp2/8/7r/4K3 b - - 0 55	d4d3 d6d7 d3d2 e1d1 h2h1 d1d2	1353	100	advancedPawn endgame rookEndgame
hrMyE	8/R4p2/6k1/7p/4bn1P/3pK3/P7/8 b - - 1 39	g6f5 a7f7 f5e5 f7f4	834	100	endgame
hrpDD	1r4k1/pbn1pN1p/2q1P1p1/1pp5/5nP1/2P2P2/PP2Q2P/3RR1K1 w - - 1 26	e2e5 f4h3 g1f1 c6f3	1194	99	kingsideAttack mate mateIn2
hsEWP	2kr3r/pp3ppp/2n1b3/q2n2N1/1p1P4/P2B4/1P1NQPPP/R3K2R w KQ - 4 14	e1g1 d5f4 e2f3 a5g5	2064	88	discoveredAttack
hsrV5	1b6/7p/P7/7P/6K1/6P1/6k1/8 b - - 0 55	h7h6 g4f5 g2g3 f5g6 g3f4 g6h6 f4f5 h6g7	1302	98	bishopEndgame defensiveMove endgame
hssmV	8/8/8/5K2/4pP2/1k2P1p1/3R1P1r/8 w - - 0 70	f5e4 g3g2 d2d1 h2h1	1904	90	advancedPawn endgame rookEndgame
ht1F1	2k2r1r/pppq2p1/3p4/3Pp1PP/8/8/PP1KBb2/R2Q3R b - - 2 24	d7f5 e2g4 c8b8 g4f5	1186	94	pin
htH6b	r5k1/2p1qppp/3p1n2/4p3/1P2P3/BQPP1N2/5RPP/rN4K1 w - - 4 18	b3b2 a8a3 b2a3 a1a3	1748	91	pin
hv1rT	6k1/p7/2p2q2/1p1p1p1p/1P4p1/P1nQ1PNP/2P1r1P1/2R4K b - - 1 35	g4h3 g3e2 h3g2 h1g1	2081	91	endgame
hvHSL	r5k1/1Q4Rp/3p2p1/q2p2n1/p2P4/7P/PP3PP1/6K1 b - - 1 27	g8f8 b7e7	1164	94	endgame mate mateIn1
hvNra	8/8/8/8/3P1K2/5P2/1Q1k2r1/r6q b - - 14 55	d2e1 b2a1 e1e2 a1h1	912	97	endgame hangingPiece skewer
hvODD	2rk1r2/p3n1p1/7p/Q1R1p3/3p4/1P3P1q/P2PP2P/2R3K1 b - - 7 27	d8e8 c5c8 e7c8 a5e5 c8e7 c1c7	2227	94	
hvtIV	6k1/1p3q1p/p2p2p1/2p1pr2/2Pn2nP/3P2P1/PP1Q1PB1/R4RK1 w - - 3 23	g2d5 f7d5 c4d5 d4f3 g1h1 f3d2	1633	94	fork sacrifice
hwdnj	r4rk1/1p1n1pbp/2pp2p1/3Pp3/p1P1P1nq/2N3N1/PP1Q3P/R3KBBR w KQ - 4 14	e1c1 g7h6 c1c2 h6d2	1238	100	pin
hwvYe	1k1r4/ppp2p2/2np1Pp1/3N4/3qP3/PR6/1P5r/1KQ1R3 b - - 3 26	d8h8 c1c6 h2b2 b3b2	1566	88	pin
hx1EQ	r1bqkr2/pp1pnpQp/4p1pB/4P3/2B5/8/P1P3PP/bN3R1K b q - 5 15	f8g8 g7f7	1106	94	mate mateIn1
hxP8r	r7/pp1r2Bb/2p1kn2/4n3/7P/2P3PB/PP3P2/R3K2R b KQ - 2 24	e5g4 g7f6 e6f6 h3g4 a8e8 e1f1	1476	94	capturingDefender defensiveMove pin
hxmF1	4r3/1pR2p1k/p6p/3Nb3/4PK2/1P6/PP3P2/8 w - - 5 33	f4f3 e5c7 d5f6 h7g6	1439	93	endgame
hyQfp	1r2b1k1/6pp/4Qp2/8/4p3/4P1qP/6P1/2R4K b - - 0 35	e8f7 c1c8 b8c8 e6c8 f7e8 c8e8	884	87	endgame mate mateIn3
hyaLx	r2q1rk1/4bpp1/2p1p2p/p1N1P3/1pQ4P/1Pn1B3/1KPR1PP1/7R b - - 0 22	d8c7 d2d7 c7e5 e3d4 e5f5 d7e7	1989	91	
hzg20	6q1/1p4BR/7K/7P/6kN/5b2/8/8 w - - 2 64	h4f3 g8e6 g7f6 e6f6	1016	100	endgame mate mateIn2
hzwrL	5rk1/ppp3pp/1b6/3pn3/3Pq3/1QP1P3/P2KB2P/R5R1 w - - 3 20	b3c2 e5c4 e2c4 f8f2 c4e2 f2e2 d2e2 e4c2	1876	93	attraction deflection sacrifice
i0ViB	2r4k/7R/5Ppp/8/p3Q3/2q2bK1/7P/8 b - - 3 42	h8h7 e4e7 h7h8 e7g7	1186	90	endgame mate mateIn2
i1Z9c	8/5p2/4p3/1p1pPpkP/1P1P1Nn1/r1P3P1/2R5/6K1 w - - 11 55	g1g2 g4e3 g2f3 e3c2	683	100	endgame fork pin
i1Zi9	rnbqkbnr/p2p2pp/2p5/1p2p2Q/4P3/7N/PPPP1PPP/RNB1K2R b KQ - 1 6	e8e7 h5e5 e7f7 h3g5 d8g5 e5g5	1397	97	
i1kRJ	4R3/ppqb1k1p/1n1p1ppB/2rP4/8/1BN5/PP3P1P/4Q1K1 b - - 0 24	d7e8 e1e6	991	95	mate mateIn1
i23Q5	8/p3qpkp/1p1b2p1/4r3/4p3/1BQ4P/PP3PP1/3R2K1 b - - 5 30	f7f6 c3c6 e4e3 f2e3 d6b4 d1d7	2401	93	endgame pin
i2O6O	7k/5R1p/4rp1B/1p4p1/4b3/6PP/6P1/6K1 b - - 3 36	h8g8 f7f8	1021	98	endgame mate mateIn1
i46aS	r1bq1rk1/1p2ppbp/3p4/p2N1P2/P5QP/1B6/1PP3P1/2KR3R b - - 0 17	e7e6 f5f6 d8f6 d5f6	1524	95	kingsideAttack pin
i4TFG	1r3rk1/pR3pbp/4p3/3pP1NQ/8/3q4/P5PP/5R1K w - - 3 23	b7f7 d3f1 f7f1 f8f1	841	98	backRankMate mate mateIn2 xRayAttack
i5VFf	r2q1rk1/pp3ppp/2n2n2/3p4/N1PBp1b1/1P4P1/P3PPBP/R2Q1RK1 b - - 0 14	g4e2 d4f6 e2d1 f6d8	1594	93	
i5VgJ	r1b4r/ppb3k1/2pp1q2/5p2/3P2p1/2NQRN2/PPP2PPP/4R1K1 b - - 1 19	g4f3 e3e7 g7f8 e7c7	2373	92	fork
i5t0G	5r2/1p4p1/p1pk3p/8/P1qp4/6P1/1Q2RP1P/6K1 b - - 1 39	d4d3 b2e5 d6d7 e5e7 d7c8 e7f8	1180	99	endgame fork
i6M1a	r1b2rk1/2q2ppp/p3p3/8/4B3/8/PR4PP/3Q1R1K b - - 0 19	a8b8 e4h7 g8h7 d1b1 h7g8 b2b8	2291	94	attraction sacrifice
i7hO5	2b3k1/1q3ppp/1p2p3/p2p2Q1/3PP3/1P3P1P/PB4P1/6K1 b - - 1 26	d5e4 g5d8	1081	96	backRankMate endgame mate mateIn1
i7ukg	6k1/2Q2p1p/5p2/3rp2P/8/5N2/qrP2PP1/2KR3R w - - 0 29	d1d5 b2b1 c1d2 a2d5 d2c3 b1h1 c7c8 g8g7	1829	91	endgame intermezzo
iA8xh	8/3r1p1k/3N1npp/8/3R2P1/4P1KP/5P2/8 w - - 2 50	f2f4 d7d6 d4d6 f6e4 g3f3 e4d6	1451	94	attraction endgame fork sacrifice
iBZsA	8/5ppk/7p/3q4/1p6/1P4PP/P1Q2P2/4rBK1 b - - 3 48	d5e4 c2e4 e1e4 f1d3 f7f5 d3e4	1108	95	attraction endgame pin
iCrjk	6k1/1p6/8/p1p5/5q2/PP1Pp1p1/2P1Q1KN/8 w - - 0 30	e2g4 f4g4 h2g4 e3e2 g2g3 e2e1q	792	100	advancedPawn endgame promotion
iDLJF	8/pp3p2/2k3bK/3R3P/2P5/2P5/PP5r/8 b - - 4 36	h2h5 d5h5 g6h5 h6h5 c6d6 h5g4 d6e5 g4f3	2129	93	defensiveMove endgame
iDr67	1r3rk1/2p2ppp/8/1p2PNq1/2pPQ2P/6P1/8/3R2K1 b - - 0 24	g5h5 g3g4 h5g6 f5e7 g8h8 e7g6	1746	96	endgame fork
iErpd	3r1rk1/pq1p1pp1/b1p4p/4p3/N1P1P1n1/1P4P1/PB1Q1bBP/R4R1K b - - 4 18	f2e3 d2e2 g4f2 f1f2 e3f2 e2f2	1636	94	
iHsqM	6k1/5pp1/4p1n1/2p4p/2P1QP2/2B5/1P3PKP/3q4 w - - 1 32	f4f5 e6f5 e4a8 g8h7	1490	90	defensiveMove endgame
iIhlH	8/5R2/p5p1/1p2Qrk1/2pP3p/P1P3qP/1P4PK/8 w - - 12 50	e5g3 h4g3 h2g3 f5f7	1247	89	endgame
iItHs	2r5/nr6/1k2p1p1/1PRpPp2/1K1P1PpP/6P1/2P5/1R6 b - - 2 40	b7c7 b1a1 a7b5 c5b5	1734	94	endgame
iJ5AO	1r1r2k1/pb2pp1p/1p1n2pQ/5qN1/2P5/1P3B2/P4PPP/R2R2K1 b - - 5 21	b7f3 h6h7 g8f8 h7h8	1140	87	kingsideAttack mate mateIn2
iJDQt	3r3k/6p1/p7/2Q3p1/4b3/P6P/B1p3P1/6K1 w - - 0 35	a2b3 d8d1 g1h2 c2c1q	987	91	advancedPawn endgame promotion
iJiSI	r3k2r/1b3pp1/pp1bp3/2p4p/P1Bq1Bn1/2NP3P/1PP1Q1P1/R4R1K w kq - 1 17	f4d6 d4d6 h3g4 h5g4	1583	93	discoveredAttack
iK1W0	r1b2k2/bp3prp/p6p/8/1P1PNq2/P2B1NnP/6PK/R2QR3 w - - 2 24	d1d2 g3f1 h2h1 f1d2	1619	94	doubleCheck
iKX49	1rr3k1/5p1p/3R2p1/p3Q3/4P3/5P1P/1Pq3P1/3R3K b - - 0 31	b8b2 d6d8 c8d8 d1d8	639	100	endgame mate mateIn2
iLr0G	1Q5r/p1p1k1pp/3bpp2/8/2Pr1q2/5B1P/PP3PP1/3R1RK1 w - - 5 23	b8h8 f4h2	786	89	mate mateIn1
iNA4Q	2kr4/ppp2ppp/8/4p3/1P2P3/3r4/1R3PPP/2B2R1K w - - 4 22	h2h3 d3d1 h1g1 d1f1 g1f1 d8d1 f1e2 d1c1	1070	100	attraction endgame fork
iNW58	3r4/6Rp/8/7P/3p4/P2K1p2/1P6/4k3 w - - 5 49	g7h7 d8f8 h7c7 e1d1 c7c2 f3f2	2145	91	advancedPawn endgame quietMove rookEndgame
iO9GM	8/5pp1/6kp/2P5/1RR1K3/P2r3P/1P1r1PP1/8 w - - 9 38	c5c6 f7f5 e4e5 d2e2 c4e4 f5e4	2220	91	endgame rookEndgame
iOdXO	r5k1/7p/p2NP1p1/1prP1p2/3Q1P2/P6P/1P4PK/4q3 b - - 1 31	e1c1 d6f7 c1f4 d4f4	2327	93	endgame quietMove
iRemh	3r1rk1/1Qp3pp/5q2/1p2b3/3P4/8/PP3PPP/3R1RK1 w - - 0 20	d4e5 f6f2 f1f2 d8d1 f2f1 d1f1	1475	100	deflection endgame mate mateIn3 sacrifice
iSqRo	6k1/p1p2p1p/1p4p1/6P1/7P/P3rQ2/1P1q4/1R4KR w - - 0 29	f3f4 e3e1 b1e1 d2f4	1477	93	discoveredAttack endgame
iSzsC	4r1k1/Q4ppp/b1N5/1p1n2PP/8/qBPP4/1bPB1P2/3K3R w - - 3 27	c6e5 a3a1 d1e2 e8e5 d2e3 d5f4 e2f3 a1h1	2396	91	pin
iTA9M	r2q1r1k/2p3pp/1p1pB3/pP1Pp3/3bn3/7N/P1QP1PPP/1R2K2R b K - 5 21	d8h4 g2g3 h4h6 c2e4	1734	85	
iTg4l	r1b3kr/pp1nqp2/2p3p1/4P3/2BPN1p1/4b3/PP2N1PP/R2Q1RK1 w - - 2 18	g1h1 h8h2 h1h2 e7h4	1527	95	attraction kingsideAttack mate mateIn2 sacrifice
iUHHD	r2qk2r/p2n2pp/2Q2p2/3p4/1b1P1B2/3bPN2/PP3PPP/2R3KR b kq - 4 16	e8g8 c6d5 f8f7 d5b3	2350	94	
iUi38	2r2rk1/pp1b1ppp/1q2pn2/1N6/2Bn1N2/2P2P2/PP4PP/R2Q1RK1 w - - 0 15	d1d4 c8c4 d4b6 a7b6	2049	92	pin
iVV3Z	4r1k1/6p1/p1Ppp2p/8/3PpP2/1QP4q/1P3P2/R3RK2 w - - 1 32	f1e2 h3d3	1202	96	endgame mate mateIn1
iYLrZ	3r2k1/1p4pp/p1bb4/8/8/1N6/P4P1P/3RR1K1 w - - 5 28	e1e6 d6h2 g1h2 d8d1	740	100	discoveredAttack endgame
ia0YB	4rr1k/pb6/1pq5/6Qp/2B3nP/1P6/P1PP4/2K1R1R1 b - - 6 26	c6h6 e1e8 f8e8 g1g4 h6g5 g4g5	1971	96	
ibheg	2k2q1r/p1p3pp/1b6/3QR1B1/3p2n1/1P1P4/1PP2PPP/RN4K1 w - - 3 19	e5e7 f8f2 g1h1 f2f1	729	100	kingsideAttack mate mateIn2
id9T5	1kb2r1q/2p5/p1np4/1p1Np3/4P1n1/PB1P4/1PP2QPP/R4RK1 w - - 4 23	f2f8 h8h2	702	100	kingsideAttack mate mateIn1
idWBU	2r1k2r/pp3ppp/1qb1p3/3pP3/5PP1/4B3/PP2n2P/R2Q1R1K w k - 0 18	e3b6 d5d4 f1f3 c6f3	1210	96	discoveredAttack kingsideAttack mate mateIn2
ieFav	r5k1/ppp1p1b1/6Bp/3pP3/2nn1q2/2Q2P2/PPPN1P2/R3K2R w KQ - 0 19	e1c1 d4e2 c1b1 e2c3	1209	99	fork
ifi1Y	2r5/4R1B1/6pk/8/Ppp5/6P1/b4P2/6K1 b - - 3 37	h6g5 e7e5 g5g4 g1g2 g6g5 f2f3 g4h5 e5e6 g5g4 f3f4	2237	93	defensiveMove endgame quietMove
ihYQV	r4rk1/4qpp1/p1p4p/1p2pQb1/4Np2/3B4/PPP3P1/1K5R b - - 5 23	e7e6 e4f6 e6f6 f5h7	1764	94	kingsideAttack mate mateIn2 sacrifice
iic4a	8/kp1Q1R2/p7/4p3/P3Pb1q/7P/1PP3PK/8 w - - 1 31	h2g1 h4e1	1124	100	endgame mate mateIn1
ij1jN	8/8/7p/ppp2k2/P7/1PPK4/7P/8 b - - 0 40	b5a4 b3a4 h6h5 d3c4 h5h4 c4b5 f5g4 b5a5	2425	93	endgame pawnEndgame
ijMOQ	8/1p6/p7/P5k1/1PP4p/3PKRr1/8/8 w - - 6 46	b4b5 g5g4 f3g3 h4g3 c4c5 g4h3	2525	94	defensiveMove endgame rookEndgame
ikf00	6r1/4kp2/p2q1p2/1p1p3Q/1P1Pp1rP/2P1P1P1/5P2/R4R1K b - - 9 37	g4g3 f2g3 d6g3 h5e2	2188	91	endgame
imAdy	8/5p2/p1k4P/2p5/2Pn1KP1/2N5/1p6/8 b - - 1 41	d4e6 f4f5 e6f8 f5f6 f8h7 f6f7	2308	86	defensiveMove endgame knightEndgame
imNxL	r4rk1/ppp3pp/2np4/7q/2PP2n1/2N1PRP1/PPQB3P/5RK1 w - - 3 17	d2c1 f8f3 f1f3 g4h2 f3f2 h2f3 f2f3 h5f3	1885	88	attraction kingsideAttack
inIfm	r3kr2/p1q1n3/2p3PQ/2P5/6p1/P2P2P1/5PK1/4R3 b - - 2 31	e8d7 e1e7 d7e7 h6g7 e7e6 g7c7	2188	93	attraction endgame sacrifice skewer
inS58	r3r1k1/ppbq1pp1/2p4p/3P1b2/8/1QN1BP2/PP4PP/3RR1K1 w - - 1 25	b3b7 c7h2 g1h2 d7b7	1374	94	discoveredAttack
inbOB	r3k1nr/pp1n1pb1/2pBp1p1/8/3PP1Pq/1BNQ4/PPP2P2/R4RK1 w kq - 1 15	d3g3 h4h1	905	99	mate mateIn1
iqB78	3r1rk1/R5pp/4pn2/8/3B4/P3Q1P1/q4PbP/5RK1 w - - 0 23	g1g2 a2d5 g2g1 d5d4 e3e6 g8h8	1758	92	
iqMuo	r2qrk2/ppp3pp/2n1Q1P1/3p2b1/3P4/8/PPP3PP/4RRK1 b - - 0 18	g5f6 e6f7	1436	89	mate mateIn1
iqiBT	r1b2bk1/pp3q1p/2pQn1p1/4PN2/2P1P3/7P/PP2NPK1/3R1R2 b - - 14 24	f8d6 f5h6 g8f8 h6f7	1625	94	fork
irMa0	6k1/R6p/4P3/7r/5K2/8/8/8 b - - 0 50	h5h1 a7a8 g8g7 e6e7	1676	91	advancedPawn endgame rookEndgame
irVMm	8/8/8/5P2/6p1/4pkP1/3r3P/4R1K1 w - - 0 53	f5f6 e3e2 f6f7 d2d8	2363	98	advancedPawn defensiveMove endgame rookEndgame
irVTK	8/8/1kP4p/5K1P/p7/5B2/8/2b5 w - - 0 70	f5e4 a4a3 e4f5 a3a2 c6c7 b6c7	1394	97	advancedPawn bishopEndgame endgame
iraHy	r3r1k1/1pp1npp1/1b5p/pP2p3/P1P1P3/BB3P1P/5P2/3RR1K1 b - - 0 21	e7g6 c4c5 b6c5 a3c5	1082	91	
isIT7	2r3k1/1q3R2/p3p2p/1p2P1B1/6Q1/PPn5/6bP/1B4K1 b - - 0 27	b7f7 g5e7 g8h8 e7f6 f7f6 e5f6	2432	92	discoveredAttack exposedKing
isUcY	2k1r1r1/Rp3p1p/2p1pBq1/2P5/3P4/8/2b2PPP/2Q1R1K1 w - - 2 27	a7a8 c8d7 g2g3 e8a8	1674	90	discoveredAttack
isv3J	2bb2k1/6pp/4p1p1/1r1pP3/2pP4/4BN1P/R4PP1/6K1 b - - 0 31	g8f8 a2a8 f8e7 a8c8	956	95	endgame
itLXl	5rk1/3R1pp1/Bp4b1/2p1p2n/4P3/P1N2PKP/1PP5/8 w - - 0 27	g3g4 h5f6 g4g3 f6d7	1427	95	endgame fork
itUFX	r3r1k1/pp3ppp/2pb1p2/8/P2P3N/2P1B3/1P1QBP1q/R2R2K1 w - - 1 18	g1f1 h2h1	760	100	mate mateIn1
itf7l	8/8/1p6/p3p3/2Bp4/1P1K4/1k6/8 w - - 2 48	c4d5 b6b5 d5c6 b2b3	2197	93	bishopEndgame endgame quietMove
iv5Yx	4r3/2k2pp1/2p3b1/PpP3Pp/3b3P/P1Np1B2/3K1P2/5R2 b - - 0 28	e8a8 c3b5 c6b5 f3a8	1250	95	endgame
ivate	5rk1/2p2ppp/3q1n2/4n3/Q2p4/3P1NP1/Pr3PBP/R4RK1 w - - 0 18	a4d4 e5f3 g2f3 d6d4	947	97	intermezzo kingsideAttack
ivyRU	2k1r3/1pp4p/r7/2Q1p3/8/2P3B1/1P3PqP/1K1R3R w - - 2 28	g3e5 g2e4 b1c1 e8e5	2523	86	intermezzo
iwHOQ	3r1rk1/pbp1qppp/1n6/2P5/2Pb1B2/PQN5/3RB1PP/5R1K b - - 0 19	b6d7 d2d4 d7c5 b3d1 d8d4 d1d4	1995	92	quietMove
iwJxp	1r3k1r/3b1p2/p3p2q/2P1R3/1p1P4/6P1/4Q2P/5RKB w - - 0 27	e2a6 h6h2	1252	91	mate mateIn1
iwXkc	r3kb1r/ppR3pp/3p1pb1/3P4/5N2/6N1/PP1K1nPP/5B1R b kq - 1 15	f2h1 f1b5 e8d8 f4e6	1372	100	mate mateIn2
ix43W	4r2k/r5bp/8/1ppQ4/8/1Pp5/2P3PP/1K1R4 w - - 4 34	d5g5 g7d4 g5d5 e8a8 d5a8 a7a8	2502	93	endgame quietMove
ix7M8	r4rk1/b1p3pp/p1pp1p2/8/2PP3n/1P1Q1PNq/PB3P1P/R3R1K1 w - - 5 20	d3f1 h4f3 g1h1 h3h2	1168	97	fork mate mateIn2
ix7S6	k3r3/r4q1p/P5p1/1R1b4/5P2/3QP3/5KPP/1R6 b - - 2 42	d5c6 b5b8 e8b8 b1b8 a8b8 d3d8	1338	93	attraction exposedKing mate mateIn3 sacrifice
iy2Vh	3r1rk1/5p2/p4n1R/1pp2Pp1/3pN1P1/PB3R2/1PP3K1/8 b - - 0 25	f6e4 h6g6 g8h8 f3h3	1808	89	endgame mate mateIn2 pin
iyEPV	8/8/8/2p1p1pk/1p2P3/1P1P1P1K/8/8 b - - 3 42	h5g6 h3g4 g6h6 g4f5 c5c4 d3c4	1201	100	endgame pawnEndgame zugzwang
j04Ws	r3rb1k/ppqb2p1/3pP2p/2p5/P4Q2/1P5P/1BP2PP1/R3R1K1 b - - 2 20	e8e6 e1e6 d7e6 f4h6 h8g8 h6e6	1737	94	kingsideAttack pin
j22u0	4r2k/pp4pp/5q2/8/P1N1p3/1P2Q1P1/7P/4R2K w - - 0 30	e1e2 f6f1 e3g1 f1e2	931	89	deflection endgame
j2CKU	2rkb1r1/pQp3qp/1p1pP3/3P4/2P1NPn1/3B2R1/PP1B2K1/8 b - - 0 26	e8g6 f4f5 g6f5 d2g5 g7g5 e4g5	2506	92	clearance
j34Lj	8/8/4k2p/2p1b3/K1P2pP1/B1P4P/P7/8 w - - 0 44	a4b5 e5d4 c3d4 c5d4	2560	92	bishopEndgame endgame sacrifice
j3GbX	8/1Q3pk1/P3p1p1/7p/5P1P/R5r1/6BK/3q2b1 w - - 6 48	h2g3 d1g4	1252	89	endgame mate mateIn1
j3K0v	2kr3r/pq4p1/Np2p1p1/1P2p3/8/5P1P/4R1P1/Q6K b - - 0 28	c8d7 a1e5 d7e8 a6c7	2182	90	endgame
j3VES	4R3/8/1p1b1k2/pPpP1p2/P1r5/4B3/4KP2/8 b - - 1 38	c4a4 e8e6 f6f7 e6d6	1128	95	endgame fork
j4cJw	6k1/6p1/7p/8/4Q1K1/4P1P1/7P/3q4 w - - 7 44	e4f3 h6h5 g4f4 d1d6 f4g5 d6h6 g5h4 g7g5 h4h3 g5g4 f3g4 h5g4	2457	93	endgame fork queenEndgame
j4yzx	r7/5k2/1p1rpp2/6p1/5n2/1B3P2/PP3P2/4R1RK w - - 0 35	e1d1 a8h8	1144	98	endgame mate mateIn1
j6OKq	2b2r2/p1p1Q2k/1p1p2q1/3P3p/2PbN1p1/6PP/PP4P1/4R2K b - - 1 33	f8f7 e4g5 h7g7 g5f7	1820	96	
j7iUb	N2kr3/pp1b1pQp/2nR4/8/2B1PB2/5P1q/PPP2n1P/2K5 w - - 1 17	c4f7 h3f1 c1d2 f2e4 f3e4 f1f4 d2c3 f4d6	2366	93	discoveredAttack fork
j8OaV	r1b1k2r/pp2q1pp/8/4P2Q/1b6/2pB4/PPP3PP/R4RK1 b kq - 1 16	g7g6 d3g6 h7g6 h5h8	1155	88	
j8b9M	8/1NP1k3/4p3/1r3pp1/8/7P/3K1PP1/8 b - - 0 33	e7d7 c7c8q d7c8 b7d6 c8c7 d6b5	1474	94	endgame
j9EcJ	N6r/pp1k1ppp/2n4n/4P3/1b3B2/8/PPb1KPPP/R4B1R w - - 3 12	a1c1 c6d4 e2e3 h6f5	1577	95	mate mateIn2
j9HGK	r2q1rk1/1pp2ppp/p1pb4/4p3/4P1b1/2NPBN2/PPP2P2/R2Q1RK1 w - - 0 12	g1g2 f7f5 f1h1 f5e4	2022	91	
j9xC8	8/4P1R1/1r5p/5k2/8/2K5/8/8 b - - 0 55	b6b8 g7f7 f5e6 f7f8 b8b3 c3b3	1303	86	endgame rookEndgame
j9zru	1k2r3/ppp2pp1/2n3rp/8/5P1q/2PRP2R/PP2Q1BP/7K b - - 1 21	h4f4 g2c6 b7c6 d3d8 e8d8 e3f4	1746	99	
jAo7w	r1bqkb2/pp2npp1/2np3Q/2pN4/2PpP3/8/PP3PPP/R3KBNR b KQq - 0 10	g7h6 d5f6	883	100	mate mateIn1
jBStH	2r1r1k1/p2nqppp/8/8/1P1pBP2/P2P2Pb/2QK3P/R1B1R3 w - - 5 21	e4h7 g8h7 e1e7 c8c2 d2c2 e8e7	1463	95	hangingPiece
jEN9K	r5k1/1b1B1ppp/p7/8/1P1Q4/6N1/q1PK1P1P/8 b - - 0 22	a8d8 g3f5 f7f6 d7e6 a2e6 d4d8	1697	94	discoveredAttack endgame
jEkkf	5r1k/4p3/3p2R1/4r2p/1p2Pq2/3B4/PP6/K5Q1 b - - 6 33	f8f7 g6g8 h8h7 g1g6	1081	100	endgame mate mateIn2
jIAUE	1Q4k1/5p2/4pPpq/2pp4/7P/1P5K/5PP1/8 b - - 0 37	g8h7 b8e8 g6g5 e8f7	1964	92	endgame queenEndgame
jIURd	8/6bk/1p1p1qp1/1P1P3p/8/2N1PbPP/1B3pBK/Q7 w - - 0 31	c3d1 f3g2 b2f6 f2f1q d1f2 f1f2	2109	94	advancedPawn promotion
jJI4i	6k1/4pp2/6pp/p2Pqb2/PpQ5/2p4P/2P3P1/5R1K b - - 1 36	f5c2 d5d6 c2f5 d6d7	1964	92	advancedPawn endgame
jKd8t	2r2r2/4k1p1/4pB2/2q5/Q7/8/P4P2/5KRR b - - 0 36	g7f6 g1g7 f8f7 g7f7 e7f7 a4d7 f7g8 d7e6	2388	90	attraction deflection endgame
jKlyk	1rk4r/4RNpp/2b2p2/2B5/8/8/5PPP/1N3K2 w - - 3 27	c5d6 b8b1 f1e2 h8e8 e7e8 c6e8	1818	91	hangingPiece
jLA7z	6k1/p1Q2pb1/3p2p1/8/4PB2/3P3q/8/2R4K w - - 0 35	f4h2 h3f3 h1g1 g7d4	1720	91	endgame mate mateIn2
jLCKN	r1b4k/pp3Q2/1b5P/3pP1q1/8/NpP3n1/PP4PP/R4R1K w - - 3 22	h2g3 g5h6 f7h5 h6h5	1286	94	mate mateIn2
jLSLn	8/pp3k2/3P4/5Pp1/4K2p/8/PP6/8 b - - 0 39	f7e8 f5f6 h4h3 e4f3 e8f7 d6d7	1941	95	advancedPawn endgame pawnEndgame
jLhgI	rn1q2kr/1p1bb1p1/p6p/2pQ4/5P2/3P4/PPP3PP/RNB1R1K1 b - - 0 13	g8h7 d5e4 h7g8 e4e7 d8e7 e1e7	1404	100	
jM4Ua	r3qk1r/ppp1b1pp/2npB2Q/4pp2/3PP3/2P5/PP3PPP/RNB1K2R b KQ - 0 10	g7h6 c1h6	691	100	bodenMate mate mateIn1
jMR9W	2k2r2/ppp1q2p/1b2p3/4p3/4P3/2PP4/PP1N2PP/R4Q1K w - - 0 18	f1e2 f8f2 e2f2 b6f2	1399	92	endgame
jMdd0	r2qk2r/1pp5/p1n1b3/5p1p/1P2pPpP/P3P3/1BP3P1/R2Q1RK1 w kq - 0 20	b2h8 d8h4 h8f6 h4f6	1603	91	
jOIPW	4kn2/p5pp/2n1p3/q2pP1P1/2rP3P/p2Q3R/1BP1N3/2K5 w - - 0 27	d3a3 a5e1	908	86	mate mateIn1
jPGDf	8/R4p1r/2k1p2P/2p1P1B1/2n2PK1/P7/8/8 w - - 0 47	a3a4 f7f5 e5f6 h7a7 f6f7 a7f7	2064	93	discoveredAttack endgame
jQF2z	r1bq1rk1/ppn3b1/8/2PpppNp/8/2NQ4/PP1BP1P1/2KR1B2 b - - 1 18	f5f4 d3h7	696	100	mate mateIn1
jQJlb	r1b3kN/pp1p1Qbp/1q1P2B1/2n5/8/2P5/5PPP/RNn1K2R b KQ - 6 19	g8h8 f7e8 g7f8 e8f8	852	90	kingsideAttack mate mateIn2
jSmsC	3k4/8/1N1P2p1/2pK1p2/6P1/7P/7b/8 w - - 2 44	d5c5 h2g1 c5c6 g1b6	2078	94	endgame
jT7k0	4rn1r/2pb3k/1p1p1q1b/1P1P3p/2P1B3/4QpPP/3B1P1K/2R3R1 b - - 0 41	f8g6 e3h6 h7g8 h6g6 f6g6 e4g6	1462	94	deflection exposedKing
jU7dO	r3r1k1/p1p4p/1p2q1pB/3p1p2/7Q/1PP2R2/P4PPK/8 b - - 1 29	e8e7 f3e3 e6d6 h6f4 g6g5 f4d6 g5h4 d6e7	2446	93	defensiveMove endgame
jUA74	r1b2r1k/p2n1pb1/5Npp/1pppP1N1/2qP3Q/6BR/5PPP/5RK1 b - - 1 22	c4d4 h4h6 g7h6 h3h6 h8g7 h6h7	1460	97	exposedKing hookMate kingsideAttack mate mateIn3 sacrifice
jUHdG	2k5/p1p3p1/2p1Pp1p/8/2Prp3/2P3P1/P6P/R5K1 b - - 0 23	d4c4 a1d1 c4c5 e6e7 c5e5 d1d8	1483	96	advancedPawn endgame quietMove rookEndgame
jWMay	8/2p2pk1/5Qp1/3pP2p/2pP2qP/1r4P1/1P3RK1/8 b - - 9 34	g7h6 f6h8	1023	90	endgame mate mateIn1
jXMZ8	2r5/R4pkp/1Q3p2/8/4p3/5qP1/PP3P1P/6K1 w - - 3 34	a7c7 e4e3 f2e3 f3d1	2537	91	endgame
jZxWz	8/8/5kp1/8/R5P1/4KP2/pr6/8 w - - 0 46	e3e4 b2b4 a4b4 a2a1q	1402	95	advancedPawn deflection endgame promotion rookEndgame
jahJM	6k1/1p3p1p/2pp2p1/Q7/2P5/PP5P/2q1rPP1/3R2K1 w - - 3 27	d1d6 c2c1 g1h2 c1f4	1434	93	endgame
jb11w	r2qr1k1/p3np1p/1pn3p1/8/3b4/3Q1NP1/PP3PBP/R1B1R1K1 w - - 0 18	c1f4 d4f2 g1f2 d8d3	781	98	discoveredAttack kingsideAttack
jbHfe	1r1r3k/p1bq2pp/4np2/2pbnN2/4N1P1/4B2P/PP2QPB1/3RR2K w - - 2 28	e4c5 d5g2 h1g2 d7c6	1631	94	attraction kingsideAttack
jcBgj	3r2k1/2N2pp1/Q2p1n1p/2p5/4q3/7P/PPP2PP1/3R2K1 w - - 1 22	d1d6 e4e1 a6f1 e1f1 g1f1 d8d6	937	99	endgame
jd6I5	1r6/p3nk2/4pq2/2p3R1/6Q1/2P3P1/P4P2/1K1R4 w - - 1 34	b1c1 f6c3	679	97	endgame mate mateIn1
jd8Ei	4r2k/p4rpp/P1p3q1/1p2n3/4p2n/1Q2B1N1/1PR2PPP/3R2K1 b - - 1 29	e5d3 c2c6 g6c6 b3f7	1826	92	deflection
jeC91	5k2/2P1ppb1/K2n2p1/8/2NP1PPP/1r6/8/8 b - - 3 38	d6c4 c7c8r	652	100	advancedPawn backRankMate endgame mate mateIn1 promotion
jeFW6	8/8/8/4k2p/2pr1p1P/P2R1Pp1/4K1P1/8 w - - 0 46	d3d4 e5d4 e2d2 c4c3 d2c2 d4e3 a3a4 e3f2 a4a5 f2g2	2010	91	endgame
jgj7h	r1b1qr1k/ppp1b1pp/2n5/3QPp2/2BP4/2P2NP1/PP5P/R1B1K2R w KQ - 1 14	c1g5 e8h5 e1g1 e7g5	2332	91	
jgyTn	r1b1k2r/pp3ppp/3b4/4p3/8/1PQ5/PBPPqPPP/R3R1K1 b kq - 3 14	e2h5 b2a3 d6a3 e1e5 h5e5 c3e5	2386	92	deflection fork sacrifice
jh0RE	7r/k7/p7/2qP1p2/8/4PQ1p/3N2rP/3RKR2 w - - 0 35	f3f5 c5e3	638	100	mate mateIn1
jhZjF	1r2r1k1/p4ppp/5qn1/2b5/4B3/2P3P1/P1Q2P1P/R1BR2K1 w - - 1 19	a1b1 b8b1 c2b1 f6f2	1917	93	
jhyaS	r5q1/ppp2p1k/3p1prp/2b1pQ2/2B1P2B/3P1P2/PPP2P1K/6R1 w - - 9 19	g1g6 g8g6 c4f7 g6f5	1376	91	
jiJCh	r3r1k1/pp2qppp/2n5/3p4/3P1B2/2P3Pb/P1P1BP1P/R2QR1K1 w - - 0 15	e2g4 e7e1 d1e1 e8e1 a1e1 h3g4	1128	96	kingsideAttack
jjHtP	4R3/p5pk/1p6/3p4/6Kp/P1P4P/2R2P2/6rr w - - 4 37	g4h4 g7g5 h4h5 h1h3	1034	98	deflection endgame mate mateIn2 rookEndgame
jjInv	8/1B6/8/8/3K1k2/6pp/5p2/R7 w - - 0 50	d4d3 g3g2 d3e2 g2g1q	1616	97	advancedPawn endgame promotion
jlSSM	8/2r2q1k/6p1/7p/1P2QPnP/P3P3/1B2K1R1/8 w - - 0 57	e2f3 c7e7 e4d4 e7e3 d4e3 g4e3	1797	94	endgame
jlvMP	8/8/2p4p/1pPrk3/1P2p3/4Pp2/3R1P1P/4K3 w - - 5 45	d2d5 e5d5 e1d2 d5c4	980	95	endgame
jnmqQ	rn1qkb1r/pp2nppp/2p1p3/4Nb2/4N3/3B4/PPPP1PPP/R1BQ1RK1 b kq - 3 7	g7g6 e4f6	989	100	mate mateIn1
johGl	8/2rq2p1/p6p/1p1p1bRk/1P3Q1P/P4P2/2PR1P2/2K5 b - - 9 31	h6g5 f4g5	787	99	endgame mate mateIn1
jpJTJ	r2q1rk1/ppp1nppp/3pb3/8/2BQP3/2N5/PPP2PPP/R4R1K w - - 1 12	a1d1 e7c6 d4d3 c6e5 c4e6 e5d3	1748	93	
jqr2O	3r2k1/5Qpb/3N3p/7P/p2p2P1/3P4/4R2K/3q4 b - - 0 33	g8h8 e2e8 d8e8 f7e8 h7g8 d6f7 h8h7 e8e4 g7g6 e4g6	1665	94	endgame mate mateIn5
jsaY3	5R1r/pp4Q1/3kp1P1/2qp3p/8/8/PP4PP/6K1 w - - 2 30	g1h1 c5c1 f8f1 c1f1	623	100	endgame mate mateIn2
jvZbI	3r1rk1/p4p2/1pp1q1pp/4P3/4Q2P/4KP2/PPP3R1/6R1 b - - 3 26	d8d5 g2g6 f7g6 g1g6 g8f7 g6e6	1256	96	endgame fork sacrifice
jwKoZ	r6k/4r2p/p3p3/1p2PpQ1/1P1pqP2/2n2R1P/P1P4K/6R1 b - - 3 28	e4f3 g5f6 e7g7 f6g7	1271	98	endgame fork mate mateIn2
jxHt5	n7/P7/2p5/2K5/7p/2P3k1/8/5N2 b - - 4 47	g3f2 f1h2 f2g2 c5c6 h4h3 c6b7 g2h2 b7a8	2224	91	endgame knightEndgame quietMove trappedPiece
jxkAc	r4rk1/p2b1p1n/1p1p1q1Q/2pPp1B1/2P1P1P1/2NB4/PP5R/R5K1 b - - 0 25	f6g5 h6h7	798	99	kingsideAttack mate mateIn1
jxzlu	2r1kb2/1Q4p1/3p1pn1/pN1P4/P3P3/5B2/1q1K4/2R1R3 w - - 0 31	d2d3 g6e5 d3e3 b2b3 e3f2 b3f3	2328	93	fork
jy6CS	1r1q1rk1/pBp2bpp/3p4/4n3/1PP5/P1NP2P1/3Q1P1P/2R2RK1 w - - 1 18	b7d5 f7d5 f2f4 e5f3 f1f3 d5f3	1474	91	fork
k071d	r7/1q3pk1/pn2p3/1p2P1BQ/P1p5/3r4/6PP/R5K1 b - - 1 26	a8h8 g5f6 g7g8 h5h8	1096	93	mate mateIn2
k0Ckn	r5k1/3p2pp/4p3/2N1P3/p7/1pP5/1K3rPP/R6R w - - 0 28	b2b1 a4a3 c5b3 f2b2 b1c1 b2b3	1959	94	endgame exposedKing fork
k1jy5	2r5/1p4p1/5kPp/p2PRb1B/P4P2/2r1K3/3R4/8 w - - 7 53	e3d4 c8c4	1111	96	endgame mate mateIn1
k3IhH	r4rk1/p1pn1p2/1p1p2p1/4pbP1/3P4/P1P2P2/2PKB2R/7R b - - 2 21	f8e8 h2h8 g8g7 h1h7	785	97	kingsideAttack mate mateIn2
k5Vtv	6Q1/4k2p/6p1/6P1/3P2p1/1KP5/5q2/8 w - - 0 57	g8h7 f2f7 h7f7 e7f7	671	100	endgame queenEndgame
k5jdA	r1b1kb1r/p3pppp/1qpp4/8/4PBn1/2N5/PPP2PPP/R2QKB1R w KQkq - 2 9	f2f3 b6f2	840	98	mate mateIn1
k6kaj	5r2/ppp2Npk/1q5p/4p3/2Q1P3/1PP5/P4r2/1K4RR w - - 1 28	f7e5 b6a5 b3b4 a5e5	2235	93	
k6tv1	r2q1rk1/pp3pbp/2npp1p1/8/8/1N2BP2/P1PQ2PP/1R2KB1R w K - 2 15	e3h6 d8h4 g2g3 h4h6 d2h6 g7h6	1377	96	
k7N1s	3k4/ppp4p/3bQ3/6p1/5q2/2P2K1P/PP6/5R2 w - - 4 31	f3g2 f4g3 g2h1 g3h2	1338	99	endgame mate mateIn2
k8Ul1	rn2kb1r/pp3ppp/2p2n2/1B1P4/5P1q/5K1P/PPPP4/RNBQ3R w kq - 0 10	d5c6 h4h5 f3g2 h5b5 c6b7 b5b7	1673	87	fork
k8mUb	2r2k2/1q1p4/p3ppr1/1p5p/2n2Q2/1RP2N1P/P2P1PP1/4R1K1 b - - 1 29	c4d2 f3h4 g6g2 h4g2	2333	87	
k9ToK	1b3Q2/1pkq3p/6p1/2pP1p2/2P5/8/P1B2P2/7K b - - 6 36	d7d8 f8c5 c7d7 c2a4 b7b5 a4b5	1701	88	endgame mate mateIn3
k9muW	2rq1k1r/p4ppp/1pQR4/8/8/8/PPP2PPP/4R1K1 b - - 0 18	c8c6 d6d8	652	100	endgame hangingPiece mate mateIn1
k9nXC	1b3rk1/pp1b1p1p/4p1p1/q2pPP2/3P4/3BQ1P1/6K1/7R b - - 0 29	e6f5 e3h6 a5d2 h6d2	1521	94	
kAUAj	4r1k1/pp3p1p/5p1B/2p4P/4q3/2P3P1/PP3P1n/R2Q2K1 b - - 6 27	h2g4 f2f3 e4e5 h6f4 e5h5 f3g4	2262	91	endgame fork
kBWxe	rnk5/pp3Q2/1q3p2/3p4/3P4/P1P5/6PP/4R1K1 b - - 0 24	b8d7 f7g8 b6d8 e1e8	2354	92	endgame pin
kCpLt	r3k1nr/1b3pb1/pp2p2p/2q1N1p1/8/2N3P1/PPP2PBP/R2QR1K1 b kq - 0 15	b7g2 d1d7 e8f8 d7f7	1015	98	mate mateIn2
kDHN6	8/6pk/2p2p1p/3b4/p2BqP2/P6P/1P3QPK/8 w - - 6 45	f2e3 e4g2	781	100	endgame mate mateIn1
kDqd8	1k5r/pp2nppp/2n1p3/q1Nr4/P2P4/1Q3P1B/1P3P1P/2KR3R b - - 2 16	c6d4 b3b7	769	100	mate mateIn1 queensideAttack
kF5mo	2r4k/3q2p1/4R2p/1p3P2/pQ6/6PK/7P/8 b - - 0 40	c8c4 b4f8 h8h7 e6e8 d7e8 f8e8	2073	93	endgame quietMove
kGujI	2b3k1/p2n2pp/2pNp3/2P1P3/3P4/3q4/PP4PP/5QK1 b - - 0 26	c8a6 f1f7 g8h8 f7e8 d7f8 e8f8	1252	99	endgame fork mate mateIn3
kGzJp	8/7p/2p5/3n1k2/6p1/3R4/1P5P/5K2 w - - 0 51	f1g2 d5f4 g2f2 f4d3	772	100	endgame fork
kHFvq	r7/8/4p3/2PkP3/1P6/2B2KP1/8/8 w - - 6 51	g3g4 a8a3 f3f2 a3c3	1312	98	endgame pin
kKIDb	4r1k1/ppp2pp1/2n4p/3b2q1/8/2BB2Q1/PPP2PPP/R5K1 b - - 1 19	c6e5 a1e1 g5g3 h2g3 e5f3 g2f3 e8e1 c3e1	2309	86	
kLc2P	2Nk4/3p1ppq/P3p3/4P3/P3b3/2Q5/1KB4r/R7 w - - 11 39	c8d6 h2c2 c3c2 e4c2	978	97	fork
kOblX	r3r1k1/ppp2p2/3p1B1p/4P3/5Pb1/3Bb3/PPPR3P/2K4R b - - 3 17	e3d2 c1d2 d6e5 h1g1 h6h5 h2h3	1719	90	pin
kOg2w	4r1k1/pQ3ppp/1pp5/q7/P7/8/4nPPP/3R1N1K b - - 3 31	a5a4 b7e7 c6c5 d1d8	2260	94	endgame pin
kPBHR	5rk1/pp4Rp/4rq2/8/2p3Q1/2P5/P1P4P/6RK b - - 0 26	g8h8 g7g8 f8g8 g4g8	741	100	endgame mate mateIn2
kRdTR	2Q1R3/kr3pp1/pp1p3p/8/P7/7P/2P3PK/5q2 b - - 9 36	b6b5 c8a8 a7b6 a4a5 b6a5 a8b7	1415	94	deflection endgame
kSUc8	rn2r1k1/ppb2p2/2pq1n2/3p2p1/1P1P4/P1NQPN1P/6P1/R1B2RK1 w - - 0 17	f3g5 d6h2 g1f2 h2g3	1692	86	kingsideAttack
kSVYG	6k1/p1R4p/1p4pb/8/8/rP2N2P/5PP1/6K1 w - - 1 32	e3c4 a3a1 g1h2 h6f4 g2g3 f4c7	1136	100	endgame fork
kSk4K	r7/p1Q4p/k1p3p1/6B1/2P5/8/PPPK3P/q7 b - - 12 36	a1b2 c7c6 b2b6 c6a8	1087	100	endgame fork
kSwfi	8/p2Q1p1k/7p/6p1/6K1/1P4P1/P6P/5q2 b - - 1 43	a7a6 d7f5 f1f5 g4f5	1247	85	endgame queenEndgame
kT9oo	8/1p6/p7/kr6/5RP1/8/8/5K2 b - - 0 68	b5b4 f4b4 a5b4 g4g5	1264	96	defensiveMove endgame rookEndgame
kTGmw	2R5/4kpp1/8/3BpK1p/4P3/4b1P1/6P1/5r2 w - - 12 43	f5e5 f7f6	1078	98	endgame mate mateIn1
kTjaS	1r1q1r2/4ppk1/p1p4p/3nPpN1/2p1N3/3P2Q1/PPP3PP/R5K1 b - - 1 18	g7h8 g3h3 d8b6 g1h1 h8g7 h3f5	2370	95	defensiveMove pin
kUJ15	r2qkbnr/5ppp/p1n1p3/1p1pP3/Q2N4/2N5/PPP2PPP/R1B1K2R w KQkq - 0 11	c3b5 a6b5 a4b5 d8a5 b5a5 c6a5	1701	92	
kUYew	3r3k/1q4pp/1p2n1n1/p1p3N1/2P1P3/3Q2B1/PP4PP/5RK1 w - - 3 24	g5f7 b7f7 d3d8 e6d8 f1f7 d8f7	1596	85	
kUsXh	r3k2r/p2qpp1p/1pn3p1/2p1P3/4Q2B/2P1P3/P4PPP/3RKR2 b kq - 2 15	d7e6 d1d6 e6c8 d6c6	2199	92	
kVOnd	8/7p/1p1R2k1/p1pKp3/2PbN1p1/1P5P/6r1/8 b - - 1 42	g6f5 d6f6	722	100	endgame mate mateIn1
kWywk	r4rk1/pp1n1ppp/3qb3/2p1p2Q/P1Bn4/2PP1N2/1B3PPP/R4R1K b - - 0 15	d4e2 f3g5 d7f6 h5e2 e6c4 d3c4	1502	92	discoveredAttack
kXM3r	8/3R2pp/p4pk1/1Pp5/6q1/1P2Pb2/2PQ1PPP/6K1 w - - 2 26	g2g3 g4h3 d2d3 g6h6 d3f1 h3d7	1772	96	defensiveMove endgame
kXh3H	1R3r2/p2R1pkp/4p1p1/5q2/8/2n5/P3QPPP/6K1 w - - 0 24	e2b2 f5e5 b2c3 e5c3	2146	91	endgame
kYIAX	r1q1r1k1/1b3ppp/p1n1p2B/1p2b1Q1/3pN3/P2R4/1PB2PPP/4R1K1 b - - 3 22	f7f6 g5g7	649	100	kingsideAttack mate mateIn1
kZJ3L	2k5/1R5R/7p/4p1b1/4P3/r5p1/6P1/6K1 w - - 0 50	b7g7 a3a1	693	100	endgame mate mateIn1
kZLFx	8/8/2k4p/1p4p1/1K3pP1/1P3P1P/8/8 w - - 2 46	b4a5 c6c5 b3b4 c5c4 a5b6 c4b4	1074	94	defensiveMove endgame pawnEndgame zugzwang
kaFES	r4rk1/pp2ppbp/1q1p2p1/n2P3n/4PP2/P2B1Q2/1P1N2PP/R1B2R1K b - - 0 14	g7b2 a1b1 b2c1 b1b6	1750	94	
kaPjy	8/p7/1p3k1p/8/8/1P6/P4r1P/6RK w - - 2 30	g1g2 f2f1 g2g1 f1g1 h1g1 f6e5	2072	93	defensiveMove endgame rookEndgame
kazPh	r3r1nk/2p2p2/p2b1B1P/1p2pQ1q/3pP3/1P1P4/1PP2P2/R4RK1 b - - 3 26	g8f6 f5f6 h8g8 f6g7	1043	95	kingsideAttack mate mateIn2
kbklo	8/8/5p2/4k3/5pPp/5K1P/5P2/8 w - - 2 69	f3g2 e5e4 g2f1 e4f3 f1e1 f3g2	1357	100	endgame pawnEndgame zugzwang
kbqAj	4r1k1/7p/p1p1q1p1/2p2p2/P1P2P2/1Pp2QPP/2P4K/5R2 w - - 2 29	f3c3 e6e2 h2g1 e8e3 c3e3 e2e3	1297	87	clearance endgame fork
kcTnu	5rk1/1b4pp/p7/3N3Q/3b1B2/7R/PPq2PPP/R3r1K1 w - - 1 23	a1e1 c2f2 g1h1 f2e1	1156	98	backRankMate fork mate mateIn2
kdlKx	3r3k/p6p/3n4/2Q5/8/2P1P1RK/PP5P/3q4 b - - 1 39	d6e4 c5e5 e4f6 e5f6	1127	100	endgame fork mate mateIn2
keC8V	5r1k/ppn2pRr/2pN1P2/3pP3/3P1q2/2P5/PPK3R1/8 b - - 3 32	c7e6 d6f7 f8f7 g7g8	1731	89	kingsideAttack mate mateIn2 sacrifice
keOsZ	8/6p1/6P1/4pp2/2k4K/4P3/5P2/8 b - - 3 40	c4d3 h4g5 d3e4 f2f4 e4d5 g5f5	2320	88	endgame pawnEndgame zugzwang
kgcw2	8/8/1NP5/p7/7p/1P3pk1/1P6/4K3 w - - 1 49	e1f1 h4h3 c6c7 h3h2	1112	95	advancedPawn endgame knightEndgame
khRJK	5k2/1p6/p1b1prPQ/3pp3/8/8/Pq3P1P/5RK1 b - - 0 34	f8e7 h6g7 e7d6 g7f6	1891	94	deflection endgame
kie3f	8/8/8/kp6/1p1P4/pK4R1/P1Pr4/8 w - - 4 51	c2c3 d2b2	814	100	endgame mate mateIn1 rookEndgame
kjRxc	r1bqk2r/pp2npbp/2n1p1p1/1B4B1/3pP3/2N2N2/PP2QPPP/R2R2K1 b kq - 3 11	e6e5 c3d5 e8g8 b5c6	1838	89	
kkIin	1k6/p4R2/2p2p2/8/1pP4n/3r3r/1P3P2/4RK2 b - - 4 41	d3d2 e1e8 d2d8 e8d8	691	100	endgame mate mateIn2
klWD7	6k1/pp3pp1/7p/2p5/3r4/2qB4/P3KPPP/3Q3R w - - 0 21	d1d2 c3d2 e2d2 c5c4	1534	95	endgame
klgtT	r4rk1/1pp2ppp/p2qpnn1/3pNbB1/P2P4/2P3P1/1P2PPBP/R2Q1RK1 b - - 4 12	g6e5 d4e5 d6e5 g5f4 e5f4 g3f4	2020	93	trappedPiece
kmc1P	3R1nk1/q5pp/p3N3/3pP3/8/6Q1/Pr3rPP/4R1K1 w - - 2 25	g3e3 f2g2 g1h1 g2h2	1094	90	
kmvnx	8/4kp2/4pr2/7p/3q4/Q5P1/5P1P/2R3K1 b - - 1 35	e7e8 a3a8 e8e7 c1c7 e7d6 a8c6 d6e5 c6b5	2467	94	endgame
koDBD	8/5kb1/p6p/Pp1p1n2/1PpP1p2/2P2N2/5PPN/6K1 b - - 1 32	f5d4 f3d4 g7d4 c3d4	1395	92	endgame
kouit	8/4Q1p1/5pkp/1bP5/1P4PP/2B2P2/8/3q2K1 w - - 1 48	g1g2 d1f1 g2g3 f1g1 g3f4 g1h2 f4e4 h2e2 e4d5 e2e7	2218	93	endgame skewer
kpbIP	r3r1k1/pp1bbppp/2pp1n2/2n5/5B2/2NP1N1P/PPP2PP1/R3RBK1 b - - 2 14	g7g6 e1e7 e8e7 f4d6 e7e6 d6c5	1946	92	capturingDefender fork
kpbet	r5k1/pb1n2p1/1p2p3/4P1qp/1PPBp3/P6P/2Q1B1K1/R4R2 w - - 1 25	g2f2 e4e3 f2e1 g5h4 e1d1 h4d4 c2d3 d4a1	2377	91	exposedKing fork
kqPiO	r2q1rk1/ppp1bppp/2n1pn2/8/3PN1b1/1P1B1N2/PBP2PPP/R2QK2R b KQ - 0 9	c6d4 b2d4 g4f3 e4f6 e7f6 d4f6 d8f6 g2f3	2430	91	kingsideAttack
kqn1r	4k3/p1R5/1p3P2/2p2K2/5P2/8/3r4/8 b - - 3 39	d2d7 c7d7 e8d7 f5g6 d7e8 g6g7	1883	96	defensiveMove endgame rookEndgame
krbts	r5r1/pp2R3/1kp3Q1/3q4/P2P4/7P/1P3PP1/3R2K1 w - - 1 29	e7g7 g8g7 a4a5 b6a6 g6g7 a8g8 g7g8 d5g8	2121	89	endgame
krkC9	r2q1rk1/3b3p/p3p3/np2PpP1/1bpN1R2/4B2B/P6P/2RQ2K1 b - - 1 22	d8g5 f4g4 g5g4 h3g4	1486	89	defensiveMove pin
krnUj	3KR3/5k2/3P4/r7/6P1/8/8/8 w - - 7 92	d8d7 a5a7 d7d8 a7a8 d8c7 f7e8	2135	91	deflection endgame rookEndgame
ksOj3	8/5p1Q/4p3/8/3P1q1k/8/4K1P1/8 b - - 18 59	h4g3 h7h3	896	100	endgame mate mateIn1 queenEndgame
ksn1q	4r1k1/6p1/2p5/1p1bBP2/p2P3p/P1P3rq/4RRP1/2Q3K1 b - - 0 36	g3g2 f2g2 e8e5 d4e5 d5g2 e2g2	1826	93	
kux1f	7r/1p2k1p1/p6p/4P3/1PpRp3/P1P5/6PP/6K1 b - - 1 31	h8d8 d4d8 e7d8 g1f2 d8e7 f2e3	1711	97	endgame rookEndgame
kvMXA	8/3k4/K5pp/2P5/3p4/P6P/6P1/8 w - - 0 40	a6b6 d7c8 b6b5 d4d3 b5c4 d3d2	2103	94	advancedPawn endgame pawnEndgame
kvXaf	r2q2k1/b1p2ppp/p1nprn2/1p1Np3/1P2P3/P4N1P/1BPP1PP1/R2QR1K1 b - - 1 13	f6d5 e4d5 e6e8 d5c6	1062	90	fork
kvZ5r	1k2R3/p4p2/Qpp2pp1/3r4/3q4/7P/PPP5/2K5 b - - 3 31	b8c7 a6a7 c7d6 a7e7	1926	93	dovetailMate endgame mate mateIn2
kvrpn	8/k1p3p1/bp6/p3P2p/n1pP3P/P5P1/5rB1/KR5R w - - 2 41	g2d5 a4c3 b1b2 f2b2 a1b2 c3d5	1573	95	endgame fork
kwWXH	5r1k/5p1p/2qp4/1pp2P2/7P/P1P1rPR1/8/R2Q3K b - - 2 27	f8g8 g3g8 h8g8 d1g1 g8f8 g1e3	1132	95	attraction endgame fork
kykkh	4r3/1Q4k1/p1n3p1/5pNp/P1pq3P/5p2/5PP1/6K1 b - - 0 33	g7f6 b7f7 f6e5 g5f3 e5d6 f3d4	2195	93	endgame fork
kyqtD	6k1/p1p1rppp/2p2q2/1r6/2Q5/B1P5/P4PPP/4R1K1 w - - 0 21	e1e7 b5b1 c4f1 b1f1	986	96	endgame
l0dMJ	8/5p1k/6p1/2p1Q3/3pP3/3Pn2B/5K2/2r5 w - - 6 45	e5f6 c1f1 h3f1 e3g4 f2f3 g4f6	1265	100	endgame exposedKing fork sacrifice
l0jz0	k5rr/p3Q3/8/5ppp/3q4/5P2/5P1P/R5RK b - - 0 30	d4f2 g1g2 g8e8 e7e8 h8e8 g2f2	2115	95	endgame
l1c4v	1k6/3r4/2Q4p/5pp1/P2q4/1P4P1/1K1p3P/3R4 w - - 1 50	b2c2 d7c7 c6c7 b8c7	1533	94	endgame pin
l343w	2Rr1k2/3P1ppp/1pBn4/p7/8/6P1/1r3P1P/4R1K1 b - - 8 32	d6c8 e1e8 d8e8 d7e8q	960	98	advancedPawn endgame mate mateIn2 promotion
l3LP2	8/8/8/5K2/P2k3p/1P3p1P/2Bb4/8 w - - 0 46	c2d1 d4e3 d1f3 e3f3	1988	93	bishopEndgame endgame
l4eU1	2r2rk1/4bppp/p1b1pn2/1p6/1P6/PB2P3/1BRN1PPP/2R3K1 b - - 3 18	c6b7 c2c7 c8c7 c1c7 f8d8 c7e7	2357	92	fork
l5Mwp	8/1p3pk1/p3r3/3R3p/1P3Pp1/P5K1/5P2/8 b - - 2 37	g7g6 f4f5 g6f6 f5e6	1597	96	endgame fork rookEndgame
l5aUF	5r1k/5pRp/pr3P2/1p1p4/4p2R/2P3P1/PP5P/6K1 b - - 4 29	b6f6 h4h7	995	97	endgame mate mateIn1 rookEndgame
l6LyL	5R2/6r1/8/6K1/5p2/5k1P/8/8 w - - 2 54	g5f5 f3g3 h3h4 f4f3 h4h5 f3f2	2045	91	advancedPawn endgame rookEndgame
l7KV6	1k1rr3/1pp2p1p/1b3n2/PN6/1P6/1bP5/5PPP/R1B1KB1R w KQ - 1 18	f1e2 d8d1	1133	94	mate mateIn1 pin
l8ZPm	8/8/p4k1p/2p2p2/2P1pPP1/P3K3/7P/8 w - - 0 36	a3a4 f5g4 e3e4 h6h5 a4a5 h5h4 f4f5 g4g3	2232	98	endgame pawnEndgame quietMove
l91mj	3rkb1r/p1pb1ppp/2B5/2n5/8/4B3/PP2KPPP/3R2NR w k - 1 18	e3c5 d7c6 d1d8 e8d8 c5f8 c6g2	2221	91	hangingPiece
l9DNc	r1b1k2r/pp5q/2P1p3/4bp2/Q3p3/P5PP/1P2PPB1/2R2RK1 b kq - 2 19	b7c6 a4c6 h7d7 c6a8	871	91	fork
l9YRw	3q1r1k/p1r1n1pp/1b1N2p1/1p1nP3/2pPQ3/P6P/BB3PP1/3RR1K1 b - - 1 27	f8f4 e4f4 d5f4 d6f7 h8g8 f7d8	1486	95	fork sacrifice
l9wPm	1k4r1/b1p2p2/B2n4/3P4/Pp6/3P3P/1PP1QqP1/4R2K b - - 4 34	g8g2 e2e8 d6c8 e8c8	625	100	mate mateIn2 queensideAttack
lAxf9	2k1r3/ppp3pp/5p2/4n3/8/4N3/PPP2PPP/2K1R3 w - - 1 18	e3c4 e5d3 c2d3 e8e1	1052	100	discoveredAttack endgame queensideAttack
lBn6V	2r3k1/p4ppp/npB5/4P3/5P2/4R1P1/P6P/6K1 w - - 1 25	e3d3 a6b4 d3d7 b4c6	1485	94	endgame fork
lBoyK	4rr1k/ppp4p/3p2q1/3Q4/3NR3/2P2pnP/PP1B1P1K/3R4 w - - 0 28	e4e8 g3f1 d1f1 g6g2	1554	96	clearance mate mateIn2 sacrifice
lCYui	2kr3r/pB1pp3/1p4p1/4P2p/8/5Q2/P1Pq2PP/5R1K b - - 0 22	c8b8 b7a6 d7d5 e5d6 d8d7 f3f8	2345	92	enPassant endgame quietMove
lDxKm	4q2k/ppQ5/5r1p/3p1NbP/3P2B1/1KP5/PP6/8 b - - 0 38	e8b5 b3c2 f6f5 c7c8 h8g7 c8f5	2023	97	endgame exposedKing fork sacrifice
lE8Rx	4r1k1/pp2q2p/6p1/2p2p2/3nPP2/4Q1PP/PP4K1/3RR3 w - - 0 34	e4f5 e7e3 e1e3 e8e3	685	100	endgame
lENU5	8/8/4p3/4kpp1/8/4KPPP/8/8 w - - 1 45	e3d3 f5f4 g3g4 e5d5 h3h4 g5h4	1704	100	endgame pawnEndgame
lEmMH	r4rk1/1bq1bppp/p2p2n1/2pB1N2/8/6B1/P3QPPP/2RR2K1 b - - 1 19	f8e8 e2b2 e7f6 b2b7 c7b7 d5b7	2296	92	
lFDjB	7k/1Q1R1r2/p5pp/1p2P2q/8/P1P1P3/1P2K3/8 w - - 2 44	e2e1 h5h4 e1d2 h4f2 d2d1 f2f1 d1c2 f1f5 e3e4 f5d7	2492	95	endgame exposedKing
lFUG8	r2q1r1k/p1pn2bp/1p4p1/3QPp2/2P5/1P2P3/PB1N2PP/R4RK1 b - - 0 16	d7e5 b2e5 d8d5 e5g7 h8g7 c4d5	1558	94	kingsideAttack sacrifice
lGLdt	4r3/pp3pkp/5p2/3Q1p2/5q2/2P2P2/PP4PP/5RK1 w - - 0 25	d5b7 f4e3 g1h1 e3f2 b7a6 e8e1	2286	93	clearance endgame pin
lHAOW	5r1k/2R3p1/p2p2qp/1p1Q2n1/4P3/1N4B1/PP3PK1/8 w - - 1 33	d5d6 f8f2 g2f2 g5e4 f2e3 e4d6	2121	94	attraction fork sacrifice
lHDXf	2r3k1/Q4ppp/p3p3/3b4/1P2pq2/P7/2r3PP/1R3R1K b - - 1 27	f4g5 a7f7 g8h8 f7f8 c8f8 f1f8	849	97	backRankMate mate mateIn3 sacrifice
lIDte	r1q3rk/p4p2/1p3p1p/2bRp3/2P5/P1Q2N2/1P3PPP/5RK1 w - - 2 22	b2b4 c8h3 g2g3 g8g3 h2g3 h3g3 g1h1 g3h3 f3h2 h3c3	2325	92	
lIdxw	1rb2r1k/2qn2pp/2pb1p2/4pPBQ/p1BpP3/1P4R1/P1P3PP/3NR1K1 b - - 1 20	f6g5 h5h7 h8h7 g3h3	1773	85	attraction kingsideAttack mate mateIn2 sacrifice
lIqe7	8/6R1/5K2/7p/8/5k2/5P1r/8 w - - 0 42	f6g5 h2g2 g5f6 g2g7	1261	95	endgame rookEndgame
lKNFN	rkb4r/pp3R2/2p5/2N1p2p/6n1/P2B4/1PP3P1/3R2K1 b - - 5 25	b7b6 c5a6 c8a6 d3a6	1829	93	queensideAttack
lNUK4	8/2bB3p/p1Pp2Rk/5p2/3Q1P2/P7/5KPq/8 b - - 0 36	h6g6 d7e8 g6h6 d4f6	1361	96	endgame mate mateIn2
lNnP9	6k1/1p4bp/p5p1/4P3/2p1p3/P1B5/1P2K1PP/8 b - - 1 30	g8f7 e5e6 f7e6 c3g7	740	100	bishopEndgame deflection discoveredAttack endgame
lPZeP	r6r/2p1kp2/1pp1P2p/3n4/3QP3/q4B1P/2P5/1K1R3R w - - 2 29	e4d5 a8a4 d5d6 c7d6 d4d6 a3d6	2165	91	
lQtwM	5rk1/1p2Q2p/p1p2rP1/8/3q2P1/7P/4R2K/5R2 b - - 0 39	d4d6 e7d6 f6d6 g6h7 g8h7 f1f8	1741	97	advancedPawn endgame
lQzvT	8/6pk/2R5/8/3PN3/7P/r5r1/5K2 b - - 0 32	g2h2 e4g5 h7h8 c6c8	1061	89	endgame mate mateIn2
lRYS7	5b1r/1kp2ppp/p3p3/7q/2P3b1/5N1P/PP1BBPP1/R3K2R b KQ - 0 15	g4f3 e2f3 h5f3 g2f3	688	100	fork
lRsdt	2kr3r/pp1nqp2/2Q1pn1p/8/P2P2p1/2PB2B1/1P3PPP/R3R1K1 b - - 0 20	b7c6 d3a6	670	100	bodenMate mate mateIn1
lRuhm	1k1r3r/pp3p2/2p2n2/4p3/2PqP1p1/1P1n2Pp/P3QP1P/1N1R1RKB b - - 1 23	d4b2 d1d2 b2d4 f1d1	1916	94	clearance defensiveMove
lSeIC	6k1/3R1ppp/3q4/2p5/2n5/1rP3PP/5PB1/1R4K1 w - - 0 26	d7d6 b3b1 g1h2 c4d6	1092	97	endgame hangingPiece intermezzo
lT8rn	r6r/p3kp2/1p3p2/2b2P1p/5P2/1PNp2P1/R3p1KP/4R3 b - - 1 33	c5b4 c3d5 e7f8 d5b4	893	100	endgame fork
lTs8O	3k4/R7/p3p1p1/8/P3N3/3n1P2/r5PP/6K1 w - - 7 38	a7a6 a2a1	626	100	endgame mate mateIn1
lU680	1r4k1/p3Rrpp/3p2q1/2bB4/1p5Q/2B4P/PPb2PP1/6K1 b - - 1 21	b8f8 e7f7 g6f7 d5f7	1704	92	kingsideAttack
lWuUT	r1nq1rk1/3bbppp/1pp1p3/N2pP3/1P1P4/2P2N2/2Q2PPP/R1B2RK1 w - - 0 18	a5c6 d7c6 a1a8 c6a8	976	96	hangingPiece
lYAIO	2r3k1/q4ppp/p3p3/3p4/Q2P4/2R4P/P4PP1/1R4K1 b - - 0 27	c8c3 a4e8	790	99	endgame mate mateIn1
lYlG8	1R6/5pPk/1p4r1/3p4/3qnB2/P5P1/1P4QK/8 b - - 0 39	g6g7 g2h3 h7g6 b8b6 d4b6 h3h6 g6f5 h6b6	2273	92	endgame exposedKing sacrifice skewer
lYqxO	6k1/1Qp2pp1/p7/8/1Pq1r2p/P5P1/5PKP/3R4 w - - 0 27	d1d7 h4h3 g2h3 c4f1	1660	94	attraction endgame mate mateIn2
lZ8z2	1Q4nk/p5p1/1p6/4p1q1/P3P2p/2P2pP1/1P3P1P/3R2K1 w - - 0 31	d1d8 g5c1 d8d1 c1d1	652	100	endgame mate mateIn2
lailO	2r5/4kp1p/1pb1p1p1/2b5/Pp1B1PP1/1B2P2P/5K2/3R4 b - - 2 28	c8d8 d4f6 e7f6 d1d8	1328	98	deflection discoveredAttack endgame
lcS6d	2r3k1/r7/2p1p3/5p1q/1P1P1Q2/2P1P1P1/5PB1/R4K2 w - - 0 33	a1a7 h5d1	849	100	endgame mate mateIn1
lcinM	3q2r1/5p1k/rp1p2nR/p2PpN2/P3P1n1/8/1PPQ2PP/4R1K1 b - - 0 24	g4h6 d2h6	689	100	mate mateIn1
ld301	8/7p/4p1p1/1k2p3/1P2PPKP/6P1/8/8 w - - 5 40	f4e5 h7h6 g4f3 b5b4	1907	93	endgame pawnEndgame quietMove
ldYEl	5B2/1Q5p/4k1p1/4b3/1pq5/6PP/5PK1/8 b - - 1 46	b4b3 b7e7 e6f5 e7d7 f5e4 f2f3 e4e3 f8h6	2564	94	endgame exposedKing
leMhZ	r7/2k5/4b1pp/p1p1P3/1pP3P1/Q2P3P/P1P2q2/KRR5 w - - 2 27	a3a4 e6d7 a4b3 a5a4 b3b2 a4a3 b2b3 d7a4	2077	88	clearance endgame
lg3Tn	7r/Q1kr4/1ppp1bpp/B2q4/5P2/P4N2/1P4PP/2R3K1 b - - 1 27	c7d8 a5b6 d8e7 c1e1	1310	87	
lhtA6	2r5/P5pp/2kp2q1/R1p1p3/1B1pP3/5P2/6PP/5RK1 b - - 0 37	c5b4 f1c1 c6d7 c1c8	1289	100	endgame queenRookEndgame
lizCM	8/1p6/5k1p/R2P3r/8/5K2/5P2/3n4 b - - 0 49	f6e7 d5d6 e7d6 a5h5	899	90	discoveredAttack endgame
ljIbZ	r3k3/pp3p2/1np1pn2/7B/1P1P1q2/P1N3rP/1B2Q2N/2R4K b q - 0 23	g3h3 e2e6 e8d8 e6h3	1733	95	pin
lk3xb	r5k1/p4p2/2Q2R1p/5p1q/2p2Pp1/8/PP6/1K6 b - - 1 37	a8d8 f6h6 h5h3 h6h3	1478	86	endgame trappedPiece
lkx0z	r2r2k1/1p3pp1/p3p2p/3p1q2/6R1/2N1Q2P/PP2RPP1/6K1 w - - 4 24	e3h6 f5g4 h3g4 g7h6	1405	87	
llXB8	8/3knpp1/1p2p3/pP1pPPP1/P2P1K2/4N3/8/8 b - - 0 45	e7f5 e3f5 e6f5 f4f5 d7e7 g5g6	1078	95	endgame knightEndgame
lloxK	8/p1R5/2p3pk/3q2pp/2PP4/3Q3P/P5P1/4r1K1 w - - 1 34	g1h2 d5d6 d3g3 e1h1 h2h1 d6g3	1439	92	deflection endgame fork
lmM4z	8/7p/8/2K5/5k2/7P/8/8 w - - 5 63	c5c4 f4g3 c4d4 g3h3 d4e3 h3g3	2020	96	defensiveMove endgame pawnEndgame
lmj4M	r3kr2/p4q2/6RQ/1pnp1pPB/2p5/1PbP4/P1P2P2/3K1N2 b - - 6 27	e8e7 g6c6 f7h5 h6h5	2213	94	
lpEw5	6k1/p1q5/3b2p1/2p5/6P1/2Q1N2K/P1P4P/8 w - - 3 40	c3d2 c7h7 h3g2 h7h2 g2f3 h2d2	1154	94	endgame skewer
lpK6U	5rk1/4qppp/p3p3/1p1pPP2/2r5/2PQ1R2/P5PP/5R1K b - - 0 25	e7a3 f5e6 f7e6 f3f8 a3f8 f1f8	1182	94	discoveredAttack endgame kingsideAttack
lpTwC	1r3r1k/pq2Npbp/6p1/2p3N1/b4Q1P/1P6/P1P3P1/2KR3R w - - 1 21	f4f7 g7b2 c1b2 f8f7 g5f7 h8g7 d1e1 g7f7	2050	93	intermezzo pin
lqNY1	r3r1k1/ppp3Bp/q7/3P1p2/3R4/6Q1/PP3PPP/5bK1 b - - 1 23	f1e2 g7f6 e2g4 d4g4 f5g4 g3g4 g8f7 g4g7	1857	94	discoveredAttack kingsideAttack mate mateIn4
lquqo	r4rk1/1bpqbpp1/p1n4B/1p1n4/1P4N1/P1NB3P/5PP1/R2Q1RK1 b - - 0 17	d5c3 d3h7 g8h7 d1d7 c3e2 g1h1	1546	92	discoveredAttack
lrBD0	8/2K1k2p/6p1/1P6/2P4P/6n1/8/8 b - - 1 48	g3f5 b5b6 f5d6 c4c5	1479	95	endgame knightEndgame
lrMyZ	4Q3/2krB1p1/1p5p/5p2/4b3/2P4P/PP1r4/2K3R1 w - - 4 29	b2b4 d2c2 c1b1 c2g2	1371	94	discoveredAttack endgame
lrbyx	4rk2/2R2p1p/p1Qp2p1/1p6/P1P2qP1/7P/5P2/6K1 w - - 0 30	a4b5 e8e2 c6a8 f8g7	2399	92	endgame
ls6gb	5rQk/pp2R1bp/6pN/8/PP6/7P/5PP1/2q1N1K1 b - - 13 35	f8g8 h6f7	1026	100	endgame mate mateIn1 smotheredMate
lsaaL	r2q1rk1/pbp2ppp/1p2pn2/n7/2BPN3/4PNP1/PPQ2PP1/R3K2R b KQ - 7 12	a5c4 e4f6 g7f6 c2h7	1801	95	discoveredAttack kingsideAttack mate mateIn2
ltcAU	2r3k1/1R2R1p1/p6p/5P1n/6N1/4N3/PP2r3/6K1 w - - 32 48	g1f1 h5g3 f1g1 c8c1 e3f1 c1f1	1241	95	exposedKing mate mateIn3
lvAGq	r2r2k1/p1R1bbpp/1p1Npp2/4P2P/5B2/P4QP1/5P1K/q2B4 b - - 2 26	f6e5 f4e5 a1e5 f3f7 g8h8 c7e7	2459	92	discoveredAttack fork
lvISg	r6r/ppp1kpp1/3p1n1p/1B1Pq3/4P3/3Q4/PP4PP/R4RK1 b - - 0 16	e5b2 a1b1 b2e5 f1f5 e5e4 d3e4 f6e4 b1e1	2474	92	pin
lvfND	1Rn1r1k1/5pp1/2p1r2p/p1Bpp3/2qP2P1/PRP4P/2PQ1P2/6K1 w - - 4 33	g4g5 e5d4 b8c8 e8c8	2072	92	
ly3Kd	8/1p2kppp/p2r4/3R4/8/1P4P1/P4PKP/8 w - - 0 28	d5d6 e7d6 g2f3 d6c5 f3e3 c5b4	1893	90	endgame
lyJZJ	2rrk3/p4p1R/1b1Pp3/8/3p1P2/P7/1P1K1P1P/6R1 b - - 0 28	d8d6 g1g8 e8e7 g8c8	1374	95	endgame skewer
lzObn	2r3k1/5rpp/8/3pB2q/3Pb3/1Q2R3/PP3PPP/R5K1 w - - 2 29	e3h3 h5g5 h3g3 c8c1 b3d1 c1d1	2207	93	
m0ay1	4rrk1/p4pp1/2p4p/1p4q1/3QRRP1/3P1P2/PPP5/1K6 w - - 3 27	d4a7 g5f4 e4e8 f8e8	1711	88	endgame
m0vIO	4r1k1/3R3p/1B4p1/3K2b1/PP2p3/8/6PP/8 w - - 0 42	d7d8 g5d8 b6d8 e8d8	1769	87	endgame
m13H2	r1bqk1nr/p1p2ppp/3p4/1p1Pn3/QbP5/2N5/PP2NPPP/R1B1KB1R w KQkq - 0 9	a4b4 e5d3 e1d2 d3b4	880	100	fork
m1Ylm	r1bk2n1/ppp3Pr/3p1p2/3N2Q1/2PPq3/7P/PP4P1/R4BKR w - - 0 18	d5f6 e4d4 g1h2 d4f6 g5f6 g8f6	1740	97	
m31mg	5k2/1p4pp/1p6/2p5/1QBP1rb1/6q1/PPP5/2K1R3 w - - 0 23	b4b6 g3e1	722	100	endgame hangingPiece mate mateIn1
m3GFi	r3k2r/ppp2ppp/2n1bn2/8/2PPq3/5N2/P2BQPPP/R3KB1R b KQkq - 2 11	c6d4 e2e4 f6e4 f3d4	1417	93	capturingDefender intermezzo
m3K6C	r6k/pp2q1pp/4b1r1/5R2/1P2NQ2/2P1P3/6PP/2R3K1 w - - 1 27	f5e5 a8f8 c1f1 f8f4	1685	94	trappedPiece
m3N0E	8/p7/r5k1/5RP1/5PK1/8/8/8 w - - 3 70	f5f6 a6f6 g5f6 a7a5 g4f3 a5a4	2089	93	defensiveMove endgame quietMove rookEndgame
m3y1J	r1b3k1/1p4b1/2n2rp1/p1p1p1Np/2Pp3P/P2P1Nq1/1P2Q1B1/R1B1R1K1 w - - 0 21	f3e5 c6e5 e2e5 f6f1 e1f1 g7e5	1786	90	discoveredAttack exposedKing pin
m66Tx	r3kb1r/pp2nppp/4p3/qB1pPn2/P2P4/5N2/P4PPP/2RQ1RK1 b kq - 3 16	e7c6 c1c6 b7c6 b5c6 e8d8 c6a8	1592	96	fork
m6mje	1r4k1/p2R1pb1/Q5p1/3Bq2p/P3n3/7P/1P3PP1/6K1 b - - 3 27	b8b2 d5f7 g8h8 d7d8 g7f8 d8f8 h8g7 f8g8 g7f7 a6g6 f7e7 g8e8	2244	93	
m7rZD	2rr3k/pp2R1b1/5NpQ/4P2p/3q4/8/PP4PP/3R3K b - - 3 26	g7h6 e7h7	942	91	arabianMate mate mateIn1
m8GJs	2kr4/ppp2p1Q/3p2Pb/8/2B1P3/2NK3q/PPP5/R4R2 w - - 2 21	d3e2 h3e3 e2d1 e3d2	1114	91	mate mateIn2
mAcLg	7k/1p2p1bp/p2p4/5p2/8/1Q6/PPP1q1PP/2KR4 w - - 4 26	b3b7 g7h6 c1b1 e2d1	1537	97	deflection endgame mate mateIn2
mAwCf	r2q1rk1/ppp2p2/3p1nbQ/2bNp1NP/2BnP3/3P4/PPP2PP1/R3K2R b KQ - 0 13	f6g4 d5e7 d8e7 h6g6 g8h8 g6h7	2521	94	kingsideAttack mate mateIn3 pin
mCBFa	6k1/5pP1/2p1pP2/2Pp4/p1bP4/4K1R1/P2Q4/4r2r w - - 7 42	e3f4 e1e4 f4f3 h1f1 f3g2 e4e2 d2e2 c4e2	2278	94	endgame fork
mEE2W	3r2k1/r1p3p1/3P1p2/p1p1pP1Q/1p2B1PK/Pq5P/3N4/8 b - - 3 39	b3e3 e4d5 g8f8 h5f7	1005	100	endgame kingsideAttack mate mateIn2
mF9ko	2r2r2/k4p2/1p6/3pQp2/8/2P3P1/6K1/8 b - - 1 35	c8c5 e5e7 a7a6 e7f8	1120	97	endgame fork queenRookEndgame
mGAEM	r1b2rk1/pp2bpp1/3q3p/2p5/P1B3n1/2BP3N/1PP2PPP/R2Q1R1K w - - 1 16	d1f3 d6h2	684	100	kingsideAttack mate mateIn1
mGokB	r5rk/5p1p/4pPpQ/3bP3/8/2qR4/2P3PP/5RK1 b - - 0 29	c3c2 h6h7 h8h7 d3h3	1590	95	attraction mate mateIn2 sacrifice
mHMZ6	8/Qp2bpk1/2P3p1/2P1p3/2B1P3/5PPp/5P1K/3q4 w - - 2 35	c6b7 d1f3 c4f1 f3f2 h2h3 f2f1	1439	94	endgame fork
mHn3K	8/8/P3pk1p/8/1P1P3P/6p1/2R4r/2K5 b - - 0 53	h2c2 c1c2 g3g2 a6a7 g2g1q a7a8q	793	100	advancedPawn endgame promotion
mIgHr	8/1p6/1kn4p/p7/2Qb4/1B4PP/Pr6/3K4 w - - 4 38	b3a4 b2b1 d1e2 b1b4 c4d5 b4a4 d5b3 a4b4	2588	93	endgame interference
mJR5G	8/pp3k2/2p5/3p3K/3P1P2/8/PP6/8 b - - 0 43	c6c5 d4c5 d5d4 h5g4	1340	95	defensiveMove endgame pawnEndgame
mJW9v	3r4/4kpp1/p2bp3/8/4QP2/3R2P1/PPq5/3R2K1 w - - 0 27	f4f5 d6c5 g1h1 d8h8 e4h4 h8h4	2047	97	endgame exposedKing
mJzHf	8/8/8/8/3p2PP/3k1P2/5K2/8 w - - 0 44	f2e1 d3c2 e1f2 d4d3 h4h5 d3d2	1655	94	advancedPawn endgame pawnEndgame
mKGJX	2Q5/1pN3pk/1p1p3p/8/1P4K1/P5P1/4q3/8 w - - 11 48	g4f4 g7g5 f4f5 e2f3 f5e6 f3g4 e6e7 g4c8	2200	94	endgame skewer
mL6QN	1r1r2k1/p3Qppp/8/8/3n1P2/6P1/q4RBP/3R2K1 b - - 1 27	d4e2 e7e2 a2e2 d1d8 b8d8 f2e2	2068	92	
mLSvL	3r4/B5pk/3P1p1p/3R4/1P2b3/2p5/P4PPP/6K1 w - - 1 36	d5d1 c3c2 d1c1 d8d6 f2f3 d6d1 g1f2 d1c1	1172	99	advancedPawn endgame
mLroj	r5k1/2pq2p1/bp3r1p/3pp3/P4P2/1P2P1P1/2N2KBP/R2Q4 b - - 1 26	e5f4 d1d5 d7d5 g2d5 g8f8 d5a8	2083	94	fork
mMlCJ	4rq1k/pQ4bp/8/4p1R1/8/3B4/P1P3PP/7K w - - 3 34	d3f5 e8b8 g5g7 b8b7	1808	93	endgame
mPTGq	4rr2/p4p1k/5QpN/n1pPN2p/1p6/6PB/Pq3P1P/R5K1 w - - 2 26	h6f7 b2a1 h3f1 a1e5 f6e5 e8e5	2196	94	hangingPiece
mPhbT	5rk1/p6p/4Q1p1/8/8/P7/1r1q1bPP/2R2R1K b - - 0 26	g8h8 e6e5 h8g8 c1c7	2175	91	
mPmBJ	5rk1/1pQ2ppp/5qr1/pR6/2P1P3/P6P/1P3PP1/2R3K1 w - - 13 26	b5b7 f6g5 g2g3 g5c1	1786	86	endgame
mPzSt	8/6p1/5n1p/2k2B1P/1p3KP1/8/2P5/8 b - - 1 52	c5c4 f4e5 c4c3 e5e6	2152	92	endgame
mQ8fI	2rr2k1/4bppp/1q2pn2/1pB5/p3b3/1N2PNP1/PP2QPBP/2RR2K1 b - - 0 21	e7c5 d1d8 b6d8 b3c5	1994	91	
mQzjC	4r2k/2Q3pp/1p2bpn1/3q4/pP6/P3P2P/1BPP1P2/1K1R3R w - - 1 31	c2c4 d5d3 b1a1 e8c8 c7c8 e6c8	2331	91	
mRgBf	3k4/8/1pP1p2p/1P2P2K/p2p3P/8/8/1B6 w - - 0 55	h5h6 a4a3 b1a2 d4d3 a2e6 d3d2	1268	100	advancedPawn bishopEndgame endgame
mT9Jf	5rk1/ppr2p1p/4p3/8/P7/1PqB1Q1P/2P2PP1/5RK1 b - - 0 21	c7d7 d3h7 g8h7 f3c3	1484	96	discoveredAttack endgame
mTrds	r4rk1/pp1q1ppp/2p1nb2/3P4/8/1PN2Q2/PB3PPP/3R1RK1 b - - 0 17	c6d5 c3d5 f6b2 d5f6 b2f6 d1d7	1872	95	discoveredAttack sacrifice
mTtEJ	2k5/ppp3R1/2p1p3/3nr1p1/2P5/6NP/P4rP1/3R3K b - - 0 26	d5e3 g7g8 f2f8 g8f8	784	99	endgame mate mateIn2
mUYgt	2n1rrk1/pp3ppp/2pp2b1/6b1/2NP2N1/2P2B1P/PP3PP1/R3R1K1 w - - 4 20	g1f1 g6d3 f3e2 e8e2	1726	93	fork
mUbrv	8/p7/3N4/4pp2/3k3b/1P1P3P/4K3/8 b - - 1 48	a7a6 d6f5 d4c3 f5h4	715	100	endgame fork
mUyg4	4r3/1Qpk1r1p/p2pbqp1/1p6/8/1NP2P2/PP4PP/R3R1K1 b - - 0 27	f7e7 b3c5 d7d8 e1e6 f6e6 c5e6	2226	89	deflection
mVp4F	8/2p5/pp1p1k2/3PpBp1/6P1/2PK4/PP2Nr2/8 w - - 0 31	e2g3 f2f3 d3e2 f3g3 e2f2 g3h3	1492	98	endgame fork
mYa7W	r2q4/pppnkR2/3pb1Br/7p/3PP3/1QP5/PP4P1/RN4K1 b - - 4 16	e6f7 b3f7	779	98	mate mateIn1
mZHxT	8/pp3p2/4p1pp/KP6/P1P5/3Bkb2/6PP/8 w - - 0 30	d3g6 f7g6 g2f3 e3d4 b5b6 a7a6	2354	91	bishopEndgame defensiveMove endgame
mZhF0	r2nk2r/pp2q1pp/3bpn2/1Npp2N1/5P2/3P3P/PP4P1/R1BQR1K1 b kq - 3 15	h7h6 g5e6 d8e6 f4f5 e8g8 e1e6 d6h2 g1h2	2096	93	intermezzo sacrifice
mZilk	r1b1kbnr/2pp2pp/1pq2P2/1p6/8/4Q3/PPPB1PPP/2KR1B1R b kq - 0 12	c6e6 f6f7 e8f7 e3f3 g8f6 f3a8	2407	91	advancedPawn attraction fork pin
mZofx	8/Rr6/1P6/Pk6/3p1p2/8/8/4K3 b - - 2 63	b7b8 b6b7 b5c6 a5a6	1705	85	advancedPawn endgame rookEndgame
ma3LT	2R1b1k1/5pp1/4pb1p/1p1n4/1P1P4/rN1BB2P/5PP1/6K1 b - - 2 31	a3b3 c8e8	888	100	hangingPiece mate mateIn1
mahnG	3r4/pb4kp/5pp1/1P2rPB1/2p4N/2Q5/P4P1P/6K1 w - - 7 30	h4f3 d8d1 g1g2 e5f5	2477	91	endgame
mawIb	2r2rk1/5ppp/p2qpn2/3p4/7Q/1NPRP2P/1P3PP1/2R3K1 b - - 0 24	c8c4 h4c4 d5c4 d3d6	1470	86	
mb8vF	2kr3r/ppp2ppp/1n2b3/4p3/1P6/P2P1N1n/2P1B1PP/R1BQ1RqK w - - 5 17	f1g1 h3f2	764	100	mate mateIn1 smotheredMate
md7Lj	2rq1rk1/5pp1/p2P3p/1p2P3/1Pp5/P2b1B1P/Q5P1/2R1R1K1 w - - 1 30	f3b7 d8b6 a2f2 b6b7	1085	89	fork
me1C1	2r2r2/Q5k1/3p4/4p1p1/1RP2bP1/1R5P/3q1PK1/8 b - - 2 40	g7g6 b4b7 d2c2 b7h7 c2e4 b3f3 e4f3 g2f3	2500	93	defensiveMove quietMove
meqmj	r1bqk2r/pppnbp1p/4p1B1/3n2NQ/5B2/2P5/PP3PPP/RN3RK1 b kq - 0 10	d5f4 g6f7 e8f8 h5h6	1479	96	mate mateIn2
mgUFi	8/6Rp/p4P2/4p3/4r1P1/5k1P/8/6K1 b - - 0 35	e4f4 g7g5 f4d4 g5f5 f3g3 f6f7	2519	92	advancedPawn endgame rookEndgame
miboN	2rq2rk/1b3pp1/p1n1p2p/p2pN3/R7/2PB3P/1P2QPP1/4R1K1 b - - 5 25	d8g5 e5f7	791	100	kingsideAttack mate mateIn1
mj8FT	r4r1k/1b4pp/p3p3/nppqPp1N/3p1P1b/P2P3P/1PP1BQPN/R1R3K1 w - - 8 24	g2g3 d5h1	1151	86	mate mateIn1
mlFtl	5B1k/6P1/5b1K/2pB4/2P1p3/3P4/4n3/8 b - - 0 47	f6g7 f8g7	687	99	endgame mate mateIn1
mlesW	5rk1/1p3ppp/4p3/3p2B1/r2q4/2P3QP/1P4P1/1K2R3 b - - 0 22	d4a7 g5h6 g7g6 g3e5 a4a1 b1c2 a7f2 c2d3 f2f5 e5f5 g6f5 e1a1	2531	93	endgame pin
mm4rO	8/8/p6p/1p5B/2kp1K2/4p2P/PP6/8 w - - 2 41	h5e2 d4d3 f4e3 d3e2 e3e2 c4d4	2067	92	advancedPawn bishopEndgame defensiveMove endgame
mnXpp	5rk1/p1r2p1p/bp2p1p1/3nN3/2PP4/q7/2RQ1PPP/1BR3K1 b - - 1 24	d5f6 c2a2 a3d6 a2a6	1634	94	skewer
moSlg	r3Rn1k/6pp/2p1Q3/P1P3q1/1p1P4/1P3p2/5PbN/R5K1 w - - 4 32	h2g4 g5h5 e8f8 a8f8 g4h2 g2h3	2545	91	
moiNX	r4k2/pp2rpR1/4b2p/3pP2Q/3P3R/2p5/P5PP/q4BK1 b - - 0 27	c3c2 g7g8 f8g8 h5h6 a1d4 h4d4	2433	91	sacrifice
mp2E9	2b5/p7/3k2p1/p2P2PP/P1BK4/8/5p2/8 b - - 0 37	c8f5 h5h6 f2f1q c4f1	1223	97	bishopEndgame endgame
mp3gw	4R3/8/1kn4r/8/4BK2/7p/5P2/8 b - - 0 48	h6h4 f4g5 h4e4 e8e4	2421	91	defensiveMove endgame trappedPiece
mrIPR	2r1r1k1/3qppb1/p4npp/1p1PB3/2p1N1PP/5P2/PP2Q3/2RR2K1 b - - 1 19	f6g4 e5g7 g8g7 f3g4	1518	94	intermezzo
mrlON	8/8/1p6/5K1p/2k4P/4P1P1/8/8 w - - 1 49	f5e4 b6b5 e4f3 b5b4 f3e2 c4c3	1601	94	defensiveMove endgame pawnEndgame quietMove
msiOr	6k1/pp3ppp/1q3n2/3p4/8/1BP1rQ2/PP1N2PP/R5K1 w - - 0 18	f3f4 e3e1	1528	88	doubleCheck mate mateIn1
msy3U	4r1k1/3q1ppp/1p1B4/p2Q1R2/b7/2r5/P1P3PP/5R1K b - - 3 24	e8e6 f5f7 d7f7 d5e6	2203	89	pin
mu9xB	r1bq1rk1/ppp2pp1/1b5B/4P3/2B1N1n1/8/PPQ3PP/R3R2K b - - 0 16	g4h6 e4f6 d8f6 e5f6	1508	94	kingsideAttack
muMwz	2kbr3/1p6/p1pqb2Q/4p1P1/4P3/PBPP2P1/1P2KP2/5R2 w - - 3 34	h6g6 e6g4 e2d2 d6g6	1063	96	discoveredAttack
mucY3	6rr/ppp1kp1b/3p4/1q3P1Q/3pP2P/3P4/PPP5/2KR3R b - - 0 24	b5a5 f5f6 e7d7 h5a5	1425	90	discoveredAttack
mv8KO	1r4k1/6b1/4p2p/p3p2P/4Q1p1/q2B2B1/1NP2PP1/1K5R w - - 1 33	g3e5 b8b2 b1c1 b2b4 c1d2 b4e4	1906	94	discoveredAttack queensideAttack
mvsiL	4r2k/p1p3p1/5pRp/2p1qP1Q/7P/P1PPp1P1/2P1R2K/1r6 b - - 0 28	e5d5 g6h6 g7h6 h5e8	1628	93	discoveredAttack endgame kingsideAttack
mw4tx	5r1k/1p5p/p2P2p1/2PQ4/P4r2/1PKRRP2/8/6q1 w - - 13 45	d6d7 g1c1	850	98	endgame mate mateIn1
mw9zy	r2q1b1r/pbpn2k1/1p1p2np/6RQ/3P4/2NB4/PPP3PP/R1B3K1 b - - 2 14	h6g5 h5g6	893	100	mate mateIn1
mx5aH	2k5/8/1K4p1/2P4p/5p2/8/6PP/8 w - - 4 46	b6c6 h5h4 h2h3 g6g5 c6d6 g5g4	2277	93	endgame pawnEndgame quietMove
mxOqg	1rr3k1/p4pbp/6p1/6PP/P2P4/2PnP3/1B1N1P2/1K1R3R w - - 3 27	h5g6 b8b2 b1a1 c8c3 d2b1 c3c2	2105	92	queensideAttack
mynyi	5rk1/1p4pp/5n2/3pb1B1/4P3/1P4NP/2P3P1/5R1K w - - 1 30	g5f4 f6e4 g3e4 d5e4	2008	90	endgame
n29TK	r2q1r1k/pb1pNppQ/1p1P4/2p5/2B5/4R3/P2B1PnP/6K1 b - - 0 23	h8h7 e3h3 g2h4 h3h4	657	100	anastasiaMate mate mateIn2
n3a1z	rnbqk3/1p1nbpp1/p2pp3/6P1/3NP3/2N5/PPP2P2/R1BQK2B b Qq - 0 12	e7g5 d4e6 f7e6 d1h5	2040	87	sacrifice
n47p7	r4rk1/pp1n1ppp/2pbp1q1/3p4/3P4/1P1BnNP1/PBPN1PK1/R2Q1R2 w - - 0 14	g2g1 e3d1 d3g6 d1b2	2055	91	
n4LFt	r3r1k1/p2p1ppp/2p2q2/8/Q7/3P4/PP3bPP/RNB2RK1 w - - 0 14	f1f2 e8e1 f2f1 f6f1	907	98	fork mate mateIn2
n541o	3R4/5pk1/2Q1br2/1pP5/8/2n5/6PP/6K1 w - - 3 33	c6d6 c3e2 g1h1 f6f1	868	98	backRankMate endgame mate mateIn2
n6cEH	8/6R1/p2rpR2/4N2p/1P4bk/P7/2r3P1/6K1 b - - 2 40	d6d2 e5f3 g4f3 f6f3 d2g2 g7g2 c2g2 g1g2	2216	91	endgame fork
n7nUN	R4rk1/5ppp/R3p3/B3P3/8/3n3P/r4PP1/6K1 b - - 3 32	h7h6 a8f8 g8f8 a6a8 f8e7 a5d8	2032	91	attraction endgame
n85qR	3r1r2/pp1Bk2p/2p5/q4pp1/P3n3/2PQPP2/6PP/3R1RK1 b - - 0 22	e4c5 d3d6 e7f7 d6e5	2164	91	
n8V6z	r2q1rk1/pp2p1b1/3pp1pB/4n3/4P3/2N2P2/PPPQ2P1/R3K2R b KQ - 1 15	f8f3 h6g7 g8g7 d2h6	983	95	attraction kingsideAttack
nARkl	r2k1b1r/pp6/2nRBnpp/4p3/5q2/8/P4PPP/1R1Q2K1 b - - 0 20	f8d6 d1d6 d8e8 e6f7 e8f7 b1b7 f6d7 b7d7	2261	90	attraction exposedKing
nATQd	r7/P5R1/5P2/K1k5/7p/P6P/6P1/8 w - - 1 47	f6f7 a8a7	774	99	endgame mate mateIn1 rookEndgame
nDbS3	8/1Q3pkp/2BPr1p1/2P5/8/8/P4pPP/4qR1K w - - 2 34	b7b5 e6e2 b5e2 e1e2 c6b5 e2b5	2336	95	endgame
nFh3c	rnb1k2r/p2nBpbp/2p3p1/qp2P3/8/2N2P2/PPPQ2PP/2KR1BNR b kq - 0 10	e8e7 c3d5 c6d5 d2a5	2010	95	discoveredAttack
nFmJj	8/5pp1/4p3/6kp/3NPP2/3n2P1/6KP/8 b - - 0 30	g5g4 h2h3	883	99	endgame knightEndgame mate mateIn1
nGmnw	6k1/p4qbR/5rN1/5P1Q/3p4/3P1P2/6K1/8 b - - 2 46	f6f5 h7h8 g7h8 h5h8	987	97	endgame mate mateIn2 sacrifice
nHZSA	7k/3P1pp1/p6p/8/4q3/2p5/3R1K1P/2N4R b - - 2 45	c3d2 d7d8q h8h7 d8d3	1806	93	advancedPawn endgame pin promotion
nJING	1Q6/Rb3rk1/2p1p1pp/2PpP3/5P2/6PK/1q5P/5B2 b - - 7 33	h6h5 a7a8 b7a8 b8b2	2557	91	endgame quietMove
nJXxy	2kr4/pp2ppr1/2p1n2p/5R2/1Q2B3/6qP/PPP3P1/1K2R3 w - - 12 30	b4e7 g3e1	671	100	backRankMate hangingPiece mate mateIn1
nKdsw	6k1/1pp3pp/4r3/1nPNpq2/2Q5/3P1P2/rB5P/3BR1K1 b - - 1 30	a2b2 d5e7 g8f8 e7f5	964	100	pin
nLMPa	6k1/2R3P1/4pp1r/4bP2/B7/3KP3/8/8 w - - 1 66	a4b3 e5c7 f5e6 g8g7 e6e7 h6h8	1468	96	defensiveMove endgame hangingPiece
nMGkY	8/2pk2B1/4R3/5Rp1/8/8/2r4r/5K2 w - - 2 43	e6e1 h2h1	1149	94	endgame mate mateIn1
nMrxT	r6k/ppp1q1pp/5n2/3P4/2B1rBb1/2PQ2P1/PP3KP1/R6R w - - 11 19	h1e1 e7c5 f4e3 c5c4 d3c4 e4c4	1993	95	
nN2H9	6k1/pp3Rbp/2n1P1p1/8/2BrN3/6P1/PP5P/6K1 w - - 7 27	e4f6 g7f6 e6e7 f6e7 f7e7 d4c4	2407	92	endgame
nOHsy	r2q1rk1/pp4pp/2n1B1b1/1p1pN3/3P4/1P2PQ2/1B4PP/R5K1 b - - 2 18	g8h8 e5g6 h7g6 f3h3 d8h4 h3h4	1251	91	kingsideAttack mate mateIn3
nOhEP	5rk1/p1p2ppp/1q6/2r1P3/8/P6P/2P2QP1/1R3RK1 b - - 1 25	b6c6 f2f7 f8f7 b1b8 c6e8 b8e8 f7f8 f1f8	1430	94	endgame mate mateIn4 sacrifice
nPfwU	8/7p/5pp1/8/3KP3/5kP1/7P/8 b - - 2 50	f3g4 d4d5 g4f3 d5e6 f6f5 e4e5	2426	92	defensiveMove endgame pawnEndgame
nRHDH	r1r5/q4pkp/5bp1/3p1R1P/8/P5Q1/6P1/1RB4K b - - 0 30	a8b8 h5h6 g7f8 b1b8 a7b8 g3b8 c8b8 f5f6	2209	90	pin
nS0LB	8/p5pp/8/3q1k2/5P2/P1Qp1nP1/1P4KP/3R4 w - - 3 43	c3d3 d5d3 d1d3 f3e1 g2f1 e1d3	1123	90	attraction endgame fork
nV5qm	8/1kp1rp2/1p3p1r/p2P4/P3Pq2/5P1Q/2R3PP/2R3K1 w - - 3 30	c2c7 e7c7 c1c7 b7c7 h3h6 f4h6	1429	91	endgame
nWcby	1r4k1/5ppp/8/pR6/2PP4/4P2q/P2Q1R2/7K w - - 0 29	f2h2 h3f1	791	99	endgame mate mateIn1
nWn24	2r1k2r/4pPbp/p5p1/np1Q4/2P2qP1/1P3P1P/P3B3/1K1R3R b k - 0 22	f4f7 d5d7 e8f8 d7c8	1141	95	fork
nXNUP	5k2/1p3pp1/p1pNbn1p/2P5/1P2Pn2/P7/3R1KPP/8 w - - 5 42	d6b7 f6e4 f2f3 e4d2	907	89	endgame fork
nXqDm	2r3k1/pp2qp1p/5p2/4p2Q/3pP3/PP1P4/1Pr2RPP/5RK1 b - - 4 21	c2f2 h5g4 g8h8 g4c8	1621	95	endgame fork
nYMkj	3r4/p5kp/1p1q1bpP/8/8/1P1n1Q2/P2BR1K1/1B6 b - - 0 40	g7g8 b1d3 d6d3 e2e8 g8f7 e8f8 d8f8 f3d3	2410	92	deflection
nZ1Ph	3Rr1k1/1pr1Pp1p/p3b1p1/4R3/7Q/8/q5PP/5B1K b - - 5 27	c7e7 h4e7 e8d8 e7d8	1467	94	pin
nZ9qU	Q6k/4b1pp/p2p4/1p2n3/8/P3q3/1PP2rPP/R4R1K b - - 1 22	e7f8 a8f8 f2f8 f1f8	636	100	backRankMate mate mateIn2 xRayAttack
nZzGf	5r2/p4pk1/1p2n1p1/4R3/4P2p/1P2QP1q/P1r1NP1P/3R2K1 w - - 5 31	a2a4 c2e2 e3e2 e6f4	1283	89	sacrifice
naRF2	3r4/pk1n2p1/1p2pn2/6B1/3P4/3B4/PP1K2P1/5R2 w - - 3 28	d3e2 f6e4 d2e3 e4g5	680	100	endgame fork
natuH	2r4k/6Rp/4NppB/p7/1p2n3/8/r4P1P/6RK w - - 6 33	g7e7 e4f2 h1g2 f2g4 g2f3 g4h6	1215	88	discoveredAttack
nauxd	rnbq1rk1/5pp1/7p/p2n2N1/Pp2Q2P/1B2B1P1/1PP3P1/R3K2R b KQ - 0 20	d5e3 e4h7	621	100	mate mateIn1
nayzw	6rk/1p4rp/8/p2pQ3/7R/6P1/P1q2P1P/6K1 b - - 1 33	c2a2 h4h7 h8h7 e5h5	1070	98	attraction endgame mate mateIn2 pin sacrifice
nbmlj	4r3/pb4k1/1ppp1nP1/5Pr1/4PN2/1P1P4/1PP5/2K4R b - - 2 31	e8h8 f4e6 g7g8 h1h8 g8h8 e6g5	1586	88	endgame exposedKing fork
nc0Me	1q4k1/5ppp/p2Np3/1p1nP3/7R/P5P1/1P2QPPK/2r5 b - - 3 23	b8c7 e2h5 h7h6 h4g4 g8f8 g4g7 f8g7 d6e8 g7h7 e8c7	2482	91	attraction endgame fork sacrifice
nccS0	8/8/4p1p1/7p/1R4rP/3k2PK/8/8 w - - 7 54	b4g4 h5g4 h3g4 e6e5 g4g5 e5e4 g3g4 e4e3	1042	100	endgame quietMove
nfiGf	8/2pk1p1p/2p3p1/8/2QpqP2/1P4P1/P6P/5K2 b - - 5 37	e4d5 c4d5 c6d5 b3b4 d7c6 a2a4	2571	92	defensiveMove endgame quietMove
nfmON	r2qk1nr/4bp2/p1pp3p/8/3QP1b1/2N3B1/PPP2PP1/R4RK1 b kq - 0 17	e7f6 e4e5 d6e5 d4g4	1814	92	discoveredAttack
nfvfY	2Q2b1k/p7/1p5p/6p1/3p4/3B3P/PP1q1r2/R3R2K w - - 1 29	d3f1 f2h2 h1g1 d2f2	1043	95	mate mateIn2
ngJ80	r4k2/1p4q1/4R3/6p1/8/1P5P/P4rPK/3Q4 b - - 1 41	a8a2 d1d8 f8f7 d8e8	2089	88	endgame mate mateIn2
ngggj	4r2k/4r1p1/5qPp/pp1p1P2/2pP1P2/P3P2R/1P5Q/2K4R w - - 2 40	h3h6 g7h6 h2h6 h8g8	1460	91	endgame
nhRml	r1bq1r2/pp2b2p/2p2np1/4pN1k/4P1P1/2P5/PP3PP1/RNBQR1K1 b - - 0 15	f6g4 d1g4 h5g4 f2f3 g4h5 g2g4	2397	94	attraction mate mateIn3 sacrifice
nhxsx	rq3rk1/pb1p1ppp/1p2p3/1N6/3R4/2P3nP/PPQ3P1/R1B3K1 b - - 0 22	d7d5 c1f4 e6e5 f4g3	1870	94	interference
niD9g	4Rnk1/8/p4pr1/1p1q1P2/1P6/P6P/4Q1P1/7K b - - 0 39	g6g5 e2e6 d5e6 f5e6 g8g7 e6e7	1797	95	advancedPawn endgame pin
njKfz	3rR2k/1R3P2/p6p/8/P5PK/7P/8/2q5 b - - 1 45	d8e8 f7e8q	777	100	advancedPawn endgame mate mateIn1 promotion
nkvxS	3k2r1/pB2n3/3pR3/5pq1/8/3P4/PPP1QP1p/R6K w - - 2 25	f2f4 g5g1 a1g1 h2g1q	1392	93	advancedPawn mate mateIn2 promotion
nl7Ok	4r1k1/2bq1rp1/pp5p/4p3/PQPNR3/5P2/6PP/4R1K1 w - - 1 33	c4c5 b6c5 b4c5 e8b8 d4c6 c7b6 c5b6 b8b6	2430	92	pin quietMove
nlZob	2kr2nr/pppqbp1p/2np4/7b/2B1P3/2NPBNpP/PPP3K1/R2Q1R2 b - - 6 12	c6e5 f3e5 h5d1 e5d7	1351	86	
nmcF9	8/pp1Rrk2/2p4p/8/1P5K/6P1/P7/8 w - - 4 33	d7e7 f7e7 h4h5 a7a5	2487	93	endgame
nmdLB	7k/1bp2p1p/3ppP2/p7/2P4R/1PK4R/P1P3rP/3r4 b - - 11 31	d1d2 h4h7 h8g8 h7h8	788	98	endgame mate mateIn2
nnVo1	k7/1b1p3Q/1p2p3/p3P1p1/4N3/1P4PK/PP5P/4q3 w - - 0 33	e4d6 e1f1 h3g4 f1e2 g4g5 e2e5	2523	93	endgame
nnZbF	4r1k1/1p2r2p/5QpP/2q1p3/2P5/5R2/p5P1/5R1K b - - 1 36	c5c4 f6f8 e8f8 f3f8	1372	94	endgame mate mateIn2 sacrifice
nqG22	5r1k/1p1R2pp/6r1/p1P1Bp2/2Q1nPq1/P4N2/6PP/5RK1 w - - 3 30	c4f7 g4g2	1096	95	kingsideAttack mate mateIn1
nrQB7	1rb1k2r/4bppp/p1pppn2/8/QqP1P3/2N1B3/P3BPPP/R4RK1 w k - 0 13	a4c6 c8d7 c6c7 b8c8 c7b6 b4c3	2197	91	clearance defensiveMove
nrTHf	5rkn/2q1bp1B/2p1pn1Q/pp4N1/8/6P1/PPP2P1P/3rR1K1 b - - 1 24	f6h7 h6h7	821	100	kingsideAttack mate mateIn1
nrkiA	2r3k1/1p3p1p/p5p1/3N4/8/1P5P/1b3PP1/3R2K1 b - - 2 24	b2g7 d5e7 g8f8 e7c8	847	100	endgame fork
nsDpx	8/rr3k1p/2pBR1p1/3p1pP1/bP1P4/n1P4P/5P2/2K1R3 b - - 3 32	a3c4 e6f6 f7g7 d6f8 g7h8 e1e8 b7g7 f8c5 g7g8 e8g8 h8g8 c5a7	2240	93	discoveredAttack quietMove
ntCfP	r5k1/p3rppp/1qpb1n2/3p4/8/2P2P2/PPQ1N1PP/R1B1R2K w - - 1 18	e2d4 e7e1	819	100	hangingPiece kingsideAttack mate mateIn1
nuRfU	r1q2r1k/4bp1p/ppp2P2/2pR4/2B5/6QP/PP4P1/5RK1 b - - 0 21	c6d5 g3g7	825	100	mate mateIn1
nuzGy	r7/2p2rk1/1p1p2pp/nP2p3/2P1P3/4KPPP/3N1R2/5R2 w - - 1 32	f1a1 a5c4 d2c4 a8a1	907	98	discoveredAttack endgame
nv6uq	6k1/pp4p1/2b1r2p/2P1R3/1P5K/P6P/4Q3/6q1 w - - 0 35	e5e6 g1g5	1197	95	endgame mate mateIn1
nw1zV	8/4r3/5p2/1R4k1/6pN/6P1/r4PK1/8 b - - 3 55	g5h6 h4f5 h6h7 f5e7	692	99	endgame fork
nwsYR	6k1/8/6p1/1K5p/2P1n3/8/P2N4/8 w - - 1 45	c4c5 e4d2 c5c6 d2e4 c6c7 e4d6 b5c6 d6c8	1843	90	defensiveMove endgame hangingPiece knightEndgame quietMove
nwscB	3r3r/1ppkq1p1/p1n1ppQ1/3P4/2P5/5N1P/2PR1P2/1K5R b - - 0 24	e6d5 g6f5 d7e8 h1e1 c6e5 f3e5	2044	97	pin
nx9UL	8/1p6/p3kppp/3pP3/PP1P1P1P/4K3/8/8 b - - 0 31	f6e5 d4e5 a6a5 b4a5	2244	95	endgame pawnEndgame
ny121	2R5/5rkp/3pp1pq/8/3P4/1QP5/3r1PPP/5RK1 w - - 6 25	b3e6 d2f2 e6f7 f2f7	1578	93	endgame
nzyEV	4k2r/4bpp1/p2np2p/n1PpN3/6P1/3PBQ2/Pr3P1P/RN2qBK1 b k - 1 23	b2b1 a1b1 e1b1 c5d6 e7f6 d6d7	1630	94	advancedPawn
o0aaE	6k1/Qp3pp1/4pqb1/7r/2N5/1P2R3/P4PP1/6K1 w - - 3 32	a7b7 f6a1 e3e1 a1e1	919	100	endgame mate mateIn2
o0pmM	5k2/1R6/6p1/3N1p2/8/1p2P3/6PP/1rn3K1 w - - 5 44	d5c3 c1e2 g1f2 e2c3	1005	97	doubleCheck endgame
o0uAB	5rk1/3q1ppp/1p2pn2/p2p4/P1rPP3/2R3N1/1P3PPP/2RQ2K1 b - - 0 22	d7a4 b2b3 c4c3 b3a4 c3c1 d1c1	1962	87	fork
o1KLk	5bk1/p3p3/4P1B1/2Q3pP/3p1q2/1P6/P1P3r1/1K1R4 w - - 0 36	c5d4 f4d4 d1d4 g2g1 b1b2 f8g7	1355	96	endgame pin
o1O1U	3R4/5ppk/2r4p/p7/5B2/P6P/1b3PP1/6K1 w - - 4 30	f4d6 b2f6 d8d7 c6c1 g1h2 c1d1	2560	92	endgame
o2Yph	8/5k2/3pR3/pp1P1p2/5Kn1/1P5p/P7/8 w - - 2 47	f4f5 h3h2 e6e1 g4f2	1732	91	advancedPawn defensiveMove endgame
o2eTi	rnbqk2r/pp3ppp/4p3/2bp4/4nB2/P4N2/1PP1PPPP/RN1QKB1R w KQkq - 0 7	b1c3 c5f2	1128	90	mate mateIn1
o3Tjy	r1b1k2r/ppp2ppp/2n5/3qp3/4n3/P1P2N2/3PQPPP/1RB1KB1R b Kkq - 1 9	e8g8 c3c4 d5d8 e2e4	1747	94	
o3Zmw	3r2k1/p3R1p1/2q2pNp/3n2r1/3P4/1P1Q3P/P4PP1/4R1K1 w - - 0 30	e7e8 d8e8 e1e8 c6e8	774	99	
o3uJB	r2r2k1/pb3ppp/1p2pb2/2q5/2P5/1P3NP1/P1Q2PBP/3R1RK1 w - - 0 17	f3g5 b7g2 c2h7 g8f8 g5e6 f7e6	1823	91	
o4XTz	4r3/1pkr1p1R/p5p1/2pPP3/2P2P2/3K4/P7/6R1 w - - 0 29	d3e4 f7f5 e4f3 d7h7	1207	98	discoveredAttack endgame rookEndgame
o4l7W	r1b4r/1pp1k1pp/p2p1p2/8/5B2/3B1Q2/q1P2PPP/4R1K1 b - - 1 19	e7f7 f3h5 g7g6 d3g6 h7g6 h5h8	2007	93	
o51E8	8/5ppp/Pk1N4/8/2p5/P1KpbP1P/8/8 b - - 7 40	d3d2 d6c4 b6a6 c4e3 d2d1q e3d1	1059	99	endgame fork
o5Xas	kr6/2p5/p1P5/5p1P/3Q4/P3P3/1r4q1/KR5R w - - 0 37	d4c4 b8b3 c4b3 b2b3 b1b3 g2h1	2429	93	endgame
o7HjQ	rnbqr1k1/pp3p2/6p1/6NP/2p1NPP1/3p1B2/PbPK4/R2Q3R b - - 0 20	d8a5 c2c3 e8e4 g5e4	1809	94	defensiveMove
o7Ice	r3r1k1/pp1q4/2p3pB/2b1P3/4Q3/5NP1/PP4KP/R7 b - - 0 26	d7f5 e4c4 f5e6 c4c5	1310	88	fork
o8J7T	2rq1rk1/p4pp1/1p2p2p/4Pb1P/8/1BNR4/PP3P2/2Q1K1R1 b - - 0 21	f5d3 c1h6 d3g6 g1g6 f7g6 b3e6	2126	95	deflection kingsideAttack pin
o9wkd	r1b2k1r/2q1n1p1/p1p1npB1/1p1pP1p1/3P4/2P2Q2/PPNB2PP/R4R1K w - - 2 18	e5f6 c7h2	781	100	kingsideAttack mate mateIn1
oADsp	3r1r1k/p5p1/6qp/PPP1b1n1/2QNp3/4B3/5PPP/3RR1K1 w - - 1 34	g1h1 g6h5 f2f4 e4f3 d4f3 g5f3	2266	91	enPassant
oAmg1	r6k/ppp1R2p/7p/2p2Q2/q4n2/2P5/PP1P1PrP/R1B4K b - - 1 19	a8g8 e7h7	601	100	kingsideAttack mate mateIn1
oB7Ji	3r2k1/5p1p/2b1p1p1/2B3P1/p7/P1P2P2/2P1K2P/7R w - - 0 26	h1d1 c6f3 e2f3 d8d1	1381	93	deflection endgame
oBc25	5rk1/5p2/1QR1b3/3pB1p1/3Pq2p/5N2/5PPP/6K1 w - - 2 28	f3g5 e4e1	651	100	mate mateIn1
oC3R9	3r1r2/1pk4p/1Q1p2p1/P7/2p1qB2/6P1/7P/3R2K1 b - - 0 36	c7b8 f4d6 b8a8 a5a6 d8d6 a6b7 a8b8 b6d6	2517	93	advancedPawn endgame fork
oDnoD	4rrk1/2q4p/p1R1p1pQ/1p1nPpN1/3P4/8/P4PPP/R5K1 b - - 0 27	c7c6 h6h7	786	99	kingsideAttack mate mateIn1
oFTc8	r1b2r1k/b1P3pp/p4R2/1p5Q/4Pp2/1B5P/PP1q1PP1/5RK1 b - - 0 22	f8f6 h5e8 f6f8 e8f8	793	98	kingsideAttack mate mateIn2
oImoG	rn3rk1/pp1b2p1/4p2p/3q1pNQ/3Pn2P/2PB4/P2B1PP1/R3K2R w KQ - 0 14	h5g6 e4g5 h4g5 d7e8 g6e8 f8e8	2412	95	trappedPiece
oJfhZ	r1bq1r2/3n1pp1/p1p1pbk1/1p4N1/3P3P/2NQP3/PP3PP1/R3K2R b KQ - 3 14	g6h6 d3h7	887	100	mate mateIn1
oJqLs	8/8/7K/pRp5/P1k4P/6r1/8/8 b - - 1 40	c4c3 b5c5 c3b4 c5g5 g3f3 g5g4	1847	92	endgame rookEndgame
oKaW7	7k/2q2p1p/3p1Pr1/p3p3/1P1p4/3P2P1/2P2Q1P/R5K1 b - - 0 34	a5b4 a1a8 g6g8 f2f3 c7c8 a8c8	2327	91	endgame quietMove
oL33Q	3r4/pB4pp/4kp2/2P5/P7/1P4PP/3r1PK1/2R5 b - - 0 33	d2b2 c5c6 d8d2 c6c7	1847	89	advancedPawn endgame
oMNRC	2k4r/pp3p2/1P2p3/q2pPp1p/3NnP1b/2P3rP/3BQ1P1/1R3RK1 b - - 0 25	a7b6 b1a1 h8g8 a1a5 g3g2 e2g2 g8g2 g1g2	1849	93	
oModX	2r1r3/p2R3p/6pk/qP3p2/1nN1p3/1b2P1P1/5PBP/1QR3K1 b - - 5 28	b3c4 b1b2 c4f7 c1c8 b4d3 b2c3 a5c3 c8c3	2576	93	
oMrCR	4Rr2/5P2/kp3R2/p3P3/P1P5/1PKP4/4q3/8 b - - 6 54	e2e1 c3d4 e1g1 d4d5 g1c5 d5e6 c5c6 e6e7	2427	95	defensiveMove endgame queenRookEndgame
oNm6D	8/4pk2/pr3p2/2R3p1/8/3n2P1/1PR3K1/8 w - - 10 45	c5a5 d3e1 g2f2 e1c2	890	98	endgame fork
oQlak	r1b1q1k1/ppp2p1p/3b2pQ/3p4/3n4/3B1N2/PPP2PPP/RNB3K1 w - - 2 14	f3g5 e8e1 d3f1 d4e2 g1h1 e1f1	1322	96	deflection fork mate mateIn3
oR8LX	R7/5kP1/pp6/2p1P3/4K3/2P5/6r1/8 b - - 3 52	a6a5 e5e6 f7g7 e4f3 g2h2 e6e7	2532	96	advancedPawn endgame rookEndgame
oRepv	r4rk1/6p1/2p1q2p/p2nNN2/1p6/3QP3/PPB2PPP/5RK1 b - - 0 21	e6e5 f5h6 g7h6 d3h7	1561	98	clearance kingsideAttack mate mateIn2 sacrifice
oSbIQ	5rk1/1p4p1/p3p1p1/2n1P1b1/2B5/2P1B3/PPQ2Pq1/2KR4 w - - 2 26	c1b1 g5e3 f2e3 f8f2	1606	91	
oTHwC	r1bq1rk1/pp2bpp1/1np1pn1p/8/3PP2B/1BN2N2/PPP3PP/R2Q1RK1 b - - 1 11	f6e4 h4e7 e4c3 e7d8 c3d1 d8b6	1679	94	
oTWVZ	r4rk1/1b1n2p1/pq1P4/1p1nppN1/3p3R/8/PP1B1PPP/2RQ2K1 b - - 1 22	d7f6 d1b3 d4d3 b3d3	2508	92	
oUEG8	2Q5/8/8/6p1/2p2qkp/8/6P1/6K1 b - - 9 67	g4g3 c8h3	744	100	endgame mate mateIn1 queenEndgame
oUPZT	8/1p6/p4p2/4k3/PKP1P1R1/3P2pr/8/8 w - - 2 46	b4a5 h3h5 g4g3 e5f4 a5b6 f4g3	2410	94	discoveredAttack endgame quietMove rookEndgame
oURMU	1r4k1/5pp1/4p1p1/8/2P5/B1R3P1/P1QPq3/2K5 w - - 0 38	c2d3 e2e1 c1c2 e1b1	993	94	endgame mate mateIn2
oUUw3	r1bk2nr/pp2pB1p/6p1/2p1b3/3q4/8/PPPP2PP/RNBQ1R1K w - - 1 11	c2c3 d4h4 g2g3 e5g3	1655	93	pin
oVQwc	2R3k1/3r1Np1/3P2rp/8/1p6/p1b5/P1P5/2K2R2 b - - 1 38	g8h7 c8h8	780	99	endgame mate mateIn1
oViOp	1r6/5R1k/8/1r4p1/1PR5/5K2/8/8 b - - 1 45	h7h6 c4c6 h6h5 f7h7	1299	91	endgame mate mateIn2 rookEndgame
oX4p0	r4rk1/p4p1p/5Bp1/2p5/3n2P1/7Q/Pq3PKP/R2R4 b - - 2 22	b2e2 d1d4 e2e6 d4f4	2253	95	defensiveMove
oXalD	2k2r2/pp5p/1q1b4/3Q2P1/PP1Np1P1/2Pn3P/8/R1B2K2 w - - 1 26	f1g1 d6h2 g1h2 b6c7 c1f4 c7f4	2324	85	attraction exposedKing kingsideAttack sacrifice
oZ7zL	8/8/5p2/1pkp1p1p/p4P1P/P1PK2P1/1P6/8 w - - 0 31	d3c2 c5c4 c2d2 d5d4 c3d4 c4d4	2162	93	endgame pawnEndgame zugzwang
oZORE	4Q3/pp4pk/n1p2qNr/3r3p/1R1P4/8/P1P2PPP/2B2K1R b - - 0 19	a6b4 g6f8 f6f8 e8f8	1612	96	
oaWKh	r1br2k1/pp2qp1B/4pn1Q/3p2N1/3P4/1Pn1P3/5PPP/R4RK1 b - - 4 19	f6h7 h6h7 g8f8 h7h8	824	100	kingsideAttack mate mateIn2
obgLl	r6r/5k2/p2q1pp1/2B2b1p/4Bb1P/4Q3/PP4P1/2KR3R w - - 0 27	c5d6 f4e3 c1b1 f5e4	871	100	hangingPiece queensideAttack
obsAB	2r2r2/p5kp/1n2Q3/2p3R1/2Pp4/6P1/1P5P/3q1BK1 b - - 1 29	g7h8 e6e5 f8f6 e5f6	1092	89	mate mateIn2
oby7x	4r1k1/p4ppp/3b4/2p1r3/2Bnn3/8/PP1P1PPP/RNBK1R2 w - - 2 19	f2f3 e4f2 f1f2 e5e1	1010	99	clearance mate mateIn2 sacrifice
od4LO	5r2/pp6/2p3R1/2P5/6kP/1B4P1/Pq6/6K1 b - - 2 42	g4h3 b3e6 f8f5 e6f5	781	98	endgame mate mateIn2
oe98Y	6k1/6pp/p1p1p2r/2P1P3/1P4r1/P3QNq1/5RP1/5RK1 w - - 1 28	e3e2 g3h3 f3h4 h3h1 g1h1 g4h4 h1g1 h4h1	2388	92	attraction mate mateIn4 pin sacrifice
oejWI	3r1rk1/1p2R1pN/b1p2p2/8/4Pn2/1PP3R1/7P/2KB4 w - - 3 25	h7f6 f8f6 e7g7 g8h8	2136	92	
offCG	8/p1r1n3/4p3/RPP2k2/3K1p2/5P2/8/2B5 w - - 4 43	b5b6 e6e5 d4d3 a7b6 c5b6 c7c1	2589	92	endgame
ohFuG	1k2r3/ppq3p1/2b2n1p/5B2/5P2/2NQ2P1/PP3nP1/2KR3R w - - 5 23	d3d6 c7d6 d1d6 f2h1	1989	87	
oiMgD	5rk1/p4rp1/1p1Q4/3RP3/7q/4B2p/PP3P2/2R3K1 w - - 3 36	d6e6 h4e4 e6h3 e4d5	2408	91	
oiimU	2kb3r/2p2p1p/2p3p1/2NnP3/6R1/P3B2P/P1P1KP2/8 w - - 3 25	g4a4 d5c3 e2d3 c3a4	765	100	endgame fork
ojAsU	r4r2/4N1kp/p5p1/1pp5/3n4/7Q/PP3q1P/5RRK b - - 3 28	f2b2 h3d7 a8a7 d7a7	2231	93	
ojAye	1rr2bk1/5p1p/p2ppBp1/q2p4/P1P1P3/1P5R/4QPPP/2R3K1 w - - 1 22	e2h5 g6h5 h3g3 f8g7 g3g7 g8f8 g7h7 f8e8	1886	93	defensiveMove
ojLlH	8/6r1/4p3/8/3k1P2/5K2/8/7R b - - 3 61	e6e5 h1d1 d4c5 f4e5 c5c6 f3e4	2553	92	defensiveMove deflection endgame rookEndgame
ojwYs	r1bqk2r/1p2n1pp/p1p5/3p1p2/2PPnB1P/1Q1BPN2/P4PP1/R3K2R w KQkq - 0 13	f3e5 d8a5 e1f1 e4d2	1088	94	
okq8N	r5k1/pp3pp1/4b1rp/2p5/3p1P2/7P/PPPB2P1/4RRK1 b - - 0 23	g8f8 f4f5 e6f5 f1f5	967	95	endgame fork
ol02m	r4r2/p1p1p1kp/4p1p1/q3b3/8/2P1Q3/PP2BPPP/3RK2R b K - 8 20	a8b8 b2b4 b8b4 c3b4 a5b4 e1f1	1556	88	defensiveMove
olWzP	8/3q2bk/p2P4/1p3pQ1/7P/P4P2/1P3PK1/8 b - - 2 35	g7b2 g5e7 d7e7 d6e7	1628	95	advancedPawn endgame
omQFx	8/5ppk/R6p/8/Q2p4/3P1q1P/PPr1r1P1/6RK w - - 0 32	g2f3 e2h2	667	100	endgame mate mateIn1 queenRookEndgame
ony9E	3rr1k1/pp3ppp/4b1n1/2P3q1/1PP5/P1Q5/3NBPPP/R4RK1 w - - 5 19	d2f3 g6f4 f3g5 f4e2 g1h1 e2c3	2082	97	fork sacrifice
oqTwW	2b2br1/2Nk1Q1p/2np4/3Nppq1/2P1r3/8/PP3PPP/R4RK1 b - - 0 17	c6e7 f7e8	1700	91	mate mateIn1
orKFk	4r1k1/p7/4rq1p/2b2p2/1BPpn1p1/P2Q1N1P/4RPP1/4RK2 w - - 0 27	b4c5 g4f3 g2f3 e4c5	2098	92	intermezzo
ot9ud	4r1r1/pp4k1/2pb2p1/3p2Np/6nP/2P1P3/PP1K2R1/5R2 b - - 9 31	g4e3 f1f7 g7h8 f7h7	910	100	mate mateIn2
otfzl	8/8/3k2p1/pppP1pP1/2P1pP2/PP2K3/8/8 w - - 0 38	e3d2 a5a4 b3a4 b5c4	2011	94	deflection endgame pawnEndgame
ouYWY	8/8/8/6k1/5p2/2R2P2/r2K4/8 w - - 2 59	c3c2 a2c2 d2c2 g5h4 c2d3 h4h3	2212	93	defensiveMove endgame rookEndgame
ouswf	r2qk2r/pp1n1pp1/4p3/2Pp3p/5Pn1/3PPQP1/PP1NK1P1/R5NR b kq - 0 12	d7c5 f3g4 h5g4 h1h8 e8d7 h8d8	1630	96	skewer
ov8IW	5rk1/3rQRpp/4p3/p2q4/7P/4P3/6P1/5R1K b - - 0 24	f8f7 e7e8 f7f8 e8f8	992	100	endgame mate mateIn2
owQBx	6k1/1q4pp/4b3/1pn1P3/1P6/P1P1Q1P1/7P/R3K2R w KQ - 1 30	e1c1 c5b3 c1c2 b7g2 d1d2 b3d2	2057	95	endgame exposedKing
owmWS	r1b4k/1pp4p/3p4/p2Pp3/2P1B3/3Q1Pb1/PP4Pq/3RR1K1 w - - 2 26	g1f1 h2h1 f1e2 h1g2 e2e3 g2f2	1094	89	deflection mate mateIn3
oxQmO	8/5b2/6p1/1p6/p4P1p/B5Pk/7P/6K1 w - - 0 64	g3h4 h3g4 g1f2 g4f4 a3d6 f4e4	2431	93	bishopEndgame defensiveMove endgame
oxWnZ	8/1Q6/4pk2/2P2p2/8/2Pp4/P2P4/1KBq4 w - - 6 45	c5c6 d1c2 b1a1 c2c1 b7b1 c1b1 a1b1 f6e7	1868	95	defensiveMove deflection endgame
oyUKy	2r3k1/1R3pp1/p6p/1pB1q3/1P6/8/P1Q2PPP/6K1 w - - 1 28	c2d2 e5a1 d2c1 a1c1	967	95	backRankMate endgame mate mateIn2
oyYKx	3R2k1/p3r3/2q4p/6b1/1p2Pp2/1P6/PB2Q1P1/3K4 b - - 4 46	g8f7 e2h5 c6g6 d8f8 f7f8 h5g6	1357	97	deflection endgame exposedKing pin
oymez	2r5/1p2kp1p/4p3/3p2Q1/3P4/3bPN2/1q2RPPP/5K2 b - - 6 32	e7d7 f3e5 d7d6 e5d3 b2b1 d3e1	1852	93	defensiveMove endgame fork
oz12Q	8/2N5/8/pk4p1/1p1K1bP1/1P6/5P2/8 b - - 1 49	b5b6 c7d5 b6c6 d5f4	866	99	endgame
ozRFI	2r3r1/kpq2pBQ/p4pp1/n7/3RP3/P1P4P/1P3PP1/2KR4 w - - 3 26	g7f6 c7f4 c1b1 f4f6	1979	92	fork
p0Fua	2n1r1k1/7p/p1q3p1/2p2p1n/1pP1N3/1P5P/PQ3PP1/B2R2K1 b - - 1 30	c6e4 b2h8 g8f7 h8h7	2161	94	deflection kingsideAttack
p1Scd	2kr2r1/7p/pqb1pR2/4n1p1/2P5/1N6/P3B1PP/R1Q4K w - - 1 25	f6e6 c6g2 h1g2 b6e6	1220	94	discoveredAttack
p2esV	r1b2rk1/pp1nppbp/3p2p1/q2P2B1/3QP3/2N4P/PPP1BPP1/R4RK1 w - - 1 12	d4a4 g7c3 a4a5 c3a5	1570	99	
p2wQA	5qk1/R5p1/1r6/7Q/3P2Pp/5p1P/5P1K/8 w - - 3 38	h5h4 f8b8 h4g3 b8a7	1869	93	endgame fork
p3VuR	r3k2r/p1p2ppp/b1p2q2/3p4/3bp3/2NP3P/PPP1QPP1/R1B1K1NR w KQkq - 3 12	c1e3 d4c3 b2c3 f6c3 e2d2 c3a1	1288	96	fork
p49lB	r1b2rk1/bp3ppp/p1n5/6N1/3p1q2/3B1N2/PPP2PPP/R2QR1K1 b - - 7 15	c8f5 g2g3 f4d6 d3f5	1766	96	
p5dQ6	6k1/6p1/8/2P5/2r2PP1/1p2p1K1/4R3/8 w - - 1 40	e2b2 c4e4 g3f3 e3e2 f3e4 e2e1q	2471	94	advancedPawn endgame promotion rookEndgame
p5mgg	3r2r1/1pRbk1b1/p2p1pQ1/3PpPp1/4P1K1/3q2P1/P5B1/5R2 b - - 7 31	d8c8 c7d7 e7d7 g6f7 d7d8 f7g8	1299	95	attraction interference sacrifice
p6fvS	rnb2k1r/p2p2pp/1q3n2/3Nb3/4P3/5Q2/P2P1PPP/R1B2RK1 b - - 1 12	b6d6 c1a3 e5h2 g1h1 f8f7 a3d6	1273	94	pin
p7Yvu	1r3k2/pp3p1p/2b2qp1/8/2Pn4/3B4/P2Q1PPP/R3R1K1 w - - 1 22	d3f1 d4f3 g2f3 f6f3 d2d6 f8g7 d6e5 f7f6 e5c7 g7h6	2428	93	defensiveMove sacrifice
p8U7U	r4rk1/pp2bpp1/4bnNp/2pq2N1/3p1B2/3P4/PPP1QPPP/R4RK1 b - - 1 15	h6g5 g6e7 g8h8 e7d5	1100	91	fork hangingPiece
p9E2a	r7/pp3p1k/1bp2P1p/3p2P1/5P1Q/2N1r3/PPPq1RKP/8 b - - 3 31	e3h3 g2h3 d2e3 h3g4	2332	91	defensiveMove hangingPiece
p9MvM	8/8/8/2pp3R/K1k5/1p6/8/8 w - - 0 54	h5d5 c4d5 a4b3 d5d4 b3c2 d4c4	1729	100	defensiveMove endgame zugzwang
p9ffa	8/pp1kpQ2/2p1p2p/4P3/2Pq4/1P2nP2/P5rP/R4R1K w - - 0 25	f1g1 g2h2 h1h2 d4h4	1677	94	attraction endgame kingsideAttack mate mateIn2 sacrifice
pAH1Z	r5k1/ppN3pp/4b2n/4p1q1/2PpP3/6PP/PP4BK/R4Q2 b - - 1 20	a8f8 f1f8 g8f8 c7e6 f8e7 e6g5	1419	94	attraction fork
pASsm	6k1/p4ppp/4p3/4R3/4B3/P2b2P1/P4PKP/2r5 b - - 2 25	c1e1 e4h7 d3h7 e5e1	1126	99	discoveredAttack endgame
pBSte	8/5pp1/3n3p/P2k4/1R2b3/4K1P1/7P/8 w - - 2 36	b4e4 d6e4 a5a6 e4d6 a6a7 d6c4 e3f4 c4b6	2115	92	defensiveMove endgame exposedKing quietMove
pCg6H	5r2/3qk3/p1b2p1R/1pp1n1Q1/2Pp2P1/1P1P1p2/P7/3BK1R1 w - - 0 37	g5g7 f8f7 g7f7 e5f7	1409	92	defensiveMove
pD6Pr	8/8/1R6/2p3P1/2k5/1p3PK1/2r5/8 b - - 5 41	b3b2 g5g6 c2e2 g6g7 e2e8 b6b2	1437	89	advancedPawn endgame rookEndgame
pER5E	r2q1rk1/ppp2pp1/2n4p/8/1b1Pp3/4B3/PPQ2PPP/3RNRK1 b - - 2 16	f7f5 c2b3 g8h7 d4d5 b4d6 d5c6	2212	92	
pHHEh	6r1/p3k1r1/1pQ5/3pq3/3NP3/2P4P/PP4P1/4RRK1 w - - 1 35	e4d5 g7g2 g1h1 g2h2	1587	96	mate mateIn2
pIX3A	r5k1/pp1n1pbp/1q4p1/3B4/3P4/3Q4/PPP1r1PP/R4RK1 w - - 0 19	d3e2 b6d4 e2f2 d4d5 a1d1 d5e6 f2f7 e6f7	2144	95	fork
pJjNJ	3r2k1/1rp2p2/2p3p1/q6p/7P/R3QP2/2P3P1/2K1R3 b - - 2 26	a5b4 a3b3 b4h4 b3b7	1430	94	endgame skewer
pLi9k	3r1k2/8/pp2Pp2/1b6/1q2P1Qp/1BR5/PP4PP/6K1 w - - 1 34	g4h4 b4d4 h4f2 d4d1 b3d1 d8d1 f2e1 d1e1	1680	92	endgame sacrifice
pLwqU	8/1p1R1pkp/5p2/1PPR4/8/2b1PpP1/1q3P1P/5BK1 w - - 3 35	c5c6 c3e1 d5d2 e1d2 d7d2 b2d2	1724	91	endgame
pMc3i	6r1/3p1k1R/p1b1ppq1/1p6/1B6/3Q1PP1/PP3PK1/8 b - - 0 30	f7e8 h7e7 e8d8 d3d6 d8c8 b4a5 c6f3 g2f3	2182	86	endgame quietMove
pMgiW	Rr4k1/1Pr2ppp/4pn2/3p4/8/8/5PPP/1R3K2 b - - 4 33	c7b7 a8b8 b7b8 b1b8 f6e8 b8e8	869	98	backRankMate endgame mate mateIn3 xRayAttack
pNiQr	1rq1r1k1/3nBpbp/p2P2p1/1pp1p3/b1P5/3P1NPB/3Q1P1P/1R2R1K1 w - - 0 21	f3e5 d7e5 h3c8 e5f3 g1g2 f3d2	1915	95	fork sacrifice
pOpic	6k1/1p3p2/p2P4/P5p1/P5Pp/4N2P/5P2/1q2RK2 b - - 11 42	b1b3 e1d1 g8f8 d6d7 b3d1 e3d1	2152	91	advancedPawn endgame quietMove
pOrAe	2rk3r/pQ3p1p/2n1bN2/2q1pp2/2Pp4/P3P3/1P3PPP/2KR1B1R w - - 0 19	c1b1 c8b8 e3d4 e5d4	1811	91	
pOujS	7k/p5pp/3q4/2pn4/P1Bp4/1P3QP1/6PK/8 b - - 6 37	d5e3 f3a8 d6b8 a8b8	1266	94	backRankMate endgame mate mateIn2
pPPLz	Q7/p3bk2/3p3p/4p1p1/4Pnq1/5NP1/P1P2PKP/1R6 w - - 3 30	g2f1 g4f3 g3f4 f3h1 f1e2 h1b1	1809	96	endgame skewer
pPwDl	8/5p2/1k1r4/R4PK1/8/8/8/8 w - - 9 67	a5e5 f7f6 g5f4 f6e5	1254	98	endgame fork rookEndgame
pQwGf	5Q1k/p7/3p2q1/1ppN2p1/3n3p/7P/PP4PK/8 b - - 0 34	h8h7 d5f6 g6f6 f8f6	997	100	endgame
pQzhx	1rq4r/p1p1pk1p/1p3npb/3Q2N1/4p3/8/PP1P1PPP/R1B2RK1 b - - 3 18	f7g7 d5f7	672	100	mate mateIn1
pTORN	6k1/1q3ppp/2n1pb2/2P5/3PR3/2Q2N2/rB3PPP/6K1 w - - 3 26	e4e2 c6d4 f3d4 f6d4 c5c6 b7b2 c3b2 d4b2	2444	92	xRayAttack
pTcRS	8/4k3/2p1p3/6Pp/Pp1K3P/2p5/1P6/8 w - - 0 40	b2c3 b4b3 d4d3 e6e5 a4a5 e5e4 d3e4 b3b2	2293	91	advancedPawn endgame pawnEndgame quietMove
pVhWX	7k/1pp3b1/1n1p2qp/p4rn1/P2B2Q1/2P3R1/1P3P2/2K4R b - - 1 28	b6d5 h1h6 g6h6 d4g7 h6g7 g4f5	2524	94	exposedKing kingsideAttack pin
pWcSs	2k2r1r/pp1b1R1p/2nbp3/6P1/3P3q/P3B2P/BPP1N1P1/R2Q2K1 w - - 1 16	d1f1 f8f7 f1f7 h8f8 e3f2 h4e4	2293	92	clearance
pYY0Q	rn1qr1k1/ppp2pp1/7p/3n4/3P2b1/P1P2N2/4BPPP/R1BQ1RK1 w - - 0 12	c3c4 d5c3 d1d3 c3e2	1345	95	
pYecP	6k1/pp4p1/2p1p3/PPPpP3/3Pp3/3qP1Pp/4Q2P/5K2 b - - 7 29	d3b5 e2b5 c6b5 a5a6 b7a6 c5c6	1473	95	endgame queenEndgame
paWWy	4r2k/3q2pP/p4n2/2p2Q2/2P5/3B3P/P3R1P1/7K b - - 0 38	d7f5 e2e8 f6e8 d3f5	1047	100	endgame intermezzo
pb7xo	1qr3k1/5ppp/2pbp3/3p4/NP1Pn3/PQB1P2P/4bPP1/2R2RK1 w - - 5 23	f1e1 d6h2 g1h1 e4f2	1177	100	deflection kingsideAttack mate mateIn2
pbKnZ	8/7p/2p4P/p4kp1/P1PP4/5K2/8/8 b - - 0 46	f5g6 f3g4 g6h6 d4d5 h6g7 d5c6	2526	92	endgame pawnEndgame zugzwang
pbOei	6k1/1p1bQ1n1/1n4p1/p1pP1pN1/2P4P/1PKB1P2/P4q2/8 b - - 5 31	f2h4 e7f7 g8h8 f7f8	1110	92	mate mateIn2
pcxle	3r2k1/2p1rqpp/1p2R3/p1b5/2Q5/6P1/PB2RP1P/6K1 b - - 0 25	d8f8 e6e7 f7c4 e7g7	1228	100	sacrifice
pdPPj	5k2/p4ppp/7r/4N3/1P2P3/P3bP1q/1B2Q3/R4RK1 w - - 0 26	e2e3 h3h2	1272	92	mate mateIn1
pdhGi	r7/2q2pbk/p5pp/1p1pr3/5p2/2P4Q/PP1BRPPP/4R1K1 w - - 0 25	d2f4 e5e2 e1e2 c7f4	1392	85	discoveredAttack
pf3XY	1r1q1r1k/4bp2/b3N2P/8/2p1nP2/3p1B2/PP4Q1/n4K1R b - - 0 28	f8g8 g2g7 g8g7 h6g7 h8g8 h1h8	1658	95	advancedPawn doubleCheck exposedKing kingsideAttack mate mateIn3 sacrifice
pfuvu	r2q1rk1/1b1n1ppp/p2p4/1p4b1/3QP3/P1N1B3/1PP1BP1P/R3K1R1 b Q - 1 17	g5e3 d4g7	818	98	kingsideAttack mate mateIn1
pg6BG	5rk1/2R1npp1/3p1qbp/3B4/4P1P1/5N1P/1r3P2/3Q1RK1 w - - 1 23	d1d4 e7d5 d4f6 d5f6	1827	92	
pgiLg	r1bq1r1k/6np/5bpB/p4p1P/2B1pN2/2PnP1P1/PPQ2P2/1K4RR b - - 0 23	c8a6 h6g7 f6g7 f4g6 h7g6 h5g6 g7h6 h1h6 h8g7 h6h7 g7g6 g1h1	2580	92	defensiveMove discoveredAttack kingsideAttack
phF2m	8/2Q2ppk/p7/3Pp3/2P1n2p/8/PP1q2PP/6RK w - - 5 35	c7b6 e4f2 b6f2 d2f2	847	91	endgame
pispz	rn3rk1/4q1p1/5p2/pp1p2N1/2pP2QP/P3P3/1P3PP1/R3K2R w KQ - 0 17	g5e6 f6f5 g4g7 e7g7 e6g7 g8g7	1329	93	
piwHB	rbb2rk1/1p1p1pp1/2p2n1p/p3qP2/2BQP2B/P1P5/1P4PP/RN3R1K w - - 0 16	h4f6 e5h2	748	100	kingsideAttack mate mateIn1
pjSch	8/6k1/3p4/4p1Kp/p2pP1P1/P2P4/8/8 w - - 0 35	g5h5 d6d5 e4d5 e5e4 d5d6 g7f8 d6d7 f8e7 d7d8q e7d8	2520	92	endgame pawnEndgame
pkCJy	8/pp3k1p/4pp2/8/1P6/4n3/P1P2rPP/R1KR4 w - - 2 26	d1d2 f2f1 c1b2 e3c4 b2c3 c4d2 a1f1 d2f1	1564	96	endgame fork
pkS1M	5rk1/pp3ppp/1np2q2/3rp3/1Q4R1/3B3P/PPP3K1/5R2 b - - 3 29	f6e6 d3h7 g8h7 b4f8	2118	94	deflection kingsideAttack
plzho	2n1rr1k/p4qbp/1pPp2p1/P2N4/3p4/1Q6/5PPP/1RB2RK1 w - - 0 25	a5b6 f7f2 f1f2 e8e1 f2f1 e1f1	2032	88	kingsideAttack mate mateIn3 sacrifice
pmOhD	4R3/2k5/1pp5/8/3r2pp/P4p2/1P2KP2/5N2 w - - 0 40	e2e3 d4d1 e8g8 d1e1 e3f4 e1f1	2420	92	endgame exposedKing fork
pmksz	8/5pp1/pN2p3/1P2P2p/P2p1nk1/8/3K1P2/8 b - - 0 37	a6b5 a4a5 g4f3 a5a6	1449	87	endgame knightEndgame quietMove
pmpqr	b1Q5/4kp1p/5p2/2p5/1p1qBP2/1P2R1PP/3p1P1K/r7 b - - 0 35	d2d1q e4c6 d4e3 c8e8 e7d6 e8d7	1920	93	discoveredAttack mate mateIn3 sacrifice
pmz0x	r1bqk2r/pp2bppp/5n2/2p1p3/2PnP3/2N1B3/PP2NPPP/R2QKB1R w KQkq - 0 10	g2g3 d4f3	982	95	mate mateIn1
pnkGr	4q1k1/6p1/1Qb5/Pp3p1p/3BP3/3P3P/6P1/7K w - - 0 41	e4e5 e8g6 b6c6 g6c6	1557	90	endgame
pnlxT	6k1/p6p/1p4p1/2n1N3/6P1/2P3KP/rP1R1P2/8 w - - 3 37	e5c6 c5e4 g3f4 e4d2	727	99	endgame fork
ppVly	r1b1k2r/pp3ppp/3bp3/4q1B1/8/2P5/P2QBPPP/3RK2R b Kkq - 3 14	d6c7 d2d8 c7d8 d1d8	783	100	mate mateIn2 sacrifice
prKQV	5rk1/5pp1/3P3p/2Q5/ppP1B3/1q5P/5PPK/8 b - - 0 32	a4a3 d6d7 g7g6 c5f8 g8f8 d7d8q f8g7 d8d4	1557	95	advancedPawn attraction discoveredAttack endgame promotion
prbSA	6k1/6bp/p2r2p1/2p2p2/R7/Br1nP1P1/4BP1P/5RK1 b - - 1 28	d3b4 e2c4 g8h8 c4b3	1069	100	fork
pri1W	7r/pB4pp/4k1b1/8/8/4b3/PBPr2PP/RK3R2 w - - 3 25	f1e1 g6c2 b1c1 d2e2	1565	95	discoveredAttack mate mateIn2
prmN5	4r2r/1Q1k1pp1/p1p3p1/2Rp4/8/6qP/6P1/7K b - - 0 36	d7d6 c5c6 d6e5 b7c7 e5e4 c7g3	1922	96	endgame skewer
psUEx	6bk/3B4/7P/2ppK3/4p3/p1P1P3/P7/8 w - - 0 54	d7c6 d5d4 c3d4 g8a2	2235	96	bishopEndgame discoveredAttack endgame
pstyo	8/5p1p/6p1/1Pk5/4K3/7P/6P1/8 b - - 3 45	c5b5 e4e5 f7f5 e5f6 b5c5 f6g7 g6g5 g7h7 g5g4 h3g4	2537	91	endgame pawnEndgame
psw7E	3r1k2/3r1p2/3P1p2/p2R4/2Q4N/1P6/2PR2PK/4q3 w - - 5 47	c4e2 e1h4 h2g1 d8e8 e2e8 f8e8	1666	93	
ptiBW	8/1P4pk/6Q1/5p1P/5Pn1/8/1q3PK1/8 b - - 6 47	h7g8 g6e6 g8h8 e6c8 h8h7 c8f5	2156	94	endgame
ptkN3	r4rk1/ppq2ppp/4p3/6Q1/6n1/3B1b2/PPP2PPP/3RR1K1 w - - 0 16	g2f3 c7h2 g1f1 h2f2	1075	96	kingsideAttack mate mateIn2
pwtBS	8/1pk5/1N3p2/1B2r1p1/3p1q1p/2n4P/1Q3PP1/R5K1 w - - 1 33	b6c4 e5e2 b2e2 c3e2	2016	90	
pwxsj	r2q1r2/pbp2Pk1/1p6/8/7P/2PQp3/PP3P2/R3K1R1 b Q - 0 22	g7f7 d3f5 d8f6 f5d7 f6e7 g1g7 f7g7 d7e7	2400	94	attraction deflection exposedKing pin
pxu7D	8/3r4/p7/2R1B3/2P5/P4kpp/8/4R1K1 w - - 3 44	c5d5 h3h2 g1h1 g3g2 h1h2 d7h7 h2g1 h7h1	1756	95	advancedPawn endgame exposedKing mate mateIn4
pyHiw	3q1rk1/5p1p/B2p2p1/4b3/5Q2/5PNP/Pr6/3R1R1K w - - 1 25	f4g4 h7h5 g3h5 b2h2 h1g1 d8b6	2084	92	exposedKing
pyIjZ	6k1/bb5p/6p1/1p2P3/p4PK1/P2r3P/1P6/3R1R2 b - - 1 36	d3e3 d1d8 g8f7 d8d7 f7e6 d7b7	1260	98	endgame fork
q0MhS	5rk1/bp2npp1/p2r3p/3P4/1P3N1q/P3PP1P/QB3PK1/2R2R2 w - - 1 25	b2e5 h4g5 g2h1 g5e5	1397	94	fork
q0mi6	2q4r/p3np2/1p2p2p/4k1P1/1b2B1P1/4B2R/PP3P2/3R1K2 b - - 0 25	e5e4 d1d4 e4e5 f2f4	1921	95	fork mate mateIn2
q1Ocj	8/8/2B5/bK3k2/P7/8/7p/8 b - - 5 64	f5f4 b5a5 h2h1q c6h1	665	100	bishopEndgame endgame hangingPiece
q1VPL	2R5/8/8/6KP/2r3P1/2pk4/8/8 w - - 3 44	c8c4 d3c4 h5h6 c3c2 h6h7 c2c1q	840	100	advancedPawn endgame promotion
q1YjX	6r1/1QR5/3pq1k1/1p1n2b1/1P1Bp3/4Pp2/P6p/5R1K b - - 1 38	e6g4 c7g7 g8g7 b7g7 g6h5 g7f7 h5h4 f7h7 g4h5 h7e4	2492	91	deflection exposedKing fork
q3L0C	8/ppp2R1p/8/3k3P/7n/2P5/Pr3P1P/4R1K1 w - - 0 29	e1e3 b2b1 e3e1 b1e1	633	99	endgame mate mateIn2
q5227	4kr2/1pr2pp1/p3p3/3pP1q1/P2P1R2/1P2P2P/2n2QK1/1B3R2 w - - 1 32	f2g3 c2e3 g2f3 g5g3	1361	89	pin
q5JQF	2r1r1k1/5ppp/Q7/8/1P4PP/P4P2/2p2K2/3bR3 b - - 1 34	e8e1 a6c8 e1e8 c8e8	627	100	endgame hangingPiece mate mateIn2
q6kO0	3r4/pb3p1k/1p2p2p/8/4P2R/P4PQ1/1Pqr2PP/6RK b - - 6 36	d8g8 g3f4 g8g6 f4f7	1967	89	
q6nPr	8/5p2/p1k1p3/1R1p1p1p/3P1P1P/r1PR2P1/P7/2K5 b - - 0 35	c6b5 c3c4 b5c4 d3a3	789	100	discoveredAttack endgame rookEndgame
q8Fei	r4rk1/p1p2ppp/8/3N3b/1b6/3B1P2/PqP3PP/R2Q1RK1 w - - 0 14	d3h7 g8h7 a1b1 b4c5	1462	88	hangingPiece
q8LAe	8/4K3/5p2/4kP2/4B1p1/8/8/8 w - - 0 75	e7f7 e5e4 f7f6 g4g3 f6g6 g3g2 f5f6 g2g1q	1562	92	advancedPawn endgame promotion
q9IkQ	2q2rk1/p1r1ppbp/2P3p1/1B2n2n/5B2/2N2P2/P2Q1P1P/2RR2K1 w - - 3 22	c3d5 e5f3 g1h1 f3d2	959	98	fork
q9ksD	8/8/3R4/5K1k/5Pp1/7r/7P/8 b - - 0 46	h3h2 d6d8 h5h4 d8h8 h4g3 h8h2 g3h2 f5g4	1594	96	endgame quietMove rookEndgame
qAAmS	r3r1k1/p2b1ppp/pq1P1b2/3N4/8/5Q2/PP3PPP/2KR2NR b - - 1 16	b6d6 d5f6 d6f6 f3f6 g7f6 d1d7	1146	93	kingsideAttack
qAZMS	8/7p/1P1k4/5pp1/4p3/4P1PP/5K2/8 w - - 1 49	g3g4 f5g4 b6b7 d6c7 b7b8q c7b8	2224	92	endgame pawnEndgame
qAkha	2R5/8/3r2p1/2k2p2/8/2p1K1P1/5P1P/8 b - - 3 40	d6c6 c8c6 c5c6 e3d3 c6d5 f2f3 c3c2 d3c2	2344	91	endgame quietMove rookEndgame
qBmDY	8/8/2N2R2/1P6/4k3/1r2pn2/8/3K4 w - - 3 56	f6f3 e4f3 c6d4 f3f2 d4b3 e3e2	2426	92	advancedPawn endgame hangingPiece
qCQ5J	4R3/8/8/PK2b3/4k3/1n6/8/8 b - - 0 74	b3d4 b5b6 e4d5 e8e5 d5e5 a5a6 e5d6 a6a7 d4c6 a7a8q	2181	93	advancedPawn defensiveMove endgame promotion sacrifice
qD4Io	3r1k2/p5p1/6bp/5p2/Q3p3/P6P/1q2pPP1/R3R2K w - - 0 34	a4a7 b2a1 e1a1 d8d1 h1h2 e2e1q a1d1 e1d1	1819	92	advancedPawn endgame pin promotion sacrifice
qDsvx	5q1k/1R4pp/8/p2Q4/P3n3/7P/5rP1/5RK1 w - - 0 33	d5e4 f2f1 g1h2 f8d6 g2g3 f1f2	2160	93	endgame
qEu0M	2rr1k2/4bbpp/8/qpPp1Q2/p2P1BP1/2R4P/PP3P2/3R2K1 b - - 4 26	g7g6 f5e5 f8g8 e5e7	2558	95	
qF5Dn	8/5kp1/1ppq4/1p6/3P1P1P/P3Q1P1/7K/8 w - - 1 51	e3e5 d6e5 f4e5 c6c5 h2g2 b5b4	2035	94	endgame queenEndgame
qFfU5	6k1/pp1n2pp/2b5/7q/2P2R2/1P4PP/1BP2P2/4R1K1 b - - 2 26	h5h3 e1e8 d7f8 f4f8	789	99	endgame mate mateIn2
qGEbJ	4Q3/p4ppk/1p5r/3p4/3R4/4P1P1/4KP2/7q b - - 9 33	h6f6 d4h4 h1h4 g3h4	970	99	endgame fork
qGHP0	5bk1/2RN4/7p/3p2p1/pr1P4/1p3PP1/1P4P1/4K3 b - - 0 40	b4d4 d7f6 g8h8 c7h7	841	100	arabianMate endgame mate mateIn2
qH0R0	8/pb2r2k/1p3R1R/4N3/3n4/8/PPr3PP/4K3 b - - 0 30	h7g7 f6g6 g7f8 h6h8	1414	87	mate mateIn2
qIDsJ	5R2/5R2/p1b3k1/8/1Ppp4/P1P5/6r1/1K6 w - - 5 47	f8g8 g6f7 g8g2 c6g2	669	100	endgame hangingPiece
qJ4pT	1r1q1rk1/p3ppbp/2ppb1pB/2n5/4P3/P1NB4/1PPQ1PPP/1R3RK1 b - - 4 14	d8a5 h6g7 g8g7 b2b4 a5a3 b4c5	2301	92	fork
qJ5oT	r1bqk2r/ppp1bpp1/2n1pn1p/3p2B1/3P4/2N1PQ2/PPP1NPPP/2KR1B1R w kq - 0 8	g5h4 g7g5 h4g3 g5g4 f3f4 e7d6 g3h4 d6f4	1915	93	trappedPiece
qJ6Mt	r4rk1/ppp1q1bp/n5p1/3Ppb1n/1PP1N3/P2BBN1P/5KP1/R2Q3R w - - 3 16	h1f1 f5e4 d3e4 e7h4 f2g1 h4e4	1717	95	pin
qJqXx	r1b2k2/pp2rpb1/2p1pNQ1/4q1P1/2B5/4n3/PPP5/1K3R1R b - - 4 23	e3c4 h1h8 g7h8 g6g8	1564	92	mate mateIn2 sacrifice
qM6Q9	2kr4/pp1qnpp1/4p2p/2p1P2P/2P2PP1/4B3/PP2Q3/1K5R w - - 0 24	e3c5 d7c6 c5e7 c6h1	1646	95	endgame fork
qMZEA	8/8/8/1p5p/pP4k1/P5P1/6K1/8 w - - 4 39	g2h2 h5h4 g3h4 g4h4 h2g2 h4g4 g2f2 g4f4 f2e2 f4e4 e2d2 e4d4 d2c2 d4c4	1853	94	endgame pawnEndgame zugzwang
qNoB6	r1b2rk1/pp1n1ppp/1q6/6B1/4n3/5NP1/PP1QPPBP/R3K2R w KQ - 3 15	g5e3 e4d2 e3b6 d2f3	1480	94	
qOT8x	4rr1k/2p2pqp/p1P5/1p3Q2/1P6/P1N4R/6PP/R6K w - - 5 27	c3e4 g7a1 f5f1 a1f1	887	97	hangingPiece mate mateIn2
qPTUv	5r2/8/8/pp3r1P/8/3k1BK1/PP3R2/8 b - - 4 43	f8e8 f3e2 d3e4 e2d3 e4d3 f2f5	1870	91	deflection endgame
qQQsP	8/8/5B2/3p1Pp1/2k2p2/5n2/5K2/8 b - - 0 60	f3d4 f6d4 c4d4 f5f6	715	100	endgame
qQV48	r1bq1rk1/pp1n2pp/2pbp3/3pNp2/2PPnB2/2N1P3/PP2BPPP/R2Q1RK1 w - - 8 10	e5c6 b7c6 f4d6 e4d6	2035	97	hangingPiece
qQn3K	r2r4/pppqnpkp/4p1p1/4P3/3P2P1/2N2R2/PPPQ3P/R5K1 w - - 0 17	d2f4 d7d4 f4d4 d8d4	1621	90	
qSAaU	5r1k/6pp/1Q1R4/2p3q1/4P3/1P3P1r/P5P1/3R2K1 w - - 0 31	d1d2 h3f3 b6b5 g5e3 g1h2 e3f4	2524	92	endgame pin
qSTW6	r1bq1rk1/5pp1/2p2b1p/3P4/1Q5P/1BN5/1PP2PP1/2KR3R w - - 0 17	d5c6 f6c3 b2c3 a8a1 c1b2 a1d1	2098	91	deflection queensideAttack
qStHV	1r3rk1/pp3pp1/5n1p/3pN3/3P4/1q2PP2/3Q2PP/R4RK1 b - - 0 22	a7a6 f1b1 b3b1 a1b1	1571	90	trappedPiece
qT1yY	5rk1/p3qpb1/1pn1b1p1/2p1p1N1/4N1P1/2PrBQ1R/PP4K1/7R b - - 1 20	f7f5 h3h8 g7h8 f3h3 e7g7 g5e6	2377	94	clearance sacrifice
qVs2T	rn3rk1/pp1bnpp1/4p2p/3pP1NQ/8/3BP3/PqPN2PP/R4RK1 b - - 1 12	b2e5 d3h7 g8h8 g5f7 f8f7 h5e5	1901	95	deflection discoveredAttack fork
qWE7P	r4rk1/pb1p1pb1/1p2q3/3Nn2Q/7R/P3B3/1PP3PP/R5K1 b - - 7 19	e6g6 d5e7	1373	93	mate mateIn1
qWRdi	5rk1/1Q3ppp/2p5/3pP3/8/NB5n/1PP3PP/R5qK w - - 3 25	a1g1 h3f2	768	100	endgame mate mateIn1 smotheredMate
qXgVb	r2q4/ppp5/4k3/4n1Q1/3b4/4B3/PP4PP/RN4K1 w - - 0 22	g5d8 d4e3 g1h1 a8d8	1279	95	hangingPiece intermezzo
qXomL	8/4p3/4k3/4r3/4R3/1pP1K3/1P6/8 b - - 0 51	e6d5 c3c4 d5d6 e4e5 d6e5 e3d3 e5d6 d3c3	2403	93	endgame rookEndgame
qYFWY	r2q1rk1/6pp/1p6/p2pb3/P1p5/1N1QP2P/1PR2PP1/3R2K1 w - - 0 22	d3d5 d8d5 d1d5 c4b3	1266	93	
qYVGE	6R1/5p2/3pkP2/1B1b2P1/2p1r3/2P5/5K2/8 b - - 3 42	e4g4 g8e8 e6f5 b5d7	1074	95	endgame
qYeUF	r1r3k1/5ppp/p7/3Pp1q1/Q2bP1P1/2N2B1P/PP3nP1/R4R1K w - - 1 25	h1h2 g5f4 g2g3 f4f3	1412	91	deflection
qatJT	r1r2Rk1/p3B1pp/4p3/3p4/8/2q2Q2/6PP/5R1K b - - 5 23	c8f8 f3f8 a8f8 f1f8	682	92	endgame mate mateIn2
qbHeX	r2k1r2/pppq3p/3p2p1/3P4/3P4/4QP2/bB4PP/2R1R1K1 b - - 2 23	b7b6 e3g5 d8c8 e1e7 f8f7 e7d7	1652	98	clearance
qbNNU	8/4R1kp/2pq1rpb/p1Qb1pN1/1p1P4/8/PPP2PPP/6K1 b - - 2 29	g7f8 e7d7 d6c5 g5h7 f8e8 h7f6	2536	95	exposedKing fork pin sacrifice
qbU7k	8/p7/3k1pp1/1p1P1P1p/4K2P/8/P4P2/8 b - - 0 30	g6g5 h4g5 f6g5 f5f6 h5h4 e4f5	2394	91	endgame pawnEndgame
qbbuw	1r3rk1/2q2ppp/4pb2/p1P1n3/8/1Q4P1/PB3PBP/2RR2K1 w - - 3 27	b3c2 b8b2 c2b2 e5f3 g2f3 f6b2	1687	96	discoveredAttack sacrifice
qclX1	8/1p3Q2/2b1p1p1/3pPk2/8/4K3/PP4rP/8 b - - 3 37	f5e5 f7f4	1058	100	endgame mate mateIn1
qe0QR	8/1R6/2k1p3/2p1Pq2/2N5/1P4K1/8/8 b - - 6 42	c6b7 c4d6 b7c7 d6f5	816	100	endgame fork
qe6uo	b1rr2k1/p3bp2/1q2p1pQ/2p1B2p/2P5/1P1B4/P4PPP/3RR1K1 b - - 4 21	e7f8 h6h8	1008	100	mate mateIn1
qenNL	3Rb3/4k3/6p1/3P4/1rN3Pp/pP5P/P1K5/8 w - - 2 45	c2c3 b4c4 c3c4 e7d8	1477	93	endgame
qfNbx	8/8/5p2/2N2bp1/1pk4p/4B3/1P3PK1/8 w - - 1 49	c5b7 f5e4 g2h3 e4b7	1139	96	endgame fork
qgZxY	6r1/k2q4/pp3Bb1/2p1P3/2Qp4/1P6/2P5/K6R b - - 2 53	g6f7 h1h7 f7c4 h7d7 a7b8 b3c4	1513	95	endgame
qi7gx	rn1q2kr/pbp1b1pp/1p3n2/6N1/3P4/8/PP2QPPP/RNB1R1K1 b - - 3 11	h7h6 e2e6 g8f8 e6f7	1448	96	kingsideAttack mate mateIn2
qiJt9	6k1/ppq1rQpp/2p5/8/P7/1P4PP/2Pr2N1/4RRK1 b - - 0 24	e7f7 e1e8 f7f8 f1f8	775	100	endgame mate mateIn2
qj8Cl	4r1k1/P5p1/2Q4p/1p6/1Pp5/6P1/3q1R1P/6K1 b - - 0 47	e8e1 g1g2 d2f2 g2f2	1317	93	endgame
qjk3Q	r3k2r/1b1p1ppp/p4n2/1p6/1Q2P3/P1N1BRq1/1PP1B1Pb/2R4K b kq - 3 16	g3h4 f3h3 h4h3 g2h3	1250	92	trappedPiece
qk9q8	r1b1k1nr/p2ppp1p/6p1/qNB1b3/3Q4/8/PPP2PPP/R3KB1R w KQkq - 2 13	c5b4 a5b5 f1b5 e5d4	1821	97	
qlLUI	rn1qk2r/5ppp/b1p1p3/p2pP3/3P3n/P1PB1N2/5PPP/R1BQ1RK1 w kq - 3 14	c1g5 h4f3 d1f3 d8g5	951	95	kingsideAttack
qmUfo	1r2r1k1/5qb1/p6p/3P2p1/2PN2Qn/1PB4P/P4P2/2R2RK1 w - - 3 32	f1e1 e8e1 c3e1 g7d4	2351	93	kingsideAttack
qo4jC	3r1r2/1pp2p1k/p5p1/4Q2p/1PP3q1/PK2P3/2B5/7R b - - 0 38	d8e8 h1h5 g4h5 e5h5	1299	96	endgame pin
qoe7m	2k5/8/5P2/p3K3/1p2P3/2pr4/2R5/8 b - - 0 49	b4b3 f6f7 b3c2 f7f8q c8b7 f8f7	2541	91	advancedPawn endgame exposedKing promotion rookEndgame
qpbrM	r1bq2rk/p1pp1p1p/1p3p2/4n3/5N2/1B4Q1/PB3PPP/R4RK1 w - - 4 16	g3h4 e5f3 g1h1 f3h4	970	88	kingsideAttack pin
qqpRr	4q2k/2p1rppp/p7/2PQN3/3P4/r1P1P1P1/7P/1R4K1 b - - 2 32	f7f6 e5c6 e7e3 b1b8 e8b8 c6b8	2334	93	endgame pin
qrO3d	7r/pp1B1kp1/6p1/3p1p2/3P4/4RKPP/Pq6/4R3 b - - 3 29	h8h3 d7e8 f7f6 e3e6 f6g5 e6g6	2198	91	endgame
qrdvy	5r2/bpp4k/p2p2q1/3PrNPp/1PP1P3/P5Q1/4B1K1/5R2 b - - 0 35	e5e4 e2d3 f8f5 d3e4	2460	94	
qsCVy	1br2rk1/1b2qppp/5n2/p1p5/2N1p3/PPN1P3/1B2QPPP/2RR2K1 w - - 6 21	c4a5 e7c7 g2g3 c7a5	1808	96	
qseWc	r3k1nr/pp3ppp/2pq4/2bb2B1/2Q5/5N2/P4PPP/3RR1K1 b kq - 1 17	e8d7 c4g4 d7c7 g5f4	2255	94	pin
qsecm	r1bq1rk1/pppnbpp1/7p/3pN3/3P3B/8/PP2PPPP/R2QKB1R w KQ - 0 10	e5d7 e7b4 d1d2 b4d2	1670	96	
qsx1c	r4rk1/pp3ppp/1q2b3/3pP3/8/3B4/PP1Q1PPP/R4R1K b - - 5 15	b6d4 d3h7 g8h7 d2d4	933	98	discoveredAttack kingsideAttack
qt0QP	5rk1/p3r1b1/3p4/2p4p/2Pn3R/2Nq2P1/PP1N1P1P/R1BQ2K1 w - - 1 22	c3e4 d4f3 d1f3 f8f3	1894	93	fork
qt4qf	8/5Qpk/4p2p/2P1q3/8/8/r1r2PPP/2R2RK1 w - - 1 28	c5c6 c2c1 f1c1 a2a1 c1f1 e5e1 h2h4 e1f1	2339	93	endgame
qv6PY	2q2r1k/5pR1/4pP1p/1p1p1P1P/3P4/P1r2N2/2b2P1K/6Q1 b - - 4 33	c3f3 g7h7 h8h7 g1g7	1274	94	attraction endgame mate mateIn2 sacrifice
qvMnT	rn1q1k1r/ppp2pp1/5n1p/4R3/2Bb2b1/5N1P/PP3PP1/RNBQ2K1 w - - 0 12	h3g4 d4f2 g1f2 d8d1	1234	91	discoveredAttack kingsideAttack
qvg2J	8/4kp1p/2N3p1/2P5/1pb1P3/p4PP1/2K5/8 b - - 1 36	e7d7 c6e5 d7c7 e5c4	820	100	endgame fork
qw2wC	5r1k/p3R1pp/2p3q1/5b2/2Q2B1P/3p2P1/PP5K/8 b - - 0 29	g6g4 c4f7 f8g8 e7e8 g4e2 e8e2	1995	93	endgame
qwZ9H	4r1kb/p2b1p1p/1p1pp1p1/7q/2r1P3/1NP1BP2/PP1Q2PP/R4R1K w - - 0 21	d2d6 h8e5 d6e5 h5e5	1429	92	
qxMhA	r2k3r/3pnQ2/1p2p1p1/p6p/3nP3/PN2q3/1K1N2PP/2R2R2 b - - 6 23	d4b3 f7f8 h8f8 f1f8	874	100	mate mateIn2 sacrifice
qxMk2	1k1r4/pp1nR1pr/1q2Bpp1/8/2PQ4/P6P/1P3PP1/R6K w - - 4 25	e7d7 b6d4 d7d4 d8d4	1399	100	xRayAttack
qy1Ok	r3r1k1/5ppp/p3pq1n/1p1p1n1Q/3P2P1/2P2R1P/PPB2P2/R4NK1 b - - 0 23	g7g6 h5h6 f5h6 f3f6	1816	98	
qymQo	7k/6pP/3qpR2/p2p3Q/B2r4/1P6/2P5/2K5 b - - 0 29	g7f6 h5e8 h8h7 e8f7 h7h8 f7f6	2275	93	endgame exposedKing
r1Eds	r1b1r1k1/pp2bppB/2pq4/3pN3/3P1P2/2N1n1P1/PPQ3P1/R4RK1 b - - 0 16	g8h8 e5f7	667	100	kingsideAttack mate mateIn1
r25Vg	r7/1bpq1p1k/p2p1Brp/2p5/3P1Q2/2P1R1P1/P1P2P1P/R5K1 w - - 1 21	a1e1 g6g4 e3e7 g4f4 e7d7 f4f6	2538	91	trappedPiece
r2Wt3	r3kbnr/p1ppqppp/1p6/8/2P5/P3PQ2/1P3PPP/RNB1K2R b KQkq - 0 9	e8c8 f3a8	840	98	mate mateIn1
r38yF	5rk1/3b1pp1/7p/3P4/3bP3/5PP1/R2pB2P/1R4K1 w - - 2 35	g1f1 d7h3	852	100	endgame mate mateIn1
r3bjd	r2qk2r/ppp2ppp/2np4/2b1p3/1PP1n1b1/P3PP2/3P2BP/RNBQK1NR w KQkq - 1 8	f3g4 d8h4 e1e2 h4f2 e2d3 f2g2	1523	98	fork
r73zc	8/8/8/6pp/3k1p2/5P2/5KPP/8 w - - 0 40	g2g3 h5h4 g3f4 g5f4 f2e2 d4c3	2515	93	defensiveMove endgame pawnEndgame
r7RKD	r1bq1r1k/ppp1p1bp/3pBnp1/3N2Bn/3P4/5N2/PPP2PPP/R2QK2R w KQ - 3 11	d5f6 e7f6 e6c8 f6g5	2143	90	
r7lCn	2k2b1r/pp3ppp/4pn2/1N6/5B2/1P2P3/1PP3PP/2KR4 b - - 2 18	a7a6 b5a7	1007	98	endgame mate mateIn1
r7wYp	4kb2/8/4b1P1/5NKP/8/8/8/8 b - - 2 68	f8a3 f5g7 e8d7 g7e6 d7e6 g5h6 a3f8 h6h7	2521	92	defensiveMove endgame fork
r8KYl	r3kb1r/4qppp/4pn2/1N2B3/1p1Q4/8/PPP2PbP/2KRR3 b kq - 1 17	a8c8 b5d6 e7d6 e5d6	1458	95	fork
r8N0M	1r2r1k1/p1q2p1p/2nb1np1/2p3B1/8/PPN2P1Q/2B2P1P/3RR1K1 b - - 4 22	f6h5 e1e8 b8e8 c3b5 d6h2 h3h2	2518	91	
r8pF9	6kr/1p4p1/p1p2nQp/2P1R3/3P4/7P/1q4P1/7K b - - 1 31	b2d4 e5e7 d4a1 h1h2	1671	93	defensiveMove endgame
r9BF0	3rbqk1/3r2p1/p3pn1p/1p2Bp2/8/2PB1Q2/PP3PPP/2RR2K1 w - - 3 29	d3e2 e8h5 d1d7 h5f3 d7d8 f8d8	1711	96	
r9Jgr	3b4/8/1p6/p1pN1k2/P2p4/1P1P4/2P2PKp/8 w - - 6 51	g2h2 f5e5 h2g3 e5d5	1528	94	endgame trappedPiece
r9h56	6k1/p4r1p/2bBQ1p1/4Pp2/3p1P2/6P1/Pqr3P1/1R4RK b - - 1 30	c2g2 e6c8 g8g7 b1b2 g2c2 c8c6	2277	92	fork
rAQZ6	rnb1k2r/pp3ppp/8/3Q4/1b6/5N2/Pq1NPPPP/R3KB1R w KQkq - 0 10	a1b1 b2b1	1697	95	mate mateIn1 pin
rB005	8/2bk4/1p5p/pPp5/P1PpK1Pn/3N1p1P/3B4/8 w - - 2 43	d2h6 c7g3 h6f4 f3f2 d3f2 g3f2	1698	94	advancedPawn endgame quietMove
rB2vS	B7/3R1p2/2P1nkp1/2r4p/7P/8/3K1P2/8 w - - 4 38	d2d3 c5a5 a8b7 e6c5	1787	93	endgame
rDNSm	4rk2/4b2Q/p1P2p2/1p1R4/7p/7P/PPPq1PP1/4R1K1 w - - 11 32	g1f1 d2e1 f1e1 e7b4 e1d1 e8e1	1709	94	attraction doubleCheck endgame mate mateIn3 sacrifice
rDg3a	r4rk1/1pp1qppp/p2p4/6N1/1nPP4/3BQ1Pb/PP6/R4RK1 b - - 1 20	h3f1 d3h7 g8h8 e3e7	2001	87	kingsideAttack
rFE2D	3n4/8/3k1p2/3p1Bp1/K1pPp1P1/2P1P2P/8/8 w - - 3 53	f5g6 d8e6 a4a3 e6f4	1989	91	endgame
rFUqx	8/8/1pB5/6R1/8/1KP3k1/P5r1/7q b - - 0 46	g3f2 g5g2 f2e1 g2e2 e1e2 c6h1	1469	93	discoveredAttack endgame
rFwkt	8/5pk1/4p1p1/4P3/3PN2P/b5K1/8/8 w - - 3 41	e4d6 a3d6 e5d6 g7f8 g3f4 f7f6	2176	95	defensiveMove endgame
rFxfy	5bk1/6p1/3Np3/4P2p/1p6/r5PP/rB1R3K/4R3 w - - 0 40	b2a3 a2d2 h2h1 b4a3	1524	85	endgame hangingPiece intermezzo
rHA2d	8/1b6/1P2B3/6k1/5p2/6p1/5KP1/8 w - - 0 45	f2e2 b7g2 e6c8 f4f3 e2e3 f3f2	1649	99	advancedPawn bishopEndgame endgame exposedKing
rHJFg	r1b1Q3/1pp1kp2/p1np1N2/4p1q1/2B1P1P1/P2P4/1PP2KP1/R7 b - - 7 18	e7f6 e8f7	1037	99	mate mateIn1
rHXsz	r1r2nk1/4P1pp/1p5q/p2bP3/P2P2Q1/B5P1/7P/2R2RK1 b - - 0 24	f8e6 c1c8 a8c8 g4e6 h6e6 f1f8 c8f8 e7f8q	2161	95	advancedPawn kingsideAttack mate mateIn4 promotion sacrifice
rISh8	rnb1k2r/5ppp/1q2p3/1Np5/2P1P3/5N2/Pb3PPP/1R1Q1RK1 b kq - 1 14	b2f6 b5d6 b6d6 d1d6	976	98	fork
rJ6We	r1b2k1N/pp4pp/3q1p2/3B4/2p1P1n1/3p1Q2/PPPN2PP/R4RK1 w - - 0 17	d2c4 d6h2	646	100	kingsideAttack mate mateIn1
rLV3R	1r3nk1/5pb1/pq4p1/2pBP2p/p4P2/2P4P/1P1Q1P2/2K3RR w - - 1 29	f4f5 g7h6 f2f4 h6f4 d2f4 b6b2	2114	91	deflection pin
rMHzR	1r4r1/4kp2/p1b1p2p/4qp2/P1PR3Q/2N5/2P3PP/3R2K1 b - - 3 24	e7e8 d4d8 b8d8 d1d8	899	98	mate mateIn2
rMSHN	rB2k1r1/pp3p2/2pQb3/7p/7P/2P2p1q/P3R1P1/R2B2K1 w q - 0 21	e2f2 g8g2 f2g2 h3g2	1221	100	kingsideAttack mate mateIn2
rN6HG	r7/5p1p/1pkRp1p1/pr2P3/R4P2/8/3PK1PP/8 b - - 0 27	c6c5 d2d4	960	97	endgame mate mateIn1 rookEndgame
rNAOo	r1b1Nb1k/1p4pp/1B1p4/1q2pp2/5n2/1B3P2/P5PP/R2Q1RK1 w - - 0 23	e8c7 b5b6 g1h1 b6c7	1287	97	fork hangingPiece
rNTdD	8/8/5p2/p1kB2p1/8/1KPbP1P1/8/8 w - - 2 37	d5e6 d3c4 e6c4 a5a4 b3b2 c5c4	2000	88	bishopEndgame deflection endgame sacrifice
rONqv	8/5p1k/4p1pp/2qpP3/4bPPP/4P1K1/3Q1R2/8 w - - 0 41	d2d4 c5c1 d4d2 c1g1 f2g2 e4g2 d2g2 g1e3	1975	95	endgame
rRC4X	2k2r1r/pbpnb3/1p1pBn2/8/3PPQ2/2P3B1/PP1N1KP1/R3RN1q w - - 7 23	f1h2 f6e4 d2e4 f8f4 g3f4 e7h4	2403	97	discoveredAttack pin
rRIgl	8/8/4k3/4Pp2/2b2P2/2p1K3/8/1B6 w - - 2 61	e3f3 c4b3 f3e3 c3c2 b1c2 b3c2	2133	94	advancedPawn bishopEndgame endgame quietMove trappedPiece
rRKaV	3r3k/p2r2Rp/1p2p2B/4PpQP/2qp4/b1P2P2/5P2/2R1K3 b - - 1 25	a3c1 g5f6 c1d2 h6d2 d7g7 f6d8 g7g8 d8f6	2503	91	
rRopM	8/2p1b1pp/Q3k3/3Rp1BK/2PpP2P/3P2r1/5q2/8 b - - 5 40	e7d6 d5e5 e6f7 e5f5 f2f5 e4f5	2530	91	endgame fork pin
rS9WR	r1b1kb1r/ppp1qppp/2n2n2/8/4p3/1Q6/PPPBBPPP/RN2K1NR b KQkq - 1 8	c8e6 b3b7 a8b8 b7c6	1227	87	fork
rSbzj	3rr1k1/p2b1p2/1p1p1Pp1/2p1p3/2P1P3/2PP1B2/P4K1R/R7 b - - 3 23	e8e6 a1h1 e6f6 h2h8 g8g7 h1h7	1714	93	endgame mate mateIn3 quietMove
rT6NN	3rR2k/3P2p1/2n2pbp/1p1B4/8/2r4P/P4PP1/3R2K1 b - - 3 28	h8h7 d5c6 d8d7 c6d7 g6e8 d7e8	2124	93	
rUnYw	4r1k1/Q4p1p/6p1/8/1P6/P5PP/1qr2P2/R2R2K1 w - - 1 36	a7d4 e8e1 d1e1 b2d4	1559	95	deflection endgame
rUwgT	3r1r1k/pRp3p1/8/1Q6/6qp/2P2pB1/P1P2P1P/6RK w - - 0 27	g3c7 d8d1 b5h5 g4h5	1920	94	pin
rVOEX	1r4k1/2R1Bppp/3pb2q/4p3/8/6Q1/5PB1/6K1 w - - 8 38	e7d6 b8b1 g2f1 e6h3	1955	97	
rWOyU	2rr1k2/2N1Rp2/p1nP3p/1p4p1/1P6/5P2/PP3PKP/4R3 w - - 11 25	d6d7 c8c7 e7e8 f8g7 e8d8 c6d8	2166	94	endgame hangingPiece
rWgeb	6k1/5pp1/1P2n3/1r1N3p/1R6/7P/6PK/8 b - - 7 49	b5d5 b6b7 d5d8 b4c4	2376	94	advancedPawn defensiveMove endgame
rXLlk	rn4n1/ppp1k3/3p4/3N3B/3PP3/3K2p1/PPP3qr/R2Q4 b - - 5 21	e7d7 d1g4 d7c6 h5e8 b8d7 e8d7	1634	94	fork mate mateIn3
rXzqx	3q1rk1/1b3pp1/p3p2p/1p2B1bQ/3PP1NP/8/PPr3P1/R4R1K b - - 0 22	g5h4 g4h6 g7h6 h5h6	1852	92	kingsideAttack
rYQt3	r4rk1/ppp2ppp/2n5/8/3NP1n1/2PP1Bqb/PP4P1/R1BQ1RK1 w - - 3 16	f3g4 g3g2	765	100	kingsideAttack mate mateIn1
rbo9n	r7/1p4bp/p4p2/3ppP2/1P4P1/P1NK4/k6P/2B5 b - - 0 28	a2a1 d3c2 d5d4 c1b2	1242	93	endgame mate mateIn2
rbpm6	8/1p6/2pp1kp1/p6p/2P1K1PP/1P3P2/P7/8 b - - 0 42	g6g5 h4g5 f6g6 g4h5	1917	92	endgame pawnEndgame
rctMx	8/5R2/1p1r2p1/p1p3k1/6P1/P5KP/8/8 b - - 4 42	c5c4 h3h4 g5h6 g4g5 h6h5 f7h7	1163	87	endgame mate mateIn3 rookEndgame
rdF1S	6k1/5p1p/4b1p1/2rBQ3/8/6P1/Prq2P1P/4RRK1 w - - 2 23	e1d1 b2b5 e5e4 e6d5	2248	85	quietMove
rdGJ2	2k5/pp2Q3/1p4p1/5b2/8/P1N3P1/KPq5/2N5 b - - 1 38	c2c1 e7e8 c8c7 c3b5	1949	96	endgame mate mateIn2
re91m	6rk/pQ3p2/1p1p2r1/8/P3P1Pp/1P3P1q/3P3P/RN3RK1 w - - 3 26	f1f2 g6g4 f3g4 h3g4 f2g2 g4g2	2199	92	kingsideAttack mate mateIn3 sacrifice
rePjg	r6r/pp3pk1/6pp/2PQn3/6P1/7R/1P3qB1/3R3K b - - 0 28	f2b2 h3b3 b2e2 g2f1 e2g4 d5e5	2264	94	
rfW1U	8/p1p2qk1/1p1pb3/6p1/4Q1P1/2P3B1/P3R1K1/5r2 w - - 6 48	e4e6 f7f3 g2h3 f1h1 e2h2 f3f1	1640	97	clearance endgame exposedKing mate mateIn3
rhLES	8/5kp1/1b6/4p1Pp/4Pr1P/3B2K1/6P1/2R5 w - - 1 46	c1c6 b6f2 g3h3 f4h4	1342	97	endgame mate mateIn2
rhU38	r4k1r/ppp2pp1/8/3P4/Q3PRbq/6p1/PP2P1B1/RN4K1 w - - 4 21	b1d2 h4h2 g1f1 g4h3	2329	91	
riJYe	8/p7/1pp3p1/8/4KPk1/1PP5/1P6/8 b - - 0 41	g4h5 f4f5 g6g5 e4e5 g5g4 f5f6	2484	93	endgame pawnEndgame
rjUTo	1k1r1b1r/2p1npp1/Q7/1NpPp2p/6Pq/4PP1P/PP4K1/R6R b - - 2 19	e7d5 a6a7 b8c8 a7a8 c8d7 a8d5	1204	88	interference queensideAttack
rm7wH	4r1k1/Rp3p2/8/2p3r1/2P5/4P2q/1P3PP1/3Q1RK1 w - - 0 31	g2g3 g5h5 d1h5 h3h5	1753	91	endgame quietMove
rmbpw	7k/8/1p3q2/p2R3p/2P5/1P3KQP/Pr6/8 w - - 3 49	g3f4 b2f2 f3f2 f6f4	1224	99	attraction deflection endgame
rmjkN	r4rk1/pp3p1p/2p1p1p1/2b3PB/2P2B2/1P5P/P4P2/R3RK2 w - - 0 20	e1e5 c5d4 a1d1 d4e5	1424	98	fork
roUFu	2r5/1Qq3pk/R1P1ppbp/2P1N1b1/3P2P1/4P2P/4BK2/8 w - - 0 31	e5g6 c7h2 f2e1 h2g1 e1d2 g1e3 d2c2 e3e2	2521	93	deflection
rpb4p	3r1rk1/Q1pqbppp/1p1p1n2/8/4PB2/2N5/PPP2PPP/R3R1K1 w - - 0 13	a1d1 d8a8 a7a8 f8a8	1380	94	
rpbkk	8/6p1/5p2/3k4/1P5P/8/K7/8 w - - 1 53	a2a3 d5c4 a3a4 f6f5 b4b5 c4c5 a4b3 c5b5	2512	93	endgame pawnEndgame quietMove
rqbFv	8/4Rpk1/3p3p/1p1P2p1/3N2P1/1Prb3P/5P1K/8 b - - 1 33	c3c5 d4e6 g7f6 e6c5	1329	100	endgame pin
rrJSJ	4r1k1/b3qpp1/2p4p/1r1p4/1P6/P1P2N2/3Q1PPP/3N1RK1 b - - 0 21	e7e2 f1e1 e2e1 f3e1	1869	91	
rrUTd	8/3RP1p1/3K2k1/5p1p/7P/8/8/4r3 b - - 8 58	e1d1 d6c7 d1e1 c7d8	1864	94	defensiveMove endgame rookEndgame
rsYFZ	5k1r/2Q2p2/3p4/4p3/5n1p/5PNq/P4P2/R3R1K1 w - - 0 26	c7d6 f8g8 d6d8 g8h7 d8h4 h3h4	2024	90	defensiveMove
rt2Iz	3R4/5K1k/5B2/4P3/8/2bp1r2/8/8 b - - 3 73	d3d2 d8h8	626	100	endgame mate mateIn1
rtHU6	r2qk2r/pp2bppp/2n5/3pPQN1/2pP4/2N1P3/PP4PP/R4RK1 b kq - 3 14	e7g5 f5f7	701	100	mate mateIn1
rteYp	2krr3/ppq2pp1/5n1p/3p1R2/1n4P1/3P3P/PPP1N1Bb/R1B2Q1K w - - 3 20	e2f4 b4c2 h1h2 c2a1	2103	87	
ru0kJ	rnb1k2r/pp1p1ppp/4p3/8/Nq1Nn3/8/P3KPPP/R1BQ1B1R w kq - 0 11	a2a3 b4a4 d1a4 e4c3 e2e1 c3a4	1826	93	attraction fork sacrifice
rw4ac	4N1k1/6p1/2p1p2p/1pP4P/p2P2q1/4Q3/P3KP2/8 w - - 3 51	e3f3 g4f3 e2f3 b5b4	2011	90	defensiveMove endgame
rwNyO	2kr4/pp3Q1p/4p3/3q1p2/8/8/PP3PPP/2R3K1 b - - 2 21	c8b8 f7c7 b8a8 c7c8 d8c8 c1c8	995	100	backRankMate endgame mate mateIn3 sacrifice
rwXlE	4r3/p7/3R3p/q3Brpk/2p1R3/Pb6/1P3PP1/6K1 b - - 0 32	e8e5 g2g4 h5h4 d6h6	1610	93	deflection endgame fork mate mateIn2
rwdKW	3rk1nR/ppR2pq1/3Pb3/7Q/P3p3/B3N1pP/6P1/6K1 w - - 9 33	e3g4 g7d4 g4f2 d4f2 g1h1 f2e1	2027	89	kingsideAttack mate mateIn3
rxqZb	8/6kp/4p3/3p1pK1/3P3P/4P3/5P2/8 b - - 0 39	h7h6 g5f4 g7f7 f4e5	1866	90	endgame pawnEndgame
rxsNk	7k/5p2/1n2pNpP/3pP1N1/3P1K2/3P2P1/2R2P2/3q2r1 b - - 4 39	d1c2 g5f7	729	100	endgame mate mateIn1
ryxpW	rn1qk1nr/5ppp/p3p3/8/1bBP4/2N2P2/1P1B1P1P/R2QK2R b KQkq - 0 12	d8d4 d1a4 b8d7 a4b4 a8b8 b4a4	1832	93	fork
ryznh	3r2k1/1b3pp1/p2P4/1p1B4/7p/5P1P/PP4P1/3R3K b - - 0 30	d8d6 d5f7 g8f7 d1d6	742	100	discoveredAttack endgame
rzKNR	4b3/1kp5/p2pNQ2/3Pp2p/2n1P2P/1q2PK2/5R2/8 w - - 6 48	f2e2 b3d1 f3f2 c4d2 e2d2 d1d2	1858	96	endgame
s00fM	3k4/p5B1/3b1n2/1Q1p4/3P2b1/4K3/PPr3P1/8 b - - 13 38	c2e2 b5e2 d6f4 e3f4 g4e2 g7f6	1855	93	endgame
s1fvL	r4rk1/pp3pp1/4p2p/5b2/2PP1nq1/P3BN2/4BP2/R2Q1R1K w - - 2 19	f1g1 g4h5 f3h2 f4e2	2504	91	kingsideAttack
s4lLt	r4r1k/1pp2Bpp/p2q4/4bR1Q/8/4B2P/PPP3P1/2K5 b - - 4 18	e5f6 h5h7 h8h7 f5h5	1360	97	attraction kingsideAttack mate mateIn2 sacrifice
s59tt	1r3rk1/5p1p/p5p1/3RP1P1/qp1Q4/2p1P3/PP3PP1/1K5R b - - 2 24	c3b2 d4h4 h7h5 g5h6	1917	91	enPassant endgame
s68YH	r2q2kr/5p1p/p2pR2B/4n1b1/1p4Q1/3B4/PPP2PPP/R5K1 w - - 1 19	e6d6 e5g4 d6d8 g5d8	2307	93	
s6m2o	r1b2rk1/1p3pbp/p1np1np1/4p3/2PpPP2/NP2q3/P2NB1PP/1RBQ1R1K b - - 4 14	f6e4 d2e4 e3e4 e2d3 e4d3 d1d3	2005	92	trappedPiece
s6qEy	r2qk2r/pQ3ppb/3p3p/3BbP2/3pP1P1/3P3P/PPP5/R3K2R b KQkq - 0 17	a8b8 b7f7	1073	93	mate mateIn1
s7LCB	2r3k1/5pp1/2Bp1q2/pp5p/4P1b1/P3QN2/1P1R1PK1/8 w - - 2 27	c6b5 g4f3 e3f3 f6g5 f3g3 g5d2	2023	95	fork
s7uV5	2rq1rk1/1p3ppp/p6B/3p4/2nbp3/2N3R1/PPP2PPP/R1Q3K1 b - - 1 19	f8e8 h6g7 d4g7 c1h6	1908	96	pin sacrifice
s8Lli	r1b2rk1/1pq2ppp/p3p3/8/3Q4/2NB1P2/PPP3PP/2K4R b - - 2 16	e6e5 d3h7 g8h7 d4h4 h7g8 c3d5 c7d6 d5e7 d6e7 h4e7	2435	92	attraction kingsideAttack sacrifice
s8UYd	r3k3/4R2p/6p1/3p2B1/4p3/r5Pb/5P1P/2R3K1 b - - 6 35	e8f8 e7h7 a3a1 h7h3 a1c1 g5c1 a8a1 h3h8	2018	94	endgame
s9K0j	3r4/p3kp1p/5p2/3rp3/1b2R2P/5NP1/PP3P2/R4K2 b - - 2 25	d5d1 a1d1 d8d1 f1e2 d1a1 e4b4	1888	96	endgame
s9lVX	1k5r/2p1Bpp1/1b4b1/1N1Pp3/1P2R1P1/Q4P2/P4r2/2R2K2 w - - 1 29	f1e1 h8h1	1111	100	mate mateIn1
s9mNj	r4k1r/5P2/p4nQp/1pp5/3q4/3B4/PP3PPP/4R1K1 b - - 3 25	a8a7 e1e8 f6e8 f7e8q	1146	98	advancedPawn mate mateIn2 promotion
sBx2b	r3qrk1/ppp1bppp/8/3P1p2/1P3P2/4Q3/PB4PP/3R1RK1 b - - 0 16	e7b4 e3d4 f7f6 d4b4	1713	95	
sCmll	2b4r/2Q2pk1/p6r/1p1Ppp2/4P3/P1N1bPP1/1P2R2P/R6K w - - 0 33	e2e3 h6h2 h1g1 h2h1 g1g2 h8h2	1474	95	kingsideAttack mate mateIn3
sD2Ym	3r3k/1pp1r1p1/1p4n1/1N3pQ1/6bp/2P1R1Pq/PP5P/2B2RK1 b - - 3 25	e7e3 g5d8 h8h7 c1e3 h4g3 d8d2	2043	95	
sDFKb	2kr3r/ppp1qppp/2nbpn2/3pN3/3P4/2PQP1B1/PP1N1PPP/R3K2R b KQ - 6 10	c6e5 d4e5 d6e5 g3e5	1289	93	fork
sGODh	8/1p6/p1p1k1p1/P1P4p/1P1K1PbP/8/6B1/8 b - - 0 45	e6f5 b4b5 a6b5 g2c6 b7c6 a5a6	2418	95	bishopEndgame endgame sacrifice
sH429	2r2k2/p2qrpbQ/1p2B1p1/1b2P1N1/1P1P4/P7/5RPP/6K1 w - - 1 30	e6d7 c8c1 f2f1 c1f1	633	100	kingsideAttack mate mateIn2
sIEQT	2k4r/1p3P2/1B1p4/P2P2p1/6P1/1P3QK1/4R3/6q1 w - - 1 48	e2g2 h8h3 g3h3 g1h1 g2h2 h1f3	2396	91	attraction endgame mate mateIn3 sacrifice
sJ2hH	8/8/8/8/1p5R/p6p/kB3P2/2K2b2 w - - 0 49	h4b4 h3h2 b4a4 a2b3 a4a3 b3b4 b2e5 h2h1q	2258	93	advancedPawn endgame promotion
sJRIj	8/1r6/8/8/3k4/1K6/R7/8 w - - 1 79	b3a3 d4c3 a3a4 b7a7 a4b5 a7a2	1584	95	endgame exposedKing rookEndgame skewer
sKINw	2r1r1k1/5pp1/1p5p/2bp1q2/1P6/2R1PN1P/3Q1PP1/2R3K1 b - - 0 26	c5b4 c3c8 e8c8 c1c8 f5c8 d2b4	972	96	
sKPAr	5k2/2rNnp2/2pRp1p1/1p2P3/1P4P1/8/5P2/6K1 b - - 4 39	f8e8 d7f6 e8f8 d6d8 f8g7 f6e8	1672	98	endgame
sKl7N	7k/1b4bP/p7/1p3Q2/3p2N1/P2P2PB/1P6/4q1K1 w - - 1 34	g1h2 e1h1	1172	91	endgame mate mateIn1
sKmCY	2r2rk1/3bbppp/pq1p4/1p1Pn1Bn/4P3/7P/PPB3PN/R2Q1R1K w - - 0 19	g5e7 h5g3	924	98	mate mateIn1
sLaCh	4r3/5kb1/p3ppp1/3p1P2/2pP4/P1q3B1/4Q1P1/4R1K1 b - - 0 40	g6f5 e2h5 f7f8 g3d6 f8g8 h5e8	1094	98	deflection endgame
sLhII	6k1/p3n1pp/5r2/3pR3/2pP4/2P5/q4PPP/1NQ3K1 w - - 0 22	e5e7 a2f2 g1h1 f2f1 c1f1 f6f1	906	98	backRankMate endgame mate mateIn3
sN6Ir	r6r/1p2kpp1/p2bbn1p/4n3/8/2N2N2/PPP1BPPP/R1BR2K1 w - - 0 16	c1f4 e5f3 e2f3 d6f4	856	100	discoveredAttack kingsideAttack
sP9rf	8/2p4p/p7/6p1/2p2P2/P1Pb3P/1k1B4/4K3 w - - 0 37	f4g5 b2a3 d2f4 a6a5 f4c7 a5a4	2321	91	bishopEndgame defensiveMove endgame quietMove
sPOIJ	2k5/8/8/r1K2Rp1/6P1/8/8/8 w - - 0 71	c5b6 a5f5 g4f5 g5g4	2110	93	defensiveMove endgame rookEndgame
sQByc	r1bq2Q1/pp1pkr1p/2n2p1B/1B3p2/8/2n5/P1P2PPP/R3R1K1 b - - 1 15	c6e5 e1e5 f6e5 h6g5 f7f6 g5f6 e7f6 g8d8	1796	95	attraction sacrifice
sREOl	1kr5/pp2R1R1/2p4p/3b4/5PPK/P1P5/1r6/8 b - - 0 37	c8g8 g7g8 d5g8 e7e8 b8c7 e8g8	939	98	endgame fork
sRs8t	6k1/1b1n1pp1/1pq4p/p7/3P4/2PQ3P/PPB2RPK/4r3 b - - 3 28	e1e8 d3h7 g8f8 h7h8 f8e7 f2e2	1116	96	kingsideAttack
sSUq8	r1b3k1/2p1b3/1p1p4/pP1Pp2p/P1P1P2q/4B1NP/4QRK1/8 w - - 2 35	g3f5 h4e4 g2h2 c8f5 e2h5 f5g6	2209	90	
sTC6j	2r2r2/1R6/8/k2p4/1b1P4/pP1K4/3B2PP/R7 b - - 16 42	b4d2 a1a3	1369	85	endgame mate mateIn1
sTLi0	5rk1/2pq1pp1/p3r2p/1p1bP3/1P5R/P1P5/B2Q1RPP/6K1 b - - 2 27	f8d8 a2d5 d7d5 h4d4	2133	93	
sTSF8	6rk/rp3Q2/p1p2p1p/P3P3/1P3n1q/2P2PRP/5P1K/3R4 b - - 0 27	g8g3 d1d8 g3g8 f7g8	1183	88	endgame kingsideAttack mate mateIn2
sTpL7	2k1r3/1pp3pp/2b5/6N1/1b5P/2N3Q1/PP3PP1/3r1K1R w - - 1 24	c3d1 e8e1	623	100	mate mateIn1
sVaJZ	r4rk1/1p1b1ppp/p1n2n2/qB1NN3/Pb2P3/8/1PQ2PPP/R1B2RK1 b - - 0 13	a6b5 d5f6 g7f6 e5d7	1953	92	kingsideAttack
sXsJi	3rr3/5R2/6pk/p7/4PR1P/2b2K2/q1p2P2/6Q1 b - - 2 33	e8e5 g1g6 h6g6 f4f6 g6h5 f7h7	2264	95	attraction mate mateIn3 sacrifice
sYGfD	8/1k3p2/8/p2PP1p1/N5P1/1p1K4/5b2/8 b - - 14 54	b7a6 e5e6 f7e6 d5e6 b3b2 d3c2 b2b1q c2b1 a6b5 e6e7	2182	95	advancedPawn endgame
sYYQx	8/2R5/5ppk/6P1/4PK1P/8/8/r7 b - - 0 49	f6g5 h4g5 h6h5 c7h7	922	98	endgame mate mateIn2 rookEndgame
saXge	8/1p6/3kp3/p2p4/P2P4/1PP3p1/3nN1P1/6K1 w - - 1 36	b3b4 b7b5 b4a5 b5a4	2310	92	endgame knightEndgame
sevsy	r2q2k1/5ppp/p6r/2bp4/P3Nn2/1B5Q/1PP3PP/R1B2R1K w - - 0 21	h3f3 h6h2 h1h2 d8h4 f3h3 f4h3	1495	94	attraction kingsideAttack sacrifice
sgMVB	r1b2k1r/p1p2Pp1/2pp3p/8/2B3nq/2P5/P1P2PPP/R1BQ1RK1 w - - 1 13	d1f3 h4h2	757	100	kingsideAttack mate mateIn1
sgsIS	7k/8/3p2pp/2pq4/2p4P/4QPK1/1P4P1/8 b - - 4 46	d5e5 e3e5 d6e5 f3f4	2047	91	endgame queenEndgame
shNxX	2rr2k1/5p1p/p2pp1pP/1p4Q1/8/PN6/2B2qPK/R7 b - - 0 30	f2c2 g5f6 g8f8 a1f1 c2c7 f6g7 f8e8 g7g8	2333	93	endgame quietMove
sirtu	8/5R2/p2rk1p1/6Pp/5P1P/5K2/8/8 w - - 3 51	f7f6 e6e7 f6d6 e7d6 f4f5 g6f5	1968	91	defensiveMove endgame rookEndgame
sjE5F	8/3k4/pp3ppp/3P2P1/P2K1P1P/8/8/8 b - - 0 36	h6g5 f4f5 g5h4 f5g6 h4h3 g6g7 h3h2 g7g8q h2h1q g8e6 d7d8 e6b6	2493	95	advancedPawn endgame exposedKing pawnEndgame promotion
smU5w	rn3k1r/1b1p2p1/p2q1p1p/4pR1Q/4P3/1B1PP3/PPP3PP/R5K1 b - - 3 16	d6e7 f5e5 b8c6 e5e7	1994	92	
sq61b	1R4Q1/4q1p1/4p1k1/2p4p/4P2P/r1PP4/5PP1/6K1 w - - 2 31	b8e8 a3a1 g1h2 e7h4	1117	100	endgame mate mateIn2
srWbM	3r2k1/5pb1/p5p1/q1p3P1/1nPp1P2/Pp6/1P2QB2/1K1R3R w - - 1 29	a3b4 a5a2 b1c1 d4d3 d1d3 a2a1 c1d2 a1b2	2476	93	deflection queensideAttack
ssJ1r	8/pp3rkp/2pb1pq1/3p1R2/P6P/1P1pPQ2/1B4P1/6K1 b - - 0 32	g6g3 f5g5 g3g5 h4g5	1703	94	endgame pin
ssgpx	r2q1r2/pp2npbk/6pp/2pp4/3n4/2NPB1Pb/PPPQNPB1/1R3RK1 w - - 0 14	g2h3 d4f3 g1h1 f3d2	971	94	fork
st1ZR	rn2k1r1/pp3p1p/2p1pp2/7b/3P4/4BNqP/PPP1B3/R2Q1R1K w q - 2 14	f1g1 h5f3 e2f3 g3h3	1961	89	kingsideAttack mate mateIn2
stJHb	2r1n1k1/ppq2p1p/3p2p1/8/1P1Q4/2rB3P/P4PP1/3RR1K1 b - - 5 25	c7b6 e1e8 c8e8 d4c3	1217	92	deflection
stkeN	8/1p6/p3k2p/2p1b1p1/2P2p2/PPB2P1P/5P2/5K2 w - - 4 37	c3e5 e6e5 f1e2 e5d4 e2d2 b7b5	2104	95	endgame
su3R3	3rr1k1/pp3p1p/3n1np1/3N4/2q5/1QN5/PP3PPP/3R1RK1 b - - 5 22	c4b3 d5f6 g8h8 a2b3	1906	91	fork hangingPiece intermezzo
swolU	4R3/7P/8/1k3K2/8/p7/5Pr1/8 b - - 12 85	g2f2 f5g4 f2h2 e8e5 b5a4 e5h5 h2h5 g4h5	2502	93	defensiveMove endgame rookEndgame
sxYIo	8/p2Q2pp/2p2kp1/3p4/3Pn1P1/2P4P/PP3P2/4qNK1 w - - 7 28	d7c6 f6g5 c6d5 g5h4 d5e4 e1e4	1594	96	defensiveMove endgame
t0fId	k2r3r/pp5p/nq1R2p1/4Q3/8/2P3P1/PP4P1/2KR4 b - - 8 25	d8d6 d1d6 b6g1 d6d1	2226	92	endgame
t3GSH	7R/2knp3/p2p2Q1/qp6/2pPP1P1/2N5/PPP2r2/2K5 w - - 2 25	c3d5 c7b7 d5c3 b5b4 g6g8 f2f8	2558	91	endgame
t3Vtv	r2qr1k1/5ppp/2bbpn2/p1p5/2P5/1P3N2/PB1NQPPP/R3R1K1 w - - 0 18	e2d3 d6h2 f3h2 d8d3	1080	92	discoveredAttack kingsideAttack
t3kWI	3r2k1/1b3ppp/pb2P3/8/8/1BP5/PP4PP/4RK2 b - - 0 30	f7e6 e1e6 g8f8 e6b6	1614	96	endgame
t6HOp	r5k1/1p4p1/p2ppq1p/4p1b1/2PpPr2/P2P3P/1PN1QPP1/R4RK1 b - - 5 18	a8f8 g2g3 f4f3 c2e1 f3f2 f1f2 g5e3 e2e3 d4e3 f2f6	2132	92	
t6QEG	5k2/p3b2P/2q1pn2/6Q1/3Pp3/2N5/Pr6/K5R1 b - - 1 35	b2h2 g5g8 f6g8 h7g8q	1968	94	advancedPawn mate mateIn2 promotion
t6REn	8/2q1kpp1/p1p1p1p1/2Np4/3P2P1/P3Q3/1PPK1P1r/8 b - - 3 23	f7f6 e3e6 e7f8 c5d7 c7d7 e6d7	984	97	endgame
t7FRx	7k/5r1p/p2q2r1/np1p2N1/3P2Q1/1PP4P/P1R2PP1/6K1 b - - 0 34	f7g7 g4c8 g7g8 g5f7 h8g7 f7d6 g8c8 d6c8	1273	93	fork
t8IB0	8/p7/8/2K2k1p/2P2pp1/P4P1P/1P5P/8 w - - 0 39	h3g4 h5g4 f3g4 f5e5 g4g5 f4f3	2505	92	advancedPawn endgame pawnEndgame
t9eIq	8/3R1R2/p3rk2/1p4p1/5nP1/5K1P/PPr2P2/8 b - - 4 41	f6e5 f7f5	976	98	endgame mate mateIn1
t9iff	2r3k1/p2q3p/1p1p2p1/3Pp2n/P3P2b/P1B2Q1P/4N1P1/5R1K b - - 1 27	d7g7 f3g4 c8f8 f1f8 g7f8 g4h4	1826	88	fork
t9kRt	2r5/4kp2/2rp4/4p3/1Q2P1q1/6P1/PP3P2/1R1R2K1 w - - 1 31	b1c1 c6c1 b4d6 e7e8 d6e5 g4e6	1860	87	endgame
t9n51	8/5kp1/p1p2rp1/P6p/1PR1p1P1/4P1KP/3r1P2/2R5 w - - 0 32	c1c2 f6f3 g3g2 f3f2	1606	89	endgame rookEndgame
t9u5q	r3k1nr/ppp1npp1/1b1p2qp/3P4/2B1P1bB/1Q3N2/PP3PPP/RN3RK1 w kq - 2 12	c4d3 g4f3 d3b5 c7c6 b3f3 c6b5	1093	89	pin
t9vDt	r1r3k1/pp2qp1n/1p1pb2Q/4p3/1P2PP1N/2PP1R1P/1P4P1/R5K1 b - - 2 20	g8h8 f4f5 e7g5 h6g5 h7g5 f3g3 c8g8 f5e6	2084	88	
tCZem	5rk1/6p1/1p3p2/pPpP1Pnp/P1P4q/3BQ1R1/5PK1/8 b - - 1 38	g8f7 f2f4 f8e8 e3f2	2447	92	clearance endgame
tDWVz	7k/4q1p1/4n1Qb/p3p2P/1pP1Rp2/1P3P2/P1K2P2/8 w - - 2 41	e4e5 e6d4 c2d3 e7e5	814	100	discoveredAttack endgame
tE1uv	8/1p6/p7/4k3/1PP4p/5K1P/8/8 w - - 3 52	f3g4 b7b6 g4f3 e5d4 c4c5 b6c5	2430	92	endgame pawnEndgame quietMove
tEAQE	2kr2r1/pp1q1p2/8/2b1np1p/2pNp2P/2P1P1P1/PP2QP2/4NKRR w - - 2 24	e2h5 c5d4 e3d4 e5g4 e1c2 f7f6 c2e3 g8h8	2384	93	quietMove
tF8D9	R2b2k1/3P1p1p/6p1/2B1p3/8/2q4P/6P1/7K b - - 2 29	c3c5 a8d8 g8g7 d8c8 c5f2 d7d8q	1867	93	advancedPawn clearance endgame hangingPiece promotion
tFwPX	4k3/4P3/8/4K3/R2p4/8/8/3r4 b - - 0 62	d4d3 e5d6 d1e1 a4a8 e8f7 a8f8 f7g7 f8f2	2406	91	defensiveMove endgame exposedKing rookEndgame
tG8Sm	3rkbr1/1b2pp2/p4np1/q1nNN3/1Q3B2/1pP1PB2/PP3PP1/R3K2R b KQ - 2 16	a5b4 d5c7	1191	100	mate mateIn1
tGCeW	r4rk1/1b1q1ppp/p7/1p1n4/2pPQ3/P4PB1/2B3PP/1R2R1K1 b - - 3 27	d5c3 e4h7	625	100	kingsideAttack mate mateIn1
tGEsy	8/5k2/p1p2pp1/P2p4/1P4KP/2P2P2/8/8 b - - 1 56	f7e6 f3f4 e6d6 f4f5 g6g5 h4g5	2321	91	endgame pawnEndgame quietMove
tGi4e	4r1k1/4rpp1/1pP4p/p1p2q2/3b3P/1P4P1/P2Q1PB1/1R2R1K1 w - - 3 26	e1e7 f5b1 d2e1 b1e1 e7e1 e8e1	1649	92	hangingPiece kingsideAttack xRayAttack
tHdW1	2br1k2/pp3p1p/2n5/q2n2Q1/8/1B2P1P1/1PP4P/1NKR4 w - - 1 22	d1d5 a5e1 d5d1 d8d1	1266	85	mate mateIn2 queensideAttack
tI693	5r2/p1p3kp/6p1/3B4/1P3b2/2P5/P3r2N/R4R1K w - - 1 27	h2f3 f8f5 f3h4 e2h2 h1g1 h2h4	2236	94	exposedKing fork
tIgo9	3R1b1k/8/4pN2/4P2p/2r2P2/1K1p4/8/8 b - - 9 45	c4f4 d8f8 h8g7 f6h5 g7f8 h5f4 d3d2 b3c2 d2d1r c2d1	1594	94	endgame exposedKing fork hangingPiece
tJ3HF	3Q4/5p2/pkr5/3p4/1pq1b3/1N6/PP6/K2R4 b - - 9 37	b6b5 d8a5	1675	94	endgame mate mateIn1
tJ4Ge	7r/2q3k1/1n3pp1/p2p4/B2P4/2Pp1PNr/1P3PK1/R1Q1R3 w - - 2 36	e1h1 h3h1 c1h1 h8h1	1735	92	
tJxzz	1k5r/ppp2p2/7p/2qp2P1/3n4/P3Q1nP/1PP2KPN/R3R3 w - - 5 22	f2g3 d4f5 g3f3 f5e3	1155	85	fork
tK5vG	3r1r1k/pp4p1/1qnp3p/3Bp1b1/2P1Q3/1P5R/P4PPP/2BR2K1 w - - 11 24	c1g5 b6f2 g1h1 f2f1 d1f1 f8f1	858	100	backRankMate mate mateIn3 sacrifice
tNwDN	8/1Kp5/2p2p2/2k3pp/2P2P2/PP2P2P/8/8 w - - 0 31	b7c7 g5g4 h3g4 h5g4 e3e4 g4g3	1365	85	endgame pawnEndgame
tOCA3	2r1rk2/1p3pp1/pqn2n1p/3pN3/1P1P4/P3B1PP/3Q1PK1/2R1R3 b - - 0 22	f6e4 e5d7 f8g8 d7b6	1058	92	fork
tPUO1	5r2/p1p2pkp/1p4p1/8/2P3n1/1PN1P1P1/P2r1PKP/R4R2 w - - 2 17	h2h3 g4e3 g2g1 e3f1	1045	90	endgame pin
tPyWK	8/8/8/4K3/6pk/5r2/5PR1/8 w - - 4 48	e5e4 h4h3 g2g1 f3f2	1502	94	endgame rookEndgame
tQLW7	r1b1k2r/2pp1ppp/p7/b2NP3/3n1P2/1p6/PPPKP1P1/RN3B1R w kq - 0 16	c2c3 d4c2 a2b3 c2a1	1639	96	trappedPiece
tQUxY	r5rk/p4Rb1/1p3nQp/2p5/6q1/1P1B4/P1PP1P1P/5K1R w - - 0 27	f7f6 g4d1 f1g2 g7f6 h1d1 g8g6 d3g6 a8g8 f2f4 g8g6	1628	92	clearance discoveredAttack intermezzo pin
tTwuL	6rk/pp3b1p/2p1p3/1P1p1prn/2PP1N1q/2Q1PP2/PR4BP/6RK w - - 1 25	c3e1 h5g3 e1g3 g5g3	1587	93	kingsideAttack pin
tVMbR	r1b2rk1/pp3ppp/4n3/2P2N2/4p3/2P1P1P1/PP2KPP1/R6R b - - 5 16	e6c5 f5e7 g8h8 h1h7 h8h7 a1h1 c8h3 h1h3	1283	90	anastasiaMate attraction kingsideAttack mate mateIn4 sacrifice
tWhsq	r2qrN1k/1pp3pQ/p2bBn1p/8/3P4/8/PP1N1PPP/R4RK1 b - - 8 20	f6h7 f8g6	913	99	mate mateIn1
tXc6f	8/pR5p/4k1p1/4P3/5K1P/P1B2P2/1P5r/6r1 w - - 15 52	b7h7 h2h4 h7h4 g6g5 f4e4 g5h4	2379	91	attraction endgame fork sacrifice
tXtDH	1r5k/3q4/1P1p1b2/1R3pN1/4pPp1/r2nB3/3Q2PP/1R5K w - - 5 37	b6b7 d7b5 b1b5 a3a1	1992	91	sacrifice
tZZ59	2r1kb1r/pp3Bpp/1nn5/1N2N3/5B2/8/PP3PPP/R2b2K1 b k - 0 15	e8e7 f4g5	1025	99	mate mateIn1
taQzv	1r2rk2/p1p3p1/2p2bQB/2qp1P2/8/8/P1P1b1PP/4RR1K b - - 0 28	c5d6 h6g7 f6g7 f5f6 g7f6 f1f6 d6f6 g6f6	2082	85	fork sacrifice
taz6M	2r1n3/4R1k1/bq6/2PP1rB1/8/Pp5P/1P3PP1/2R3K1 b - - 1 37	f5f7 e7f7 g7f7 c5b6	1649	89	
tbKef	7Q/2pb1k2/3p4/2pP1p2/p1P1p1qp/P7/1PB4P/5NK1 w - - 2 39	g1h1 h4h3 h8h7 f7e8 f1e3 g4f3 h1g1 f3e3	2456	91	defensiveMove endgame fork
tbXjW	2kr3r/ppq2pp1/4p3/1Bb4p/6n1/2P1B2P/PP2QPP1/R4RK1 w - - 3 17	e3c5 c7h2	701	100	mate mateIn1
tbldM	r4k2/1pp2pp1/1p1p3p/6q1/2BPRn2/2P2Q2/PP3PPP/6K1 b - - 4 27	f4h5 f3f7	795	100	endgame mate mateIn1
tcf57	3r2k1/6pp/p7/1p2PR2/8/1P2p3/4K1PP/8 b - - 1 32	d8f8 f5f8 g8f8 b3b4 f8e7 e2e3	2335	98	endgame quietMove rookEndgame
tckCy	8/8/8/8/Pk1n1rP1/8/K3RP2/8 w - - 11 56	e2e8 f4f2 a2b1 d4b3 e8b8 b4a3 b8b3 a3b3	2399	91	endgame quietMove
tcntz	3r4/bp3k2/p5R1/P4p2/5N1P/5pP1/2r2P2/5RK1 w - - 7 38	g6h6 c2f2 f1f2 d8d1 g1h2 a7f2	2152	96	endgame pin sacrifice
td14D	r5k1/3Q1pnp/p2p2p1/1p1P4/8/1P1B1R1P/5qPK/8 b - - 1 26	f2d4 d7f7 g8h8 f7f8 a8f8 f3f8	994	91	backRankMate endgame mate mateIn3 sacrifice
td87m	5r1k/2Q3p1/5q1p/p1PP4/P5R1/1r3B1P/6PK/8 w - - 1 37	c7c6 f6e5 g4g3 f8f3 g2f3 b3b2 h2h1 e5g3	2435	93	deflection discoveredAttack endgame sacrifice
tdJpR	r6k/pp4pp/3b1n2/2pN1Q2/5P2/4B3/Pq4PP/1R4K1 b - - 2 23	b2a2 d5f6 a2b1 f5b1	1481	88	
te5Mq	1r5k/2p2p1p/p1pp1Pr1/4pR2/2P1P1P1/1P1P2K1/P7/7R b - - 2 26	b8g8 f5h5 g6g4 g3f2 g4g2 f2f1	2242	85	defensiveMove endgame rookEndgame
tfAbo	6k1/1n1bQp1p/1p1p2pP/1PpP2P1/1qP5/2r5/3rBPK1/7R b - - 0 28	b4b2 e7d7 g8f8 d7c8 f8e7 c8b7	2108	94	fork hangingPiece
th9yV	2r5/8/p1R2pkp/3p1pp1/Q2Pq3/P3P3/5PPP/6K1 w - - 0 27	c6c8 e4b1 c8c1 b1c1 a4d1 c1d1	614	100	backRankMate endgame mate mateIn3
thKLe	8/3Q1Rb1/p5P1/1p2q3/2k1p3/P7/1P6/K7 w - - 14 57	f7f5 e5b2	689	97	endgame mate mateIn1
tjbqZ	3r2k1/p2r1p1p/8/6p1/2P5/4B3/P2n1PPP/2RR2K1 w - - 4 24	c4c5 d2f3 g1f1 d7d1 c1d1 d8d1	832	97	discoveredAttack endgame
tji9U	2k5/ppq2pp1/6p1/2pr4/8/4bN1P/PPQ3P1/4R2K b - - 1 25	c7f4 c2b3 c5c4 b3e3 f4e3 e1e3	2009	94	endgame
tkC6U	4rk2/ppp2ppp/8/4nb1Q/3p1q2/3P4/PPP1RPP1/4R1K1 b - - 7 20	f5g4 e2e5 f4e5 h5e5 e8e5 e1e5	1982	90	
tkWww	6k1/1p2rp1p/2rN2p1/8/1P2Pn1P/5Pq1/1Q1R2P1/5RK1 w - - 1 32	b2d4 c6d6 d4d6 f4e2 d2e2 g3d6	2198	93	deflection discoveredAttack sacrifice
tljKw	r7/4k1Qp/5q1P/p2p3B/1p1Rb3/2r5/PKP5/6R1 b - - 3 30	e7e6 h5g4 e6e5 d4d5 e4d5 g1e1 d5e4 e1e4 e5e4 g7f6	2232	93	deflection sacrifice
tmD6V	r4rk1/pb1Rb1p1/1pp1p1qp/4P3/2B2p2/2P3N1/PP2QPPP/5RK1 w - - 0 19	g3e4 f4f3 e2f3 f8f3	1354	94	pin
tmMUu	8/7k/1Bp3pp/8/4P3/3p3P/6QK/4q3 w - - 0 44	g2f2 e1f2 b6f2 d3d2	1603	98	advancedPawn endgame
tn0TU	6k1/2Q2pp1/4r2p/8/r1P2P2/4BK2/6PP/4b3 b - - 0 30	a4a3 c7b8 g8h7 b8b1	1781	94	endgame
tn4pA	k2r3r/1p3p1p/4p3/3n1p2/3P2P1/2P1QPqP/PP2B3/R2K3R w - - 1 31	e3e5 d5c3 d1c2 g3e5 d4e5 c3e2	2116	91	capturingDefender
tnzVa	6k1/p5b1/3p2Q1/4q3/3p2p1/P2B2P1/7P/6K1 w - - 0 44	g6g4 e5e3 g1g2 e3d3	1445	91	endgame fork
to0uf	8/3Q2k1/6p1/1p6/2r2q2/5NN1/6PK/8 b - - 1 45	f4f7 d7f7 g7f7 f3e5 f7e6 e5c4	1409	95	attraction endgame fork
togEJ	r4bk1/5ppp/2qn4/3p1QP1/3B4/pPpR4/P4P1P/2K1R3 w - - 2 27	f5e5 a8e8 e5e8 d6e8	1651	100	
tpjBv	1r3r2/p4k1p/2p5/1P1pp3/P3P3/6Qp/4q1PP/5RK1 b - - 3 31	f7e7 g3e5 e7d7 b5c6 d7c6 e4d5 c6d7 e5e2	2541	95	attraction discoveredAttack endgame exposedKing
tqQCR	8/6p1/p1k2pp1/P5P1/3K1P2/8/7P/8 b - - 0 44	c6b5 g5f6 g7f6 h2h4 f6f5 d4e5 b5a5 e5f6	2311	91	endgame pawnEndgame quietMove
trbY9	rnbqkb1r/ppppp1p1/5n1p/5p2/3P1B2/4P3/PPP1BPPP/RN1QK1NR b KQkq - 1 4	g7g5 e2h5 f6h5 d1h5	1063	95	mate mateIn2
trfl1	8/8/8/1p6/8/5k1r/P2K3P/7R w - - 0 41	d2c3 f3g2 c3b4 g2h1	1046	100	discoveredAttack endgame rookEndgame
tsyV2	6k1/q3rp1p/2Qp2p1/p1pP4/P7/P4P1P/6P1/1R5K b - - 0 36	e7e3 c6c8 g8g7 b1b7 a7b7 c8b7	2529	93	endgame
ttNxQ	r1r3k1/1bq2ppp/4p3/ppn1P3/4PP2/4QNPB/PP5P/1KR4R w - - 3 21	f4f5 b7e4 e3e4 c5e4 c1c7 c8c7	1021	95	
tuoR7	8/5ppk/3p3p/8/3q4/1pn4P/4QPP1/3R2K1 w - - 2 35	d1d4 c3e2 g1f1 e2d4	661	100	endgame fork hangingPiece
tv5NA	3r1r1k/pp3p2/2p2p1p/3P4/2P5/2BP4/P6P/2K3R1 b - - 0 25	f8g8 c3f6 h8h7 g1g8 d8g8 d5d6 h7g6 f6e7 g6f5 d6d7	1891	93	advancedPawn endgame fork quietMove
tvATg	3q1r1k/7p/3bN1p1/pPpPR3/P7/1P1Q2PP/6K1/5r2 w - - 0 35	e6d8 f8f2	1052	93	endgame mate mateIn1
tvKZF	3q2k1/r5rn/2p1R3/p1PpR2P/3P1Q2/P1p2P2/5P2/2K5 b - - 6 28	h7f8 e6e8 a7f7 f4f7 g8f7 e8d8	1749	93	exposedKing
tyO4I	3r1rk1/pp3q1p/2p1Q3/4B3/P1P5/8/1P3PPP/5RK1 w - - 1 22	e6h3 f7f2 f1f2 d8d1 f2f1 d1f1	1371	88	endgame mate mateIn3 sacrifice
tz6Ud	r3k2r/pp2bppp/2pp4/5q2/8/2N5/PPP1Q1PP/R1BR2K1 w kq - 0 17	d1d6 f5c5 c1e3 c5d6	1008	96	fork
tzOHH	1kr2b1r/p3pp2/1q4p1/4P2p/2Q1BPb1/8/PPP3P1/R1B1K2R w KQ - 4 19	c4d5 c8d8 d5d8 b6d8	2189	88	
tzo7F	r2q1rk1/pQ1nppbp/3p1np1/2p5/2PP4/2NBP2P/PP3PP1/R1B1K2R w KQ - 1 10	d4c5 d7c5 b7f3 c5d3	1131	89	fork
u3B4G	3r2k1/1p3ppp/pq6/4p3/4QnP1/1N3P2/PPP4P/5R1K w - - 2 25	e4e5 b6f2 f1f2 d8d1 e5e1 d1e1 f2f1 e1f1	1998	93	endgame mate mateIn4 sacrifice
u3TNq	rn1q1r1k/pp5B/7Q/3n4/3P3b/8/PP3PPP/R4RK1 b - - 3 20	d8f6 h7g6 h8g8 h6h7	1363	96	discoveredAttack kingsideAttack mate mateIn2
u5fiN	7k/4r1p1/5p1p/3N4/np3PP1/5K2/2R4P/8 b - - 1 51	b4b3 c2c8 h8h7 d5e7	993	100	endgame
u6J1U	r5k1/pp1b1r1p/4pBp1/3pPnQ1/2p2PP1/P1P1q3/2P1B3/R2K3R b - - 2 20	f5g3 g5g6 g8f8 h1h7 e3e2 d1c1 f7h7 g6h7	2261	94	deflection kingsideAttack
u7C8F	6Q1/6Bp/1bppnP2/1N1k1q2/3P1n1P/2P3P1/P4P1K/R4R2 w - - 2 34	f6f7 f5h3 h2g1 h3g2	851	90	mate mateIn2
u7RPw	r4rk1/1ppb1pp1/p1np2qp/P3p1B1/1P2P1n1/2PP1N2/3QB1PP/RN3K1R w - - 0 15	f3h4 g6g5 d2g5 h6g5	1369	87	
u9zHN	2r3k1/1b3p1p/p5p1/6N1/3q2nP/6P1/PP3P2/1B1R2K1 w - - 0 26	d1d4 c8c1 d4d1 c1d1	776	100	endgame fork mate mateIn2
uAQzr	N1b2rk1/pp3pp1/3p1q1p/2b1p3/2P1P2N/6P1/PPP2P1P/R2QK2R w KQ - 1 14	a8c7 f6f2	722	99	mate mateIn1
uAU5H	1b6/6k1/1P4p1/2PK4/4N2p/5n2/8/8 b - - 3 46	h4h3 c5c6 h3h2 e4f2	1986	94	defensiveMove endgame
uAoni	8/4k3/p1p5/1p3PK1/P7/2P5/8/8 w - - 0 47	g5g6 e7f8 a4b5 c6b5 g6f6 a6a5	1885	96	endgame
uCNsq	4rr2/p5k1/6p1/1pp3P1/2bp4/6P1/PPQ5/2KR4 w - - 1 27	d1h1 e8e2 c2e2 c4e2	1717	89	endgame
uCbtZ	3rr1k1/p1p2ppp/1p4q1/3n1b2/2Q1N3/P3PB2/5PP1/BRR3K1 w - - 6 26	b1b5 f5e4 f3e4 g6e4 c4e4 e8e4	2474	95	
uDIEV	4n3/p2k4/2p2p2/PPN2pbp/2P1p3/2B3P1/5KP1/8 b - - 5 40	d7d6 b5b6 a7b6 a5b6 d6c5 b6b7	1980	92	advancedPawn endgame sacrifice
uDaeT	4rrk1/1bR2p1p/p5p1/8/1p1p2P1/1B1P3q/PP3R1P/3Q2K1 b - - 6 26	b7a8 c7f7 f8f7 b3f7 g8g7 f7e8	2079	90	fork
uDqjr	r6k/5p2/P1p2N2/8/2pq4/2rb3P/QR3PP1/R6K w - - 2 44	a6a7 c3b3 b2b3 c4b3	2424	90	
uE8P1	6k1/5p1p/p1p2Pp1/1p1nP3/1B6/2P5/P1r3PP/R5K1 b - - 0 27	d5c3 b4c3 c2c3 a1d1 h7h6 d1d8	1387	93	endgame quietMove
uE98D	2kr1b1r/2p2pp1/P3p2p/1Q2Pb2/8/2q5/R4PPP/5RK1 b - - 0 20	c3c5 b5b7 c8d7 a2d2 f8d6 e5d6	2565	91	queensideAttack
uEYDX	r1q2r1k/ppp3pp/5nb1/n2p4/3P4/P1N2B2/1P1Q1PPP/R1B1R1K1 w - - 5 17	c3d5 a5b3 d2c3 b3a1	1896	90	
uFJhu	3R4/8/6P1/8/2k2K2/3r4/3p4/8 w - - 2 57	d8c8 c4b5 g6g7 d2d1q	2514	92	advancedPawn defensiveMove endgame promotion rookEndgame
uFWYG	r3k2r/ppp1ppbp/6p1/4P3/5Bb1/4N3/PPP2PP1/R3K2R b KQkq - 1 13	e8c8 e3g4 d8d4 f4h6 g7h6 g4h6	2122	92	hangingPiece
uFfuf	r3r3/4Nppk/5n1p/p1p1B3/1p1qbQ2/1P5P/2P2RP1/R5K1 b - - 7 29	d4d7 e5f6 e8e7 f6e7	1329	93	
uFmJV	2rq1rk1/pp3ppp/2n1p3/2RpPn2/3P4/P3BB2/1P3PPP/3Q1RK1 b - - 0 16	c6e5 d4e5 f5e3 c5c8 d8c8 f2e3	2160	94	hangingPiece
uFniu	r4r1k/pp1R2pp/1b2p3/8/Q1B5/1N6/P4qPP/3R3K w - - 3 25	c4e6 f2f1 d1f1 f8f1	727	100	backRankMate mate mateIn2 sacrifice
uFxK7	7k/p1p1q1rQ/2b2N2/4pP2/PbPp4/1P4R1/2P3PP/4R1K1 b - - 0 31	g7h7 g3g8	678	100	arabianMate mate mateIn1
uG4WR	7r/Q3N3/3pkp2/8/2P2P2/5K2/7r/8 w - - 0 46	e7g6 h8h3 f3g4 f6f5 g4g5 h2g2	1293	92	endgame mate mateIn3
uGDKX	8/3k1p2/4p1pp/pp1nP3/5P1P/P5P1/1PR2K1r/4N3 w - - 2 37	e1g2 h2g2 f2g2 d5e3 g2f3 e3c2	1120	100	attraction endgame fork sacrifice
uHWYv	5rk1/ppp2pp1/1n2q2p/8/P2p4/3Q1R2/1PB2PPP/5K2 b - - 7 27	e6g6 d3g6 f7g6 c2b3 g8h7 f3f8	1713	93	deflection endgame kingsideAttack
uHt4b	2r2rk1/1Q2bpp1/3pq2p/3np3/8/5N2/PP3PPP/R1BR2K1 w - - 1 19	d1d5 c8b8 b7c6 f8c8	1561	95	clearance
uIqkP	3q1k1r/2p2ppN/2r4p/3p4/3B2P1/5Q1P/P7/5RK1 b - - 1 31	f8g8 f3f7 g8h7 f7g7	1181	95	mate mateIn2
uKAih	2b1rk2/2p2B2/1p1q2N1/1P6/5nP1/3P2K1/1QP2P2/4R3 b - - 2 28	f8f7 g6e5 e8e5 b2e5 d6e5 e1e5	2201	91	
uKmTL	rn1qkb1r/pp3Bpp/5n2/2p1N3/3pP3/3P2N1/PPP2PPP/R1BbK2R b KQkq - 0 9	e8e7 g3f5	987	95	mate mateIn1
uLFq9	2kr4/2p2p2/1q1r2b1/4Q3/7p/P1N4P/1PP3PR/2K1R3 w - - 6 31	g2g3 d6e6 e5e6 f7e6	1603	89	
uLsmH	1r2r3/pb2np1k/1p3Bp1/2p3Q1/6P1/2PP2qP/PP4B1/R3R1K1 w - - 3 25	e1e7 g3g2	997	87	kingsideAttack mate mateIn1
uNBFW	3r1rk1/Q4Rpp/8/2p5/2N5/1P4qP/P4nP1/5R1K w - - 1 26	f1f2 d8d1 f2f1 d1f1 f7f1 f8f1	1099	100	mate mateIn3 xRayAttack
uNM0l	6k1/4nppp/3bpnb1/3p4/B2P1N2/P1R1PP2/r5PP/2R2K2 b - - 3 28	d6f4 c3c8 e7c8 c1c8 f6e8 c8e8	691	100	backRankMate mate mateIn3 sacrifice
uNxYH	r1b3k1/1p4np/p5p1/Pp1Np1q1/4P3/1N4P1/P1PQ3P/5RK1 b - - 2 23	g5d2 d5e7 g8h8 f1f8	1253	90	backRankMate mate mateIn2
uOG3c	8/3k1p2/2p4p/2P1PP2/ppPK1P1P/8/P7/8 w - - 0 34	h4h5 a4a3 d4d3 b4b3 a2b3 a3a2	2211	93	advancedPawn endgame pawnEndgame
uOSNB	8/3R4/8/3K2pp/6kP/6P1/8/4r3 w - - 0 50	h4g5 e1d1 d5e6 d1d7 e6d7 g4g5	1620	94	endgame rookEndgame
uOe6x	8/5k1p/6p1/8/ppNP4/7P/P4PP1/6K1 w - - 0 33	c4b6 b4b3 a2b3 a4a3 b6c4 a3a2	1606	96	advancedPawn endgame knightEndgame
uOkEl	5rk1/1Q3ppp/4p3/2r3q1/1P6/2R2R1P/6P1/6K1 b - - 0 26	c5b5 b7f7 f8f7 c3c8 g5d8 c8d8 f7f8 f3f8	1413	94	endgame mate mateIn4 sacrifice
uOu1j	r1b2rk1/p1p2p1p/1p1b2p1/2q4n/2B5/PP6/1BQ1NPPP/R4RK1 b - - 0 16	c8f5 c2c3 c5e5 c3e5 d6e5 b2e5	1573	91	quietMove
uQ0ZE	1nb1kb1r/r3p2p/pn1pN1p1/qp6/B2Q4/2N1B3/PP3PPP/R3K2R b KQk - 5 14	c8e6 b2b4 b8c6 b4a5 c6d4 a5b6	2590	95	trappedPiece
uQKd9	r1b5/1p2N1k1/p1p5/3ppR1Q/1P1Pn3/P6P/6PK/4q3 b - - 2 33	c8f5 e7f5 g7f6 h5h6 f6f7 h6g7 f7e6 g7e5 e6d7 e5e7 d7c8 f5d6 e4d6 e7e1	2456	93	endgame exposedKing
uQmsr	2r1kr2/5ppp/p1n1p3/1p1pP2q/3P1R2/2P5/PPQB2PP/5RK1 w - - 5 19	f4f3 c6d4 c2d3 d4f3	1293	88	kingsideAttack
uSUs6	4Rb1r/3pNpp1/p2k1P2/1p6/8/P6p/1PP1KpB1/3R2q1 b - - 1 25	d6c5 e8c8 c5b6 d1d6 b6a5 b2b4 a5a4 d6a6	2022	100	deflection mate mateIn4
uSmB9	r2q1b1r/ppp2kpp/3p1n2/n3P3/4P1b1/2N2N2/PPPP2PP/R1BQ1RK1 b - - 0 8	d6e5 f3e5 f7g8 e5g4	1170	99	
uWgct	r1b1k1nr/1pp4p/p2q1pp1/3Nb2Q/2B2B2/8/PPP2PPP/R3K2R w KQkq - 0 15	d5f6 e5f6 h5e2 d6e7	2304	97	hangingPiece
uYwcf	7k/5Qp1/1R2p2p/3pq3/8/2r3PP/6PK/8 w - - 4 33	b6e6 e5g3 h2g1 c3c1	866	100	endgame
uaBWV	8/8/8/8/6p1/4P1k1/8/5K2 w - - 0 68	e3e4 g3h2 f1e2 g4g3 e4e5 g3g2	1789	95	advancedPawn endgame pawnEndgame
ubYOH	8/1p6/p6p/P2pp1k1/6P1/4PK1P/1P6/8 w - - 0 35	b2b4 g5h4 f3g2 d5d4 e3d4 e5d4	2034	96	endgame pawnEndgame
ucbX4	r1b2rk1/ppp2ppp/8/2b1pq2/8/2BP1B1P/PPP2PP1/R2QK2R w KQ - 1 14	f3e4 f5f2	720	99	mate mateIn1
ucdLf	2kr3r/1p3pp1/2n2b2/p1qN1P2/P1B2N1p/3P3P/1PP3P1/R2Q3K b - - 0 19	c6e5 d3d4 c5c4 d5b6 c8b8 b6c4	1833	95	fork sacrifice
udKpH	2rr4/pq1k1Q2/1p1p1B2/3PnP2/P7/7P/1PP5/4R1RK b - - 0 31	e5f7 e1e7	695	100	mate mateIn1
udr4Z	q1r3Qk/p5pp/p6N/2b5/4b1P1/P6P/1PP2P2/R4RK1 b - - 8 26	c8g8 h6f7	760	99	mate mateIn1 smotheredMate
udzKx	8/1p1Q2pk/2p4p/3p4/3Pq3/4P1P1/5PKP/8 w - - 6 31	g2g1 b7b5 d7b7 e4b1 g1g2 b5b4	2324	91	defensiveMove endgame queenEndgame quietMove
ue96Z	r3r1k1/1b1p1ppp/p2P4/1p3Nq1/3QP2P/P4B2/1P4P1/5RK1 b - - 0 24	g5g6 f3h5 g6f6 f5e7 f6e7 d6e7	2372	93	advancedPawn kingsideAttack
ueiAY	7r/5R2/8/2pPkbP1/1pP4p/pP6/P2KB3/8 w - - 1 43	d2e3 h4h3 e2f3 h3h2	949	97	advancedPawn endgame
ug7ni	3r4/3P4/1NP2k1K/1p4p1/1P6/6P1/8/8 w - - 1 42	c6c7 d8h8	679	99	endgame mate mateIn1
ugcLO	r1bk1r2/pp4pp/1n6/2p1P3/3n4/1BPQ2pq/PP5P/RNB3KR w - - 0 18	h2g3 f8f1 d3f1 h3g3 f1g2 d4f3 g1f1 g3e1	2196	93	deflection exposedKing fork mate mateIn4 sacrifice
ugjxP	r3kbr1/ppp4p/2nqpn2/1B1pNbp1/3P1B2/2N3P1/PPP2P1P/R2QK2R w KQq - 0 10	e5g4 f5g4 f4d6 g4d1	1703	94	
uhWla	r1b2r1k/ppp1q2p/5n1p/6B1/2Bb4/1QN5/P4PPP/R4RK1 w - - 0 17	g5h6 f6g4 h6f8 e7h4 h2h3 g4f2	2479	92	clearance sacrifice
uhZgw	1R6/2r2p2/R1k3p1/1p6/2bB1K2/5P1p/4r3/8 b - - 10 50	c6d5 b8d8 c7d7 d8d7	954	100	endgame mate mateIn2
uhtEr	8/PR6/8/4k3/rp4pK/8/7P/8 b - - 1 46	e5f4 b7b4 f4f5 b4a4	1596	94	endgame rookEndgame
uiErA	4r1k1/p4p2/1p5p/2pPq1p1/6Q1/1P6/P4PPP/2R3K1 w - - 0 25	c1d1 e5e1 d1e1 e8e1	660	100	backRankMate endgame mate mateIn2 sacrifice
ujDJ4	2q3k1/1R3ppp/2rp1n2/Q2p4/3P4/4PN2/5PPP/R5K1 b - - 0 30	c8b7 a5d8 f6e8 d8e8	1084	97	endgame mate mateIn2
ujWok	r5k1/1p2R1pp/1qp2r2/1p1p1PN1/2n3P1/P1PQ3P/1P6/1K1R4 w - - 0 34	g5e6 b6f2 d3c2 f2c2 b1c2 c4e3	2167	94	attraction queensideAttack
ujaRP	r2qr1k1/p1R2pp1/Np1Bp2p/3p3n/1Q1Pb3/P3P3/5PPP/R5K1 b - - 13 26	f7f5 d6e7 e8e7 b4e7 d8e7 c7e7	2188	91	
ukOiT	3rr1k1/1p1n1p1p/p1p3p1/P2p1P2/1P1PPb2/4R2P/1B4Bq/R1QN1K2 w - - 3 26	e4e5 d7e5 d4e5 d5d4 e5e6 f7e6 b2d4 d8d4	2581	92	sacrifice
ulNGZ	r4rk1/p5pp/p7/3p4/3P4/P4Ppb/1P1B1qP1/RN1Q2RK w - - 0 23	d2e1 h3g2 g1g2 f2f1 g2g1 f1h3	1598	96	kingsideAttack mate mateIn3 sacrifice
ulRoC	rn2k1nr/Nq2bppp/1p2p3/1BppP3/5P2/8/3B2PP/RQ2K2R b KQkq - 0 16	b8d7 b5c6 a8a7 c6b7	1750	94	
ulpT0	8/8/6pp/N2k2p1/P1pb4/2p2KPP/2P2P2/8 w - - 0 56	g3g4 d4b6 a5b7 d5c6 a4a5 c6b7 a5b6 b7b6	2536	94	endgame trappedPiece
umQFA	4rrk1/pp4pp/8/3P1n2/5q2/P1N2B1P/1P3PK1/R2Q1R2 w - - 5 26	d5d6 f5h4 g2g1 h4f3 d1f3 f4f3	1517	98	deflection
unXEm	5k2/2r1p1bR/3p1Pp1/2B3P1/p1P1P1K1/1r6/3R4/8 b - - 0 35	c7c5 f6g7 f8g8 d2h2 b3b8 h7h8	2231	96	advancedPawn endgame quietMove
upKrB	r1b2rk1/5p2/2pb1qpQ/3n1p2/p1PP4/P4RN1/B3N1PP/5RK1 b - - 0 21	d5e7 g3e4 f6g7 h6g7 g8g7 e4d6	2505	91	kingsideAttack
upntF	5rk1/1q3pb1/p2Q2pp/1p6/5P2/4Rb1P/PP3P2/4R1K1 b - - 1 27	g7b2 e3e8 f8e8 e1e8 g8h7 d6f8 h6h5 e8e7 b7e7 f8e7	2211	92	pin
uqI5g	r7/pp4pk/2n4p/5b2/2Qp1q2/2PB4/PP3P1P/2KR3R w - - 0 23	c1b1 c6e5 c4d4 e5d3 d4f4 d3f4	2242	91	discoveredAttack
urOQh	4B2Q/p4k2/1p3np1/4pp2/2Pq1P2/1P4P1/P3K2R/3r4 b - - 3 40	f7e7 h8g7 e7d8 g7f6 d8c8 f6e6	2304	92	deflection endgame exposedKing
urTwG	r2qr1k1/p1p1b2p/1pn2ppB/3p3N/8/2P1Q3/P1P2PPP/R4RK1 b - - 3 16	e7f8 e3e8 d8e8 h5f6 g8f7 f6e8	1613	92	attraction fork pin sacrifice
ureg8	r5k1/pp3pp1/4r2p/q7/8/4B1QP/PPPRB2P/4K3 w - - 9 24	a2a3 a8e8 b2b4 a5a3	1766	90	quietMove
uruEE	3QR3/1p3p1k/pN2b1p1/7p/8/1P4P1/5PKP/q1r5 b - - 13 37	h5h4 d8h4 h7g7 h4h8	1531	96	endgame mate mateIn2
usSZy	r3k3/p3qp2/1bp2R2/1p2p3/4P1r1/1BNQ4/PPP3PK/3R4 b q - 2 23	e7f6 d3d7 e8f8 d7g4	1372	95	fork
usSwK	6k1/p4pp1/1p5p/6q1/5RQ1/3P2PP/PPr1rP2/5RK1 w - - 3 27	g4d7 g5g3 g1h1 g3f4	1869	91	endgame
usgVo	b7/8/PK6/8/8/5k2/7P/8 b - - 0 52	f3g2 h2h4 g2g3 h4h5 g3f4 h5h6 a8e4 a6a7	1649	94	advancedPawn bishopEndgame endgame quietMove
uu22u	7k/pp3B1p/3B2p1/8/4q3/P6P/7K/1R6 b - - 2 34	e4b1 d6e5	722	95	doubleBishopMate endgame mate mateIn1
uuNBl	6r1/5pk1/R6p/p7/3N3P/2n5/7K/8 b - - 2 40	a5a4 d4f5 g7h8 a6h6	1083	85	deflection endgame mate mateIn2
uv4Qo	4r1k1/5ppb/7p/3Q1P1P/6P1/2P1bK2/8/1qB1R3 w - - 0 33	e1e3 e8e3 f3e3 b1c1	1294	94	attraction endgame
uvDnD	4q3/1p4k1/8/p1pPp1Np/P5pP/1P1P2P1/5R1K/8 b - - 0 39	e8d7 g5e6 g7h8 f2f8 h8h7 f8d8 d7e7 d8d7 e7d7 e6f8 h7g8 f8d7	2354	92	attraction endgame exposedKing fork pin sacrifice
uySxA	8/3r1p2/K2kp3/1P4p1/8/2R5/7P/8 b - - 0 54	f7f5 c3d3 d6e7 d3d7 e7d7 b5b6 f5f4 b6b7 d7c7 a6a7	2254	92	advancedPawn defensiveMove endgame rookEndgame
uyfMG	8/3rkpRp/Q7/2p5/4p3/5P2/PPP4q/2K2R2 w - - 0 28	a6c4 h2d2 c1b1 d2d1 f1d1 d7d1	936	100	backRankMate endgame mate mateIn3 sacrifice
v0IoX	r3k2r/pp3pp1/1np5/5b1p/3PP1nP/2N3q1/PP4B1/R1B2QKR b kq - 4 17	f5e6 c1f4 e6c4 f4g3	1773	95	
v0Rn8	5r1k/6pp/5b2/Q7/Pp1pN3/1P1P1qPb/4R2P/4R1K1 w - - 1 37	a5d5 f6g5 e4f2 f3d5	2223	94	quietMove
v2BaG	r7/2r3pk/p2pq1pp/Pp6/1PbB3Q/5N1P/5PPK/R7 b - - 12 35	c7f7 f3g5 h7g8 g5e6	964	91	pin
v2IFO	8/4p2k/1pp1K3/p1p5/2q1P1QN/P6P/1P6/8 w - - 0 44	e6f5 c4f7 f5g5 f7f6 g5h5 f6h6	1813	95	endgame mate mateIn3
v2LTF	r4rk1/pp1bpp1p/5qp1/8/3b4/1Q2BN2/PP3KPP/R3R3 b - - 3 20	d7e6 e3d4 e6b3 d4f6 e7f6 a2b3	1111	95	
v4kWy	8/2p1k3/p1Pp4/1p2p3/1Pq1P3/6PQ/5P1K/8 b - - 3 43	c4e4 h3d7 e7f6 d7c7	1413	94	endgame queenEndgame
v93BC	2kr2r1/2p3p1/p1Rp3p/8/3P2q1/1Q2B2b/PP3PPP/R5K1 w - - 1 21	g2g3 g4f3 c6c7 c8c7 a1c1 c7d7	1053	89	
v9iXk	4r1k1/pbp2p2/1pq1rPp1/4p1Qp/8/2B2R2/PPP2PPP/4R1K1 w - - 4 24	c3e5 c6d5 h2h4 e6e5 e1e5 e8e5 g5h6 e5e1 g1h2 d5d6 f3f4 d6f8 h6f8 g8f8	2561	95	intermezzo
v9y6K	8/8/5p2/p3kP2/2p1P1p1/4K3/PPP5/8 w - - 2 36	c2c3 a5a4 a2a3 g4g3 e3f3 g3g2	2215	94	advancedPawn endgame pawnEndgame quietMove
vAZEy	rn1qk2r/4bppp/p3p3/1p4N1/2pP4/2P2Q2/5PPP/R1B1R1K1 b kq - 0 14	b8d7 f3f7	860	95	mate mateIn1
vBH9u	7k/2qp1r1p/p4nQ1/1br1pN2/1p2P3/1P3P2/1PP3P1/2KR3R w - - 3 24	g6f7 c5c2 c1b1 c2c1 d1c1 b5d3 c1c2 d3c2	2240	92	queensideAttack sacrifice
vCdZZ	8/8/p1pKP2p/k5b1/2P5/8/4B3/8 b - - 1 46	a5b6 c4c5 b6a5 e6e7 g5e7 d6e7 a5b4 e7d6	2548	93	advancedPawn bishopEndgame endgame
vCeaO	1q1r4/2p1b1k1/2B2p2/P1P2np1/2Q5/1NB3P1/4PP2/6K1 w - - 1 34	a5a6 d8d1 c3e1 d1e1	786	99	
vDKbp	6rk/1pp2rp1/3p2QB/2b1qP2/P3P3/7P/6R1/5R1K b - - 0 31	f7f6 h6g7 g8g7 g6g7	1413	98	fork mate mateIn2
vDVNM	r4rk1/pp2pp1p/3p1np1/3Pb3/N1Pq4/1P6/P2BQPPP/R4RK1 w - - 5 15	d2c3 e5h2 g1h2 d4h4 h2g1 f6g4 e2g4 h4g4	1780	93	attraction kingsideAttack sacrifice
vDY26	2k3r1/1ppb2p1/p1p5/7p/3BN2P/3P4/PPP1KP1b/7R b - - 3 24	d7g4 f2f3 g4f3 e2f3	888	99	endgame
vDeAS	8/1p5R/4p3/pP3p2/P4k2/2r5/4K3/8 b - - 1 51	c3c4 h7h4 f4e5 h4c4	713	100	endgame rookEndgame skewer
vDhV6	3q1r2/5pkp/3ppnp1/n1p5/1p1PP3/5N1P/1P1QBPP1/2R3K1 w - - 0 20	d4c5 a5b3 d2e3 b3c1	1723	96	fork
vDtXB	r5kr/pp1bnRpp/1qnNp3/1B6/Q2N4/3PP3/PP4PP/2R3K1 w - - 1 19	d4c6 b6e3 f7f2 e3c1	968	100	fork
vE6dP	r3r1k1/pp3ppp/8/2P5/3B3n/P1PQ1P1q/3K1P1P/R3R3 w - - 7 22	f3f4 h4f3 d2c1 e8e1	1400	93	deflection fork
vFEBm	1rr5/1bq2pk1/p2pBnp1/1p2n2p/1P1NP2P/P1N2PP1/1KPQ4/3R3R w - - 3 21	e6c8 e5c4 b2c1 c4d2	1135	99	fork
vGQsj	1QR2nk1/p4pp1/8/7p/8/5PP1/P5PK/3q1b2 b - - 7 30	d1e2 c8f8 g8h7 b8b1 h7h6 f8h8	2364	90	endgame
vGRwK	4r2k/pp3r1p/2p1b3/2PpP2q/3N4/4Q3/P4PR1/4R1K1 b - - 0 33	e8g8 g2g8 h8g8 d4e6 h5g6 e3g3	2364	91	pin
vJLDO	r5k1/p3rppp/8/2pQ4/5BNP/b3P3/5PPK/1q6 b - - 1 26	b1g6 d5a8 e7e8 a8e8	1246	95	hangingPiece mate mateIn2
vJgrE	rnb1k1nr/ppp2p1p/3p1q1b/3P4/2B1PB2/2P1Q3/PP4PP/RN3RK1 w kq - 3 12	f4h6 f6h6 e3d4 f7f6	1635	91	defensiveMove
vJyUQ	r7/1p3kpb/p4p1p/2p2P2/PnPp1BP1/3P1B1P/1P6/4R1K1 b - - 0 25	b4d3 f3d5 f7f8 f4d6	870	96	endgame mate mateIn2
vK4GY	1r1q1rk1/p1p2p2/1p1p1Ppp/4P3/1PPn3P/P5Q1/2B3P1/1R3RK1 w - - 1 25	c2g6 d4e2 g1f2 e2g3	794	91	fork
vLwa6	rn1qr3/pp3pkp/2p3p1/4p3/8/2QP1B1P/PPP2PP1/R3R1K1 b - - 1 15	d8d4 c3d4 e5d4 e1e8	822	97	
vMWoI	2rqkbr1/3p1p2/b4p1p/1p1Bp3/p3Pn1N/P1P5/1P1N1PPP/R2QR1K1 w - - 3 18	d2f3 f4h3 g1f1 b5b4 c3c4 c8c4 d5c4 a6c4 e1e2 h3f4	2159	91	discoveredAttack pin
vOQSX	3r1b1r/pQpk2p1/3p4/5P2/1P1q1B2/P3n1P1/6B1/2R2RK1 w - - 1 24	g1f2 e3g4 f2f3 g4h2 f3e2 d8e8	2423	92	doubleCheck fork
vQJ41	8/3b2pp/2p1k3/2Qp4/N2Pp3/4P2P/P2q2PK/8 b - - 5 28	d2e3 c5f8 e3d4 a4c5 d4c5 f8c5	2029	95	endgame
vQyEW	8/3K2p1/5p2/5N2/8/R2k1r1p/8/8 b - - 3 67	d3e2 f5d4 e2f2 d4f3 h3h2 f3h2	2209	90	endgame fork
vRfTH	r2q1rk1/2p3bp/p2p1np1/1pPP2Q1/3B4/2NB1P1b/PP5P/2KR2R1 b - - 0 17	b5b4 d3g6 h7g6 g5g6	1830	91	
vS9SB	5r2/1pp1ppkp/6p1/p3qb2/8/6Q1/P5PP/4RR1K b - - 0 22	e5c5 e1e5 c5d6 f1f5 f7f6 e5e3 d6g3 e3g3	2077	92	endgame pin
vTIQK	6k1/5R2/7p/4K1pP/r5P1/5P2/8/8 w - - 32 80	e5e6 a4a6 e6e7 a6a7	895	99	endgame rookEndgame
vTJs8	r1b1k1r1/ppp2pqp/2n4p/4P3/1bB5/1QN2N1P/PP3PPK/R4R2 w q - 3 15	c3e4 g7g2	1031	87	mate mateIn1
vTTXl	r2qkbnr/ppp3pp/2np4/4p3/2B5/2NP1Q2/PPP2PPP/R1B1K2R b KQkq - 0 8	c6d4 f3f7	1083	93	mate mateIn1
vV4Sc	8/6kp/6p1/p3pp2/3n4/1PpP3P/2P3P1/2R4K w - - 0 43	h1g1 d4e2 g1f2 e2c1	756	100	endgame fork
vVDj1	r4rk1/1pp1qppp/p1n2p2/3Q4/8/1P2P3/P1PP2PP/R3KBNR w KQ - 2 14	e1c1 e7a3 c1b1 c6b4 d5a5 a3a5	1145	97	
vVf5F	8/ppkn2R1/3p1p2/2rPp3/Q1P1P3/P7/5PK1/2q5 b - - 5 37	c7b6 a4d7 c1c4 d7b7 b6a5 b7a7	1957	85	deflection endgame exposedKing hangingPiece
vYdpz	r1b2rk1/ppqp1pp1/7B/4pN2/2P1P3/7P/PPP3P1/R2Q1K2 b - - 0 16	c7c4 f1g1 c4e4 d1h5 e4f5 h5f5	2373	91	defensiveMove
vaM2e	5rk1/1p3p1n/p1q2bb1/3N4/2P3Q1/P6P/1P2BPP1/3R2K1 b - - 0 27	f6b2 d5e7 g8g7 e7c6	989	97	fork
vbnn7	r3kb1r/pbpq1p1p/1pn1pp2/8/3P1B2/2P3P1/PP3PBP/R2QK1NR w KQkq - 3 10	d1e2 c6d4 g2b7 d4e2	1567	90	
vcAK0	5bk1/p5pp/4n2N/1p1qp3/3pN3/P2P2P1/1Pr1PP1P/4QRK1 b - - 3 26	g7h6 e4f6 g8h8 f6d5	673	100	fork
vg3N9	6k1/p1r3pp/1p6/4P2P/3Pp2r/1N1b4/PP6/2KR3R w - - 4 27	c1d2 c7c2 d2e3 c2e2	1064	97	endgame mate mateIn2
vgFn6	3r1Bk1/1pq2ppp/p4n2/P2p4/3p1P2/6P1/2n2PBP/R2QR1K1 b - - 0 20	c2a1 f8e7 d8e8 e7f6 e8e1 d1e1 g7f6 e1a1	1862	88	
vieUS	r4rk1/1pp2ppp/1b3n2/pP2n3/2P5/P3PNP1/4NP1P/R1BR2K1 w - - 1 17	c1b2 e5f3 g1g2 f3g5 b2f6 g7f6	1590	92	hangingPiece quietMove
vj5rh	1k6/7p/R5pP/Pp3p2/1P6/2p5/5PPK/4r3 w - - 0 46	a6b6 b8c7 b6b5 e1e6	2541	93	defensiveMove endgame rookEndgame
vl7wK	r3k2r/4qp2/pBpp4/8/8/5pp1/PPP2PP1/R2Q1RK1 w kq - 0 19	d1f3 h8h1 g1h1 e7h4 h1g1 h4h2	1580	94	attraction mate mateIn3 sacrifice
vlOZp	r2q1rk1/pp3ppp/1n1p1b2/2pNP3/3n1P2/3QB2P/PP4P1/RB3RK1 b - - 0 19	b6d5 d3h7	619	100	kingsideAttack mate mateIn1
vmhBZ	8/8/7K/p7/8/1P5P/k7/8 w - - 0 46	h6g6 a2b3 g6g7 a5a4 g7g8 a4a3 h3h4 a3a2 h4h5 a2a1q	851	100	advancedPawn endgame pawnEndgame promotion quietMove
vmrZC	3Q2k1/5p2/4p1p1/1p5p/1q6/6P1/5B2/6K1 b - - 1 55	g8g7 f2d4 b4d4 d8d4	962	97	endgame
vn8yk	3r2n1/1k1qn3/p4pr1/1p2pR2/3pP1N1/P2P1QP1/8/1NR3K1 b - - 4 28	e7f5 e4f5 d7d5 f3d5 d8d5 f5g6	1293	95	discoveredAttack
vnMoo	r3k1nr/ppp1qpbp/2np2p1/8/Q7/2NBPPB1/PP3P1P/R3K2R b KQkq - 3 12	g8f6 d3a6 e8g8 a6b7	2525	92	
vnzcR	3r1rk1/q5p1/4Rp1p/1p3n2/8/1P1N4/P2Q1PPP/3R2K1 w - - 1 29	d2c2 f5d4 c2b1 d4e6	1449	94	fork
vp8bM	8/5pk1/8/qb1Q4/1pn5/5P2/PbP1N1PP/1K3BNR w - - 1 24	e2d4 c4d2 b1b2 a5a3 b2a1 a3c1	1432	93	fork mate mateIn3 sacrifice
vpIpX	r4rk1/ppp2ppp/1b3q2/3p4/1P2n1b1/2PQBN2/P2N1PPP/R3R1K1 b - - 4 15	e4c3 e3g5 b6f2 g1f2	2008	89	
vpJ8c	r1b2r1k/ppq4p/6p1/2pB4/P2P4/2P3b1/1P3P2/R1BQR1K1 w - - 0 18	f2g3 c7g3 d5g2 f8f2 e1e8 h8g7 d1f1 f2f1	2047	91	kingsideAttack pin
vs7Fi	4r2k/2qb2pp/2pb4/pp6/3p2N1/P2P2QP/1PPB2P1/4RR1K b - - 0 25	d6g3 e1e8 d7e8 f1f8	826	99	backRankMate mate mateIn2
vsWPD	8/8/2k3p1/p3K1p1/1p4P1/1P6/P7/8 b - - 3 56	c6c5 e5f6 c5d4 f6g6 d4c3 g6g5 c3b2 g5f4 b2a2 g4g5 a2b3 g5g6 b3a3 g6g7 b4b3 g7g8q	2442	92	advancedPawn endgame pawnEndgame promotion quietMove
vsWx5	6r1/p3nk2/2p1pp2/8/2pP1Q1p/3qPN1P/P4P2/4K3 b - - 6 32	c4c3 f3e5 f7e8 e5d3	1261	91	endgame pin
vt090	2kr3r/pp3ppp/8/2ppn3/8/1PPP3P/PB1NB2q/R2QRK2 w - - 0 18	d2f3 h2h3 f1g1 h3g3 g1h1 e5g4	2313	99	defensiveMove exposedKing
vt7Hn	8/8/1B4k1/P4p2/r7/6p1/2K2R2/8 w - - 0 48	f2g2 a4a2 c2d3 a2g2	871	98	endgame skewer
vt8I6	8/8/N3R3/3n2p1/6k1/8/5P2/2r3K1 w - - 1 43	g1g2 d5f4 g2h2 f4e6	1019	99	endgame fork
vtCFb	r4r2/5pk1/5qn1/p3P1R1/3p2PQ/1P1P4/1RP3P1/6K1 b - - 0 32	f6e7 g5g6 f7g6 h4e7	1069	99	discoveredAttack
vu12u	8/8/8/ppp1k2p/4P1pP/1P1K2P1/P4P2/8 w - - 0 43	a2a3 a5a4 b3a4 b5a4 f2f4 g4f3	2518	91	enPassant endgame pawnEndgame zugzwang
vvA1r	4r1k1/1p2r1p1/5pbp/p2p4/Pq1P4/1P4BP/5PP1/R2Q1RK1 b - - 1 27	e7e1 f1e1 e8e1 d1e1	832	98	
vwAFG	1r4k1/3Q1ppp/4p3/p2p1N2/8/P7/1qK2PPP/3RR3 w - - 0 23	c2d3 b8b3	1339	96	endgame mate mateIn1
vwKqV	8/8/7N/3p2p1/5pP1/k2KpP1P/P2b4/8 b - - 0 51	a3a2 h6f7 a2b2 f7g5	1968	88	endgame
vx7LU	8/2PbB2p/5pp1/4p3/4P1PP/pk3P2/8/K7 b - - 1 50	f6f5 e4f5 g6f5 g4g5	2100	94	bishopEndgame defensiveMove endgame
vxWtD	1r5r/2pk1pp1/2p5/p1BpPP2/P5q1/1PKB2P1/2P5/R6R b - - 0 22	g4g3 e5e6 f7e6 f5e6 d7e6 a1e1 g3e1 h1e1	1531	94	attraction
w0dsX	5r1k/pp1Q2pp/8/5N2/8/8/Pq2pPPP/4R1K1 w - - 0 26	f5d4 b2d2 d4f3 d2d7	1467	98	endgame
w27Sb	r1b2r1k/pp3ppp/4p3/2qpN3/3n1P2/P2B2Q1/3B2PP/R3K2R w KQ - 0 17	e1g1 d4e2 g1h1 e2g3	1036	97	doubleCheck kingsideAttack
w2rmQ	2r3k1/pp2b1pp/4pr2/q4p2/b2P4/P5P1/1PBNQPP1/1K1R3R w - - 10 20	d2c4 a4c2 e2c2 a5a6 d1c1 b7b5 c4e3 c8c2	2331	90	queensideAttack
w5ByJ	5k2/2R5/5PK1/8/8/p5pr/P7/8 b - - 0 52	g3g2 c7c8	1075	99	endgame mate mateIn1 rookEndgame
w5y9I	7q/2p3k1/3p1p2/2pPp1p1/2P1P1n1/QP3KP1/P1N5/8 w - - 0 64	f3g4 h8h1 a3a4 h1e4	2544	94	endgame
w76Jj	8/8/3k2p1/1p2p1P1/2p1K3/2P5/1P3P2/8 w - - 1 46	f2f4 e5f4 e4f4 d6d5 f4e3 d5e5 e3f3 e5f5	1812	93	endgame pawnEndgame zugzwang
w83xa	r1r5/pb2kP2/1p1ppn2/2p5/q1PP3Q/2PBP3/P2N1P2/1K1R2R1 w - - 1 24	g1g6 a4d1 b1b2 d1d2 d3c2 d2c2 b2c2 b7e4 c2b3 e4g6	2277	92	attraction fork hangingPiece
w8F8q	8/p1p1pk2/1p1p2p1/3P4/5KRP/1B6/P1P5/5r2 w - - 9 35	f4g5 f1f5 g5h6 f5h5	738	100	endgame mate mateIn2
w9jyk	3r3r/2p1kpp1/p1p4p/4q3/4bN2/8/PPP2Q1K/4RR2 b - - 3 30	g7g5 e1e4 e5e4 f1e1 e4e1 f2e1	1518	92	clearance pin sacrifice
w9lea	rn1q2k1/1b3p1p/pp4p1/3pr3/8/1PN1PB2/P5PP/R2Q1RK1 b - - 0 20	e5e3 f3d5 b7d5 c3d5 e3e6 d5f6 d8f6 f1f6	2389	92	kingsideAttack
wA38f	1r6/3k2p1/4RpP1/2P1pP2/P4b2/1P6/2Kp4/8 b - - 0 44	b8b3 e6d6 d7c7 c2b3 e5e4 b3c2 f4d6 c5d6	2230	92	endgame intermezzo
wAoYn	3rr3/4qpk1/6b1/pp1p2R1/7P/P1Q3P1/6PK/5R2 b - - 4 36	f7f6 h4h5 g7f7 g5g6	2014	94	pin
wB9JP	r7/pkppQ1p1/bp4B1/3p2B1/6p1/2q5/P1P2P2/2RK4 w - - 0 30	e7d7 c3f3 d1d2 f3e2 d2c3 e2e5	2414	93	
wCBk9	r3kb1r/pp2pppp/2q5/2p5/3n4/3PB2P/PPP1BP2/R2Q1K1R w kq - 4 14	e3d4 c6h1	639	100	hangingPiece mate mateIn1
wDrB8	4R3/p1p1R1p1/1p1p4/5k2/5P2/7K/P4rr1/8 b - - 9 40	f5f4 e7f7 f4g5 f7g7 g5f6 g7g2	2440	93	endgame interference rookEndgame
wDxjb	7r/5pk1/8/5Ppp/6P1/5PK1/8/7R b - - 1 48	h5g4 f5f6 g7g8 h1h8 g8h8 g3g4	2457	93	endgame rookEndgame
wFJ9p	2rr2k1/6pp/pq1b1p2/3Rp3/1p6/2PQPNP1/P4PP1/1R4K1 b - - 1 22	c8c3 d3c3 b4c3 b1b6	1518	87	
wFikq	6kr/1p3r2/2n3pB/5b2/p2p3Q/P7/1qP2PPP/4R1K1 b - - 0 26	f7h7 h4f6 h7e7 f6f8 g8h7 e1e7 c6e7 f8g7	2203	94	exposedKing mate mateIn4
wGmAo	1r3r2/p5R1/2pk4/4p3/4P3/2p5/P5PP/2R3K1 w - - 4 41	c1c3 b8b1 c3c1 b1c1	698	99	endgame mate mateIn2 rookEndgame
wINZn	3r3r/Bk3p2/1Pp1p3/Q3bn1p/4q1p1/8/5PPP/R1R3K1 b - - 1 24	e5a1 a7b8 b7c8 a5a7 d8d7 b8c7	2539	93	clearance defensiveMove quietMove
wIXFh	r2k1R2/p1q1b1p1/1pp1QNp1/8/P2P1P2/4PK2/1P1B4/8 b - - 0 27	e7f8 e6e8	724	100	endgame mate mateIn1
wIsYY	1k4r1/p1p5/Pp1p1N2/1r5p/8/7P/5PP1/R5K1 b - - 1 28	g8f8 f6d7 b8c8 d7f8	655	100	endgame fork
wJ1vq	5r1k/1p4p1/p3Q3/3PBr2/2P2p2/1P3bq1/P4RPp/R6K b - - 1 37	g3f2 e6h6 h8g8 h6g7	1478	88	mate mateIn2 pin
wKM2E	r5r1/p1pR3Q/1k3pN1/5P2/1q2P3/7P/P5PK/8 w - - 6 30	d7c7 b4d6 e4e5 d6c7 h7c7 b6c7	1170	96	endgame pin
wLs2j	8/8/pp2rk1p/3Rb1p1/2P1R1P1/5p1P/P4P2/5K2 w - - 0 39	f1e1 e5c3 e1f1 e6e4	713	100	discoveredAttack endgame
wM6Vw	8/8/6p1/4Kb2/5P1P/8/1k6/8 b - - 3 59	b2c3 h4h5 c3d2 h5h6	1643	88	bishopEndgame endgame
wMJvJ	8/8/8/7p/1Qpk4/5qP1/5P2/5K2 b - - 11 49	h5h4 b4d6 f3d5 d6d5 d4d5 g3h4	2241	94	endgame queenEndgame
wNKhT	r1b1kb1r/pp2pppp/8/2p5/3nqP2/1P3N2/P1PPB1PP/R1BQ1RK1 w kq - 0 10	f1e1 d4f3 e2f3 e4d4 g1h1 d4a1	2150	93	clearance fork
wOAuK	r1q3k1/5Qp1/1p5p/2b1N3/5P2/P4KP1/1B5P/3n4 b - - 0 34	g8h8 e5g6 h8h7 f7g7	1032	98	mate mateIn2
wOItD	4r1k1/4rppp/ppQ1b3/4R3/1qPp4/3P3P/5PP1/1B2R1K1 b - - 1 29	e6d7 c6d7 e7e5 d7e8 e5e8 e1e8 b4f8 e8f8	1614	94	kingsideAttack xRayAttack
wOykA	8/R3p1k1/6p1/p3PnNp/P6P/5P2/2r5/6K1 b - - 2 32	c2c5 g5e6 g7f7 e6c5	968	97	endgame fork
wS62U	8/2k2B1R/2pb4/p5p1/2P3K1/1r4P1/5r1P/7R b - - 5 38	c7b6 c4c5 d6c5 f7b3	896	90	discoveredAttack endgame
wS7dT	2k3r1/1pp2q2/1p1p1N2/4p1pb/1n2P2p/3PBP2/PPP2K2/R5QR w - - 1 23	f6g8 f7f3 f2e1 f3e2	1191	95	mate mateIn2
wSOtO	r1bqk3/ppp2p1Q/2np4/2b1p3/2B1P3/2N4N/PPPP1P1r/R1B1KR2 b Qq - 0 9	c8h3 h7f7	1358	90	mate mateIn1
wThsp	r6k/ppp5/3p1q1p/3P4/2P2P2/1P1QP2b/P7/R4RK1 w - - 1 25	g1h2 f6h4 d3c3 h8h7 c3f6 h4f6	2294	93	defensiveMove endgame
wWEAI	3r1rk1/pp3ppp/5n2/6q1/4B3/2Q1P2P/PP2KPP1/R1R5 w - - 9 19	e4b7 g5b5 e2e1 b5b7	1523	100	fork
wXx9G	r1bqk2r/pp3ppp/5b2/3p4/3Q4/2NB4/PPP2PPP/R3K2R w KQkq - 0 11	d4d5 f6c3 b2c3 d8d5	1249	92	intermezzo
wZogG	6k1/2p2p2/6pB/3p3p/3Pr3/2q5/2N2QP1/3K4 b - - 0 39	c3b3 f2f6 b3d3 d1c1 d3f1 f6f1	1799	98	endgame
wbPeC	1r5q/1PQ2pk1/4p3/3pP3/B1pP4/2P2Pp1/4K1P1/8 b - - 8 43	h8d8 c7d8 b8d8 a4d7 d8b8 d7c8 g7g6 f3f4	2189	92	defensiveMove endgame
wbyhK	2rq1rk1/pp2bppp/4p3/3p4/3P4/1P4PP/PBnQ1PB1/1RR3K1 b - - 0 16	e7g5 f2f4 g5e7 c1c2 c8c2 d2c2	1519	91	
wc2cg	r4rk1/3ppp1p/b1p3p1/8/p2Bn1N1/6P1/P4P1P/R4BK1 b - - 3 18	a6f1 g4h6	974	97	mate mateIn1
wc45Q	8/1p1k4/1P3R2/3Kp1p1/4P2p/5PrP/8/8 b - - 4 47	g3h3 f6f7 d7e8 d5e6	2451	94	endgame rookEndgame
wc6bA	5rk1/1p2nRp1/pp1Bp2p/4p1q1/P3P2N/2PPn1P1/4Q1KP/R7 w - - 1 26	e2e3 g5e3 f7f8 g8f8	695	100	hangingPiece
wc6m7	8/4rpkp/8/2n5/1Rp5/6Pp/1R5P/6K1 w - - 1 42	b4c4 e7e1 g1f2 c5d3	897	97	endgame
wd2gW	1k1r4/p1p5/1pP2Qn1/1q6/1P1Bp2p/8/P3p2P/6RK b - - 0 32	d8d4 f6h8 g6h8 g1g8 d4d8 g8d8	2001	94	endgame mate mateIn3 sacrifice
wdAt9	8/7p/6p1/2k5/2p5/1PPp3P/3K2P1/8 b - - 1 48	c5d5 b3c4 d5c4 h3h4	2212	96	defensiveMove endgame pawnEndgame zugzwang
wdWYM	8/7p/6p1/4k3/8/3pK2P/6P1/8 w - - 0 40	e3d3 e5f4 d3e2 f4g3 e2f1 g3h2 h3h4 h2g3 h4h5 g6g5	2513	92	defensiveMove endgame pawnEndgame zugzwang
wdX3C	r1b1k2r/ppp3pp/5p2/4n3/2B5/5N1P/P4PP1/3RR1K1 b kq - 0 17	c8d7 f3e5 f6e5 e1e5	1084	94	
wep13	8/8/1p2k3/p1p5/P2p1K2/1P1P4/2P5/8 b - - 4 46	e6d5 f4f5 d5d6 f5f6	1878	92	defensiveMove endgame pawnEndgame
wf9EZ	8/8/1p1k1p2/pPp1pPpK/P3P2p/8/8/5B2 b - - 9 47	c5c4 f1c4 d6c5 c4f1	2004	95	bishopEndgame defensiveMove endgame
wfoMt	r2qr1k1/2p2ppp/p7/1p2n1NQ/4b3/1BPp3P/PP3P2/R3R1K1 w - - 0 20	e1e4 d8g5 h5g5 e5f3 g1f1 f3g5	1546	100	attraction fork sacrifice
wg5GP	2k2r2/1p2q2p/p1pb2p1/8/N1BpPN2/P4R2/1PP5/2K2R2 b - - 0 25	e7e4 a4b6 c8c7 f4e6 c7b6 e6f8	2197	93	fork
wgUnj	4k3/8/2bP4/1pP4r/3PK3/B7/p7/R7 w - - 4 46	e4d3 h5h3 d3c2 h3a3	1037	96	endgame skewer
wgqM0	3rr1k1/pp3pp1/7p/3n4/8/5PB1/PP4PP/3RR1K1 b - - 2 21	a7a6 e1e8 d8e8 d1d5	872	100	endgame
wgzZE	r1b1k2r/ppp2pp1/2p5/6Bp/2B1P1n1/2N4P/PPP2qP1/R2Q3K b kq - 1 12	f2g3 d1d8	732	93	mate mateIn1
wjUFf	8/pp6/5k2/2p2p1P/2Pp1K2/1P2n1P1/P7/5B2 w - - 1 39	f1d3 e3g2 f4f3 g2e1 f3e2 e1d3	1148	88	endgame fork
wjst2	r4rk1/1pp1qppp/p3b3/4n3/Qb2p3/P1N1B2P/1PP2PP1/R3KB1R b KQ - 0 15	b7b5 a4b4 e7b4 a3b4	1237	86	
wjuTu	r6k/pQp3pp/1n4b1/2q1p3/6P1/1B1P4/PPP2r1B/R3R2K w - - 0 23	e1e5 f2h2 h1h2 c5e5	1553	94	attraction intermezzo kingsideAttack
wkMKN	1rr4k/8/4p1Q1/2p1P2p/1p1n4/1P5P/3q2P1/1R3R1K b - - 0 30	c8g8 g6h5 d2h6 h5h6	1535	94	mate mateIn2
wkeaX	7Q/6p1/5pB1/p1p1pPkp/3pP2P/3P4/1r4PK/q7 b - - 0 48	g5g4 h8h5 g4f4 h5f3	1185	94	endgame mate mateIn2
wklb6	4R3/8/p7/r3Pk2/3K4/8/8/8 b - - 6 45	a5a4 d4d5 a4a5 d5d6 a5a1 e8f8	2071	95	defensiveMove endgame rookEndgame
wl56d	5b2/k1p5/1p1q1p1p/pPpQpPpP/P1P1K1P1/2P2P2/5B2/8 b - - 14 54	a7b8 d5d6 f8d6 e4d5 b8c8 d5e6	1774	100	endgame
wm4al	5rk1/p4ppp/1p2R1n1/1B6/6nq/1Q3P2/PP4PP/3R2K1 w - - 3 25	e6g6 h4h2 g1f1 h2h1 f1e2 h1g2	1780	95	deflection
wmCVM	2rr4/p4kp1/P4p1p/1p2pN2/2b5/6RP/1R3PP1/6K1 b - - 7 32	d8g8 f5d6 f7e6 d6c8 g8c8 g3g7	1237	97	endgame fork
wnCF7	2k2q1r/pp3Np1/2p1p3/3p4/1P1P4/P2N2P1/2Q1R1K1/r7 w - - 2 29	f7h8 f8f1 g2h2 f1h1	1140	94	endgame mate mateIn2
wnokc	8/5pk1/1p2p3/1N2N3/PP1Pn1P1/R3P1nP/8/2r3K1 w - - 3 41	g1g2 c1c2 g2g1 e4g5 e3e4 g5h3	2258	91	endgame mate mateIn3
wnviE	2q3k1/5pp1/1R5p/2r5/4Q3/4P3/P4PPP/6K1 w - - 0 27	h2h3 c5c1 g1h2 c8c7 e4f4 c7b6	1100	97	endgame fork
wosse	1r3r2/2pq1p1k/p4bpp/1p2p3/3nP1N1/1B1P3P/PPPQ2P1/2KR3R b - - 1 21	f6g5 d2g5 h6g5 g4f6 h7g7 f6d7	1398	96	fork sacrifice
wp7tn	1r2N1k1/1p1q1p1p/p2p2p1/2nP4/2P2P2/1Pb2BP1/P3Q2P/4R1K1 b - - 2 26	c3e1 e8f6 g8f8 f6d7	982	97	fork
wqY7m	r1b2rk1/p1p2ppp/2p3q1/3pB3/3Pn2Q/3B4/P1P3PP/4RRK1 b - - 7 16	c8f5 f1f5 g6f5 e1e4 d5e4 d3e4 f5g6 e4g6	2278	94	sacrifice
wrBn6	r2qk2r/p3bppp/2p1p3/2P5/1P6/P1n3P1/2Q1PP1P/R1B2RK1 w kq - 0 16	c2c3 e7f6 c3f3 f6a1	1274	85	skewer
wsIIa	6k1/3qp1b1/p2p2p1/5b2/4nPB1/1r2B2Q/2P5/2K3RR w - - 0 28	g4f5 b3b1 c1b1 d7b5 b1c1 g7b2 c1d1 e4c3 d1d2 b5e2	2512	92	attraction mate mateIn5 sacrifice
wsPz9	6kr/1p3pp1/p2R3p/5PB1/8/5Q2/Pqr3PP/5RK1 b - - 0 23	h6g5 d6d8 g8h7 f3h3	862	99	endgame mate mateIn2
wsqZI	r4r1k/1q1p2bp/6p1/pN1b1p2/1p2N3/5Q2/PB3PPP/3RR1K1 w - - 2 29	e4d6 d5f3 b2g7 h8g7 d6b7 f3d1	2435	92	
wsr1e	r2qkb1r/pbpnp2p/1p1p1p2/6Nn/3P3B/2P1P3/PP2BPPP/RN1QK2R b KQkq - 0 9	f6g5 e2h5	775	98	doubleBishopMate hangingPiece mate mateIn1
wtADy	2b1q1k1/p1Qn4/1p2N1p1/1PpP1p2/P1P2P2/5B1p/7K/8 b - - 3 37	d7f6 c7g7	780	100	endgame mate mateIn1
wuWcP	3r4/p7/1b3k2/1b1Bp3/4N1R1/1P4P1/6K1/8 b - - 11 48	f6f5 g4g5	940	100	endgame mate mateIn1
wvwZk	5R2/8/1p2p3/3k4/3r1PP1/3pK3/7P/8 b - - 2 35	d3d2 f8d8 d5c5 d8d4 d2d1q d4d1	796	100	endgame rookEndgame
wxqPW	3r3k/1pp1b2p/2n2r2/p6B/2b5/2B3QN/1PPK2PP/q2R3R w - - 7 21	d2e3 e7c5 e3e4 c4d5 d1d5 a1a4 b2b4 a4c2	2506	92	exposedKing sacrifice
wy80J	8/8/5p1p/2k1p3/p1P3PP/P2K4/8/8 w - - 0 43	d3c3 e5e4 h4h5 e4e3 c3d3 e3e2 d3e2 c5c4	1062	98	advancedPawn deflection endgame pawnEndgame quietMove zugzwang
wyrVH	3N3Q/p6p/4R1p1/k7/2P5/2n2P2/1q1r2PP/6K1 w - - 1 36	d8b7 a5b4 h8f8 b4b3	2523	91	defensiveMove endgame
wzIkv	r4rk1/3b1ppp/p1pQ4/4P3/B5n1/2N5/Pq3PPP/R3R1K1 w - - 1 17	d6d7 b2f2 g1h1 f2f4 d7g4 f4g4	2378	94	kingsideAttack
wzN63	rnb2rk1/ppp2ppp/8/2qPp3/2B1n3/2P2N2/P2BQPPP/R3K2R b KQ - 2 11	c8g4 e2e4 g4f3 g2f3	1800	88	hangingPiece
x15UO	3r1rk1/R4pp1/1p5p/5Q2/1q5P/5N2/6P1/7K b - - 0 32	f8e8 f5f7 g8h8 f7g7	901	98	endgame mate mateIn2
x1LVd	3q4/5ppk/1Rrr4/P3p2p/8/8/1Q3PPP/1R4K1 w - - 4 30	b6b8 d6d1 b1d1 d8d1	879	100	backRankMate endgame mate mateIn2
x1h7x	r3k1nr/pppn2pp/3bp1q1/4P3/4Np2/5N2/PPP1Q1PP/R1B1K2R b KQkq - 0 11	d7e5 f3e5 d6e5 e2b5	2058	93	
x3IxL	3r4/8/8/8/1P1n3R/1K6/2P2P1R/5k2 w - - 6 57	b3a4 d8a8	1056	92	anastasiaMate endgame mate mateIn1
x4Exz	8/7p/3Pk3/p1p1P1p1/8/4K3/1P5P/8 w - - 0 38	h2h3 h7h5 b2b3 g5g4 h3g4 h5g4	2304	93	endgame pawnEndgame quietMove
x4pbn	5rk1/pp1R1R1r/5Qp1/8/3P4/2q4P/5PPK/8 b - - 0 34	f8f7 d7d8 f7f8 f6f8	1380	91	endgame mate mateIn2
x7ZWS	6k1/1p1q2pp/r1nnp1r1/2Qp4/3p1B2/PBP4P/1P3PP1/R4RK1 b - - 4 22	b7b6 c5d6 d7d6 f4d6	1261	88	
x9JYH	8/7p/p4Qp1/3p2B1/qp2r1P1/7P/1P2k1K1/8 b - - 6 48	a4c2 f6f1	2012	94	endgame mate mateIn1
xBpHS	2r2rk1/p2q1ppp/1p1b1n2/1N1p4/1P1Pp3/P2BP3/5PPP/R1RQ2K1 w - - 0 19	b5d6 c8c1 a1c1 e4d3	2011	88	pin
xC1tc	r2k1b1r/ppp3pp/6q1/4pbB1/4B3/3P2Q1/PP3PPP/nN3RK1 b - - 5 14	f8e7 g5e7 d8e7 g3e5	1718	89	attraction
xCAeT	8/5pk1/4p2p/4PP2/6PK/8/8/8 b - - 5 59	g7h7 f5e6 f7e6 h4h5 h7g7 g4g5 h6g5 h5g5	2507	93	endgame pawnEndgame zugzwang
xEA1k	r1k2bnr/1p1q1pp1/2n4p/8/2Q2B2/5P2/PP3P1P/3RR1K1 b - - 2 18	d7f5 e1e8	863	100	mate mateIn1
xEXyu	r4rk1/pp1n1ppp/2p3q1/4pb2/2P2n2/2BP1N2/PPBQ1PPP/R4RK1 w - - 9 16	f3e5 g6g2	795	100	kingsideAttack mate mateIn1
xEbXY	3r2k1/pB3pbp/3q2p1/8/8/1Q5P/P4PP1/4R1K1 w - - 3 22	b7d5 d6d5 e1e8 g7f8 b3d5 d8d5	1359	92	endgame
xF8JL	8/1r2bk2/7p/1p4p1/P2R1P2/r7/2PB2PP/1KR5 w - - 0 28	d4d3 b5a4 d3b3 a4b3	1291	95	discoveredAttack endgame
xFVQB	2b2rk1/p5p1/2Bb1q1p/3P4/3p4/PQ3p2/1P3PPP/1R2R1K1 w - - 0 22	b3f3 d6h2 g1h2 f6h4 h2g1 f8f3	2182	91	attraction discoveredAttack kingsideAttack sacrifice
xFXOY	r2qkbnr/1p2pppp/p2p4/2p1N3/2B1P1b1/2N5/PPPP1PPP/R1BQK2R b KQkq - 0 7	g4d1 c4f7	1236	86	mate mateIn1
xFiJU	r1b2rk1/1pq2pp1/p3p1np/2b4Q/P2NP3/1B2B2R/1PP3PP/R5K1 w - - 0 17	d4e6 c5e3 h3e3 c8e6	2202	93	intermezzo
xGvWc	2k5/p5p1/8/1r1nN1N1/2pP1B2/P1P5/4K3/8 w - - 9 48	e5c4 d5f4 e2f3 b5g5	1368	95	discoveredAttack endgame hangingPiece
xHZ3i	5r2/2ppk1R1/1p2p3/p7/3P2NK/P1Pr3P/1P6/8 b - - 1 45	f8f7 g7f7 e7f7 g4e5 f7f6 e5d3	1102	91	attraction endgame fork
xJn9k	8/2r3p1/4Pp1p/k2b1P1P/1Rnp4/1K6/2P5/5B2 w - - 0 55	f1c4 c7c4 b4c4 a5b5 e6e7 d5c4 b3b2 c4f7	2112	93	attraction endgame exposedKing intermezzo pin sacrifice
xJyV6	5r2/1p2p1kp/p3q1pb/4N3/2PP4/1P3Q1P/P5P1/R5K1 w - - 1 29	f3b7 h6e3 g1h1 e3d4	1310	86	endgame
xK2je	3k4/p4p2/1p3p1p/2pKbP1P/B2p2P1/P2P4/1PP5/8 b - - 6 41	d8c7 g4g5 f6g5 d5e5	2315	91	bishopEndgame deflection endgame
xLbR3	1r4k1/1p6/pNn1p1q1/5n2/1P3p2/2Q3PP/P5K1/3RR3 w - - 0 39	b6d7 f4f3 c3f3 f5h4 g2f2 h4f3	2283	93	attraction pin
xLxbs	r1b3k1/ppb2ppp/2pq1pn1/8/3P1B2/2PB1N1P/PPQ2PP1/4R1K1 b - - 0 15	d6f4 e1e8 g6f8 d3h7 g8h8 e8f8	1312	87	deflection kingsideAttack mate mateIn3
xM765	4r1k1/pbr4p/1p1p2pB/3p1RQ1/8/2q5/P1P3PP/3R3K b - - 0 25	c7f7 f5f7 c3e1 f7f1	1537	92	
xMSGj	6k1/5p1p/4p1p1/1Pp5/5P2/1B5P/P5PK/2r5 b - - 3 33	c5c4 b5b6 g8g7 b6b7	1293	98	advancedPawn endgame
xNmuR	8/p7/K7/R7/8/1k6/8/1r6 b - - 16 47	b3b4 a5b5 b4c3 b5b1	798	97	endgame rookEndgame skewer
xOwRF	8/8/4P3/p2k4/1p1pn3/1P3KB1/P7/8 b - - 0 45	e4g3 e6e7 g3e4 e7e8q	1372	94	advancedPawn endgame knightEndgame promotion
xPTCZ	8/3R1Rpk/5P2/p5rp/6P1/7P/r7/6K1 b - - 0 39	h5g4 f7g7 g5g7 d7g7 h7h8 h3g4	2508	91	endgame rookEndgame
xQ5Ls	8/4R3/8/r6p/PK3k2/4p3/6P1/8 b - - 3 46	a5e5 e7e5 f4e5 b4c3 e3e2 c3d2 e2e1q d2e1	1922	100	endgame rookEndgame
xQln8	8/8/4k1p1/6p1/4KpP1/5P1P/8/8 w - - 7 53	h3h4 g5h4 e4f4 g6g5	1772	96	endgame pawnEndgame
xQoFc	r2q3r/ppp2kpp/2np1n2/4P1B1/6b1/2Q2N2/PPP2PPP/2KR3R b - - 0 13	c6e5 f3e5 d6e5 d1d8	1243	96	
xSIVY	N4b1r/pp1k2p1/4p1q1/2p1Pn2/3P4/6p1/PPP4P/R1BQ1RK1 w - - 0 18	d4c5 d7c8 a8b6 a7b6	2144	90	defensiveMove
xSdDC	k7/pr6/1r5p/5Qp1/P2q4/1P3P2/6PP/2R4K b - - 2 32	d4e3 c1c8 b7b8 f5d5 b6b7 c8b8 a8b8 d5d8	1596	89	attraction endgame mate mateIn4 pin
xT10L	1r2r1k1/p2R3p/2Q5/8/5p1P/2P1B3/qP2PP2/2K3NR w - - 2 22	e3d4 a2b2 c1d1 b2b1 d1d2 b8b2	1679	100	mate mateIn3 queensideAttack
xVrbg	8/1r1r2p1/1pk1P3/1R1p4/3K3p/2P4P/6P1/1R6 b - - 0 43	d7e7 d4e5 e7e8 b5d5	2007	88	endgame rookEndgame
xWlBe	8/5pk1/2Q4p/5Kp1/P7/6P1/5r2/8 w - - 2 39	f5g4 f7f5 g4h3 g5g4 h3h4 f2h2	1251	98	endgame mate mateIn3 queenRookEndgame
xX1qD	4r1k1/pp1nrpbp/3qn1p1/3p2P1/2pP1P2/P1P1BQNP/1P6/1B1RR1K1 w - - 1 22	f4f5 e6g5 e3g5 e7e1	1441	100	discoveredAttack kingsideAttack
xXiAt	2r5/8/k7/1R6/P3P2N/3rnNP1/5K2/8 w - - 3 47	b5b2 e3d1 f2g2 d1b2	1364	94	endgame fork
xXzh5	2r3k1/5ppp/3pb3/8/1P3B1P/3B1P2/p2K2P1/Rr5R b - - 5 28	b1h1 a1h1 c8a8 h1a1	1362	90	endgame
xYCKn	q5k1/2Q1bppp/3p1n2/p7/1p1P4/1P2B1nP/P6N/5RK1 w - - 0 26	c7e7 a8h1 g1f2 h1h2	1839	92	deflection
xZCC8	3rk2r/p1pbbppp/2B5/8/2q5/8/PP1P1PPP/R1BQR1K1 w k - 5 15	b2b3 c4c6 c1a3 d7e6 a3e7 e8e7	1866	92	hangingPiece
xZrkK	4r2k/p1Q3p1/8/7p/3pN2q/2Pn4/PP3PPP/4R1K1 w - - 0 21	g2g3 h4g4 c7f7 e8e4 e1e4 g4e4	2138	92	endgame
xb9L4	3rk3/1RR2ppQ/p1b1q3/4p3/3p4/6P1/7P/6K1 b - - 2 30	c6b7 h7h8	692	100	endgame mate mateIn1
xb9gu	r1bq1b1r/pppk2p1/2n1pnBp/3p4/2PP4/BP2PNR1/P4P2/RN1QK3 b Q - 0 12	c6e7 f3e5	826	100	mate mateIn1
xbQXM	3r1kr1/ppp4p/5p1b/7B/2P5/P2p3P/1P3PP1/1K1RR3 w - - 8 20	d1d3 d8d3 e1e8 f8g7 e8e7 g7h8	1058	93	endgame hangingPiece
xboz6	r1b2rk1/ppp4p/4pnpQ/8/2P1NP2/3Bq3/PP4PP/3R1K1R w - - 0 19	e4f6 f8f6 d3f5 f6f8 h2h4 e6f5	2478	90	
xbqqi	r5r1/p4k2/2b5/1np2R2/7N/3R4/6PP/6K1 b - - 8 32	f7g7 d3g3 g7h6 f5f6	1429	92	
xcE8Y	4rk2/4rpp1/1qpb3N/p4Q2/2R5/P3P2P/1P4P1/5RK1 w - - 1 30	f5h7 b6e3 g1h1 e3h6 h7h6 g7h6	1565	94	
xdByL	5k2/5r2/5R2/5pK1/8/5P2/8/8 b - - 13 59	f8g7 f6f7 g7f7 g5f5	1588	91	endgame rookEndgame
xeHkk	1k6/1b6/p3Q3/1p3B2/P1pP2q1/2P1Pp2/1P1r4/2RK1R2 w - - 1 33	d1d2 g4g2 f1f2 g2f2 d2d1 f2e2	1129	87	endgame mate mateIn3
xeUSz	1R6/6pk/2r3qp/p1Np1b2/P2P1p2/7P/3Q1PP1/6K1 w - - 3 33	g1h2 f4f3 g2g4 g6d6 h2g1 d6b8	2090	92	endgame fork
xep2H	3r1k2/1pR3p1/p5Bp/R2PPP2/8/4n3/P4r1P/7K w - - 1 33	d5d6 f2f1	614	100	endgame mate mateIn1
xfFgl	rn1q1rk1/pb3pp1/1ppb1n1p/3Pp3/2B1P2B/2N2N2/PPP3PP/R2Q1RK1 b - - 1 11	g7g5 f3g5 h6g5 h4g5	1522	92	
xfheC	8/p7/1p4p1/4b2p/P3k2P/6P1/2P3R1/1K6 w - - 2 36	g3g4 e4f3 g4h5 f3g2	1562	89	endgame
xgPP5	3r2k1/4Nppp/q2Pr1b1/8/4p3/pPB3Q1/P5PP/5RK1 b - - 7 32	g8h8 f1f7 a6b6 g1h1 e6e7 f7e7	2460	94	
xhR6j	6k1/1q4pp/p2Rp3/8/1p3P2/1P2n1P1/P6P/4Q2K w - - 1 38	h1g1 b7g2	749	99	endgame mate mateIn1
xhSVo	4R3/p5pk/2p4p/8/P1P2q2/1P2QP2/6PP/3r2K1 w - - 5 32	g1f2 f4h4 g2g3 h4h2	1975	86	endgame mate mateIn2
ximDC	r5k1/ppp2ppp/2n2qb1/8/1bP5/2N2P1P/PP1Q2P1/2KR1B1R w - - 1 17	a2a3 c6a5 f1d3 a5b3 c1c2 b3d2	2413	94	fork
xlgUu	2r1k2r/3nbpp1/pq2pnp1/1p6/1B1PN3/PB5P/1P1QKPP1/R6R w k - 12 24	b4a5 f6e4 a5b6 e4d2	1160	90	hangingPiece
xljRJ	4B3/4n2p/k2p2p1/P1pP1pP1/2K2P1P/8/8/8 w - - 9 43	h4h5 g6h5 e8h5 e7g6 h5d1 g6f4	2378	92	endgame
xn7g7	2r5/7p/pk1Q2p1/4Rp2/4p2P/P1q3P1/5P1K/8 b - - 4 51	c8c6 d6b8	1162	97	endgame mate mateIn1
xndvu	4k3/2n5/4p3/1P1b2Br/P6P/8/3R1P1r/3R1K2 b - - 0 34	d5f3 d2d8 e8f7 d1d7	759	100	
xnwIk	5k2/2b2p2/4P3/1p1p1K2/1Ppr4/P7/8/2B3R1 b - - 0 43	d4e4 c1h6 f8e7 e6f7 e7f7 g1g7	2101	95	advancedPawn attraction endgame
xoH6W	2k4r/ppp3Q1/7r/4PP2/1P6/P3q2P/3p2P1/3R1R1K w - - 2 33	f5f6 h6h3 g2h3 e3h3 h1g1 h3h2	1794	93	endgame mate mateIn3 sacrifice
xonqp	8/pp6/4rkR1/3pNp2/3Pb3/4K3/PPr5/6R1 b - - 0 34	f6e7 g6g7 e7d8 g7d7 d8c8 g1g8 e6e8 g8e8	1880	97	endgame exposedKing mate mateIn4
xosxs	r1bq2k1/5ppp/1ppNrn2/p1P1n3/4P3/P1N1P1P1/1P4BP/R2Q1RK1 w - - 0 16	g2h3 e6d6 c5d6 c8h3	1516	92	discoveredAttack
xpBUP	rn3rk1/ppq3p1/2p2pp1/3p4/3P2Q1/2P3P1/PP4PP/RN2R1K1 b - - 0 15	g8f7 g4e6	873	99	mate mateIn1
xpZwR	2br1r1k/1p2q1p1/p2Npp1p/4P2P/5Q2/5RR1/PPP3P1/2K5 w - - 2 28	e5f6 f8f6 g3g7 h8g7 f4e5 d8d6	2509	94	
xpvvC	2kr3r/ppp1R1pp/4p3/8/8/N7/P1p2PPP/R1B3K1 w - - 0 19	c1f4 d8d1 a1d1 c2d1q	845	98	advancedPawn backRankMate endgame mate mateIn2 promotion
xr9Es	2b4k/p3bqpp/1p6/nPpNpP2/P1P1Q1P1/8/6P1/3R2K1 b - - 2 36	c8b7 d5e7 f7e7 e4e5	2100	93	
xrlN0	2n3k1/2p1n1p1/p3PQ1p/7P/P7/2P3R1/3q1KP1/8 w - - 2 48	f2g1 d2e1 f6f1 e1g3	1172	100	endgame fork
xry3S	2r2r2/1q3pkp/p7/1p2R3/1P1p3b/P6P/2PQ1PP1/2R3K1 b - - 0 25	h4f6 e5h5 g7g8 d2h6 f8e8 h6f6	2093	93	
xtKTR	r4rk1/1ppqbppp/p2p1n2/4P3/3n4/2NB2QP/PP3PP1/R1B1R1K1 b - - 0 16	f6h5 g3g4 d7g4 h3g4 h5f6 e5f6	2574	93	fork trappedPiece
xtouq	8/1kn5/4p3/1KPpPp2/5Pp1/6P1/8/3B4 w - - 9 49	b5a5 b7c6 a5b4 c7a6 b4c3 a6c5	2527	92	deflection endgame
xtwUN	rr4k1/5p1n/4p1pp/1n1pNq2/3P1N2/p1P3PP/1P2QP2/R4RK1 b - - 1 25	a3b2 a1a8 b8a8 e2b5	1805	92	
xv39W	8/4r3/1p1P3p/p3Pk1P/P7/1P1K1p2/4R3/8 b - - 0 43	e7e5 e2e5 f5e5 d6d7 f3f2 d3e2 f2f1q e2f1	1632	93	advancedPawn endgame rookEndgame
xxjFD	2r1rk2/1b1n2b1/3P1pp1/p3p2N/1q2P3/1Bp1B3/P4QP1/2R2RK1 b - - 2 28	g6h5 f2f6 d7f6 f1f6 g7f6 e3h6 f6g7 c1f1	2121	91	exposedKing mate mateIn4 sacrifice
xyFJS	r1bq1r2/ppp2ppk/2nb1n1p/1B1p4/4p2Q/1P2P2P/PBPP1PP1/RN2K1NR w KQ - 2 10	b5c6 g7g5 b2f6 d8f6 h4e4 d5e4	2002	94	
xyZyU	3rr3/pp4np/3p1kp1/q3pp2/2P2P2/6QP/PP3PB1/3RR1K1 b - - 3 23	e5f4 g3h4 g6g5 h4h6	1409	90	
xzJXH	4r3/1k3K2/5B2/p2P3p/6p1/8/P5PP/8 b - - 3 43	e8c8 d5d6 b7c6 f7e6 c8e8 f6e7 e8b8 d6d7	2425	89	advancedPawn defensiveMove endgame
y0bRA	8/2Q2p1p/3P1kp1/2p2p2/3q4/6P1/5PKP/8 b - - 4 37	c5c4 c7e7 f6g7 d6d7 d4e4 e7e4	1634	88	advancedPawn endgame queenEndgame
y1phT	8/2K1p3/4kp2/7p/6pP/8/6P1/4N3 w - - 0 44	g2g3 e6d5 e1g2 e7e5 g2e3 d5e4	2411	93	defensiveMove endgame knightEndgame quietMove
y7SQu	6k1/5p1p/2q1p1p1/p1bpB3/3Q3P/1P2P1P1/P3NPK1/8 w - - 1 37	d4c3 d5d4 g2g1 d4c3	889	100	discoveredAttack endgame
y8WKq	5r2/pp4k1/3p2Pp/4pr1P/1PP4R/P3N1B1/4QP2/4K1q1 w - - 5 33	e1d2 f5f2 g3f2 f8f2	1101	97	pin
y9lIs	8/7r/5p2/p1p1k1pP/1p1p1b2/1P1PpB2/P1P3R1/6RK w - - 5 49	g2g4 h7h5 h1g2 h5h2 g2f1 h2f2	1190	90	endgame exposedKing
yAnl7	8/8/4p3/3pk1K1/7P/5P2/8/8 b - - 0 45	d5d4 h4h5 d4d3 h5h6 d3d2 h6h7 e5d4 h7h8q	1620	94	advancedPawn endgame pawnEndgame promotion quietMove
yBbtN	8/1N6/pk1p1p2/1p1Pp1p1/Pn2P2p/1B2KP1P/6P1/8 b - - 0 60	b6b7 a4a5 b4c6 d5c6	1967	92	endgame quietMove
yCuNx	5rk1/1p6/p5R1/5rpp/1P4Qb/P3P2P/3R2PK/4q3 b - - 1 38	g8h7 g4h5	1105	96	mate mateIn1
yDW9N	1r3rk1/6p1/3b1pPp/3ppq1P/p1P5/P4N2/1P1BQ3/K2R3R w - - 0 30	c4d5 f5c2 d1b1 d6a3 b2a3 b8b3	2480	91	sacrifice
yDjBh	5rk1/pp2qp2/3r1n1p/8/2N1p1Pp/2P1P3/PP2QP1P/1K1R4 w - - 0 23	d1d6 b7b5 d6f6 e7f6	1680	94	endgame
yEdMS	1r6/8/6K1/6R1/5k2/8/8/8 w - - 22 70	g6h5 b8h8 h5g6 h8g8 g6f6 g8g5	866	99	endgame rookEndgame
yFun4	5rk1/5p2/p7/1p1P1QpB/2p4b/P5q1/1P6/5R1K b - - 3 33	g8g7 f5f6 g7h7 h5g6 f7g6 f6e7 h7h6 e7f8	2364	93	endgame fork sacrifice
yHyFQ	r1r3k1/6pp/1p2pq1n/p2p1p1P/8/1PN2QR1/1PP2P2/2K3R1 b - - 3 23	c8c7 c3d5 e6d5 f3d5 g8h8 d5a8	1643	96	fork
yIcHi	2r1r3/p4pk1/2p1pN1p/4Pb1P/5Q2/4R3/P1q2PP1/6K1 b - - 4 26	e8d8 e3g3 f5g6 h5g6 c2b1 g1h2	1650	93	
yKTTD	6k1/1b1q1pp1/p2p3p/3pr3/8/1P1R2PP/P4PBK/3Q4 w - - 2 29	g2d5 e5d5 d3d5 d7c6	2179	91	endgame sacrifice
yKa6c	2kr3r/1b1p1p1p/p7/3PP1q1/2p2nP1/2N5/PPPQ1P2/2K3RR b - - 1 23	b7d5 h1h5 f4e2 c3e2 g5d2 c1d2	2167	92	
yLE7G	8/1p4k1/1p2K3/1P5P/n4P2/8/8/8 b - - 0 46	a4c5 e6e7 g7h6 f4f5 h6h5 f5f6	2035	92	defensiveMove endgame
yMavQ	r1b2rk1/5pb1/1qn3p1/ppNpP1Bp/1P1p1Q1P/P2P1N2/2P2PP1/R4RK1 w - - 0 21	f3d4 g7e5 d4c6 e5f4	1589	92	
yNRIO	r4rk1/pbp2pp1/1p2p1n1/4P2p/3qN3/8/PPQN1PRK/R7 b - - 1 21	g6f4 e4f6 g8h8 c2h7	1062	98	kingsideAttack mate mateIn2 pin
yNxFH	8/6p1/5rkp/5R2/6P1/5KP1/8/8 w - - 77 82	f5f6 g6f6 f3f4 f6g6 g4g5 h6h5	2529	92	defensiveMove endgame zugzwang
yOJTq	5R2/1p4k1/pqp3p1/4p2p/2P5/1P5P/P2r2PN/5R1K b - - 3 29	b6d4 f1f7 g7h6 f8h8 h6g5 h2f3	1194	95	endgame mate mateIn3
yP4W5	2k3r1/ppp5/3p3p/3P4/PP1QPq2/2N2N2/5K2/8 w - - 0 27	d4a7 g8g3 a7e3 g3g2 f2g2 f4e3	2520	91	deflection endgame exposedKing
yPokP	5Q2/8/8/p5K1/P2k4/8/8/2q5 w - - 17 59	g5h5 c1c5 f8c5 d4c5 h5g4 c5b4 g4f3 b4a4	1711	95	endgame queenEndgame
yQqv5	2R2k2/4r1p1/3r1nBp/8/6P1/2p4P/3bRP2/6K1 b - - 1 36	f6e8 c8e8 e7e8 e2e8	1217	95	mate mateIn2 xRayAttack
ySWkc	1Rb2k2/2q3pp/r2p4/p1r1pP2/Q1PpP3/6PP/6BK/1R6 b - - 5 39	f8f7 b1b7 c7b7 b8b7 c8b7 a4d7	1832	88	pin
yT7nZ	r2q1rk1/2p2pp1/p1np1n1P/1p6/8/PBP1B1Q1/1PP2P1P/2Kb3R b - - 0 17	g7g6 g3g6 g8h8 g6g7	1707	94	kingsideAttack mate mateIn2 pin
yTvpw	3r1b1r/3bn2p/5p2/R7/2k3p1/1p6/2qB1PPP/Q4RK1 b - - 9 37	b3b2 a1a2 c2b3 a5c5 c4c5 a2b3	1800	91	deflection
yTxp6	7k/pb1q2pp/1ppp2r1/8/4pn2/2P5/P1Q2PPP/R3RBK1 w - - 0 22	c2e4 f4h3 g1h1 h3f2	1830	93	deflection kingsideAttack pin
yUgAG	2R5/4k3/2p5/8/1p6/1P6/3r4/1K6 b - - 1 56	e7d6 c8d8 d6e6 d8d2	726	100	endgame rookEndgame skewer
yUpjV	5r1k/1p5p/p3pPp1/3pQ2N/4b3/5N1P/P5PK/2q5 b - - 3 32	g6h5 f6f7	889	95	advancedPawn discoveredAttack endgame mate mateIn1
yWVVJ	5rk1/pp3pbp/8/5P2/6q1/1B6/PP4P1/1Q3R1K w - - 0 31	f5f6 g4h4 h1g1 g7f6 f1f6 h4f6	1521	88	endgame
yXGMx	4n1k1/1B3pp1/6bp/p1pp4/1b1P4/1PN2P2/P2B1KPP/8 w - - 0 24	d4c5 d5d4 c3e4 g6e4 d2b4 e4b7	2098	91	endgame
yXS5i	r4r1k/1bpR3p/p1nb1ppB/1p1B4/8/P4N2/1P3PPP/R5K1 b - - 3 19	a8d8 h6g7	1085	100	mate mateIn1
yZWgK	4rrk1/p4p2/1pQ1n1pp/2p5/2P4q/5P2/PP2BNPP/R4RK1 w - - 3 19	c6e4 e6f4 g2g3 e8e4	2157	89	discoveredAttack
ya2Hm	3q4/4b1p1/p1r4p/1p2BBk1/3Pn1P1/P1P4P/1P3PK1/3N4 b - - 6 34	e4f6 h3h4 g5h4 e5g3 h4g5 f2f4	2153	100	attraction mate mateIn3
yaDxC	7k/1RP4p/8/4n3/8/2K5/6r1/8 b - - 2 50	g2g8 b7b8 e5g6 b8g8 h8g8 c7c8q	1163	94	advancedPawn attraction endgame promotion
yabpP	3k4/7R/4PK2/2p2p2/4r3/8/8/8 b - - 0 50	c5c4 h7h8 d8c7 e6e7 c7d7 h8d8	2209	95	advancedPawn endgame rookEndgame
ybJl6	4rb1r/2qk2pp/3p1p2/2pPB3/1pPn4/1P1PR2P/5QP1/R2B2K1 b - - 0 24	f6e5 f2f7 e8e7 d1g4	2167	92	
yce1r	8/8/5pp1/1p5p/1P2KP1P/Pk4P1/8/8 w - - 4 47	e4d5 b3a3 d5c5 a3a4 c5d4 a4b4 g3g4 f6f5	2518	91	endgame pawnEndgame
yd3ZI	3r1rk1/2p3pp/p3n3/1p1NpP2/1Pp5/2P1PP2/P6P/R3R1K1 b - - 0 20	f8f5 d5e7 g8f8 e7f5	887	98	endgame fork
ydZQJ	3r1rk1/pp3ppp/6n1/2pPP3/2P2P2/P7/1q2B1PP/R2Q1RK1 w - - 1 21	d1d3 g6f4 f1f4 b2a1	1181	91	deflection
ydyCB	8/8/1p1k4/pPpP4/P3PbP1/3K1p2/5B2/8 w - - 6 66	f2e3 c5c4 d3d4 f4e3 d4e3 c4c3	2260	93	bishopEndgame endgame
yemEx	8/2R5/6K1/1r1k1n1p/5P1P/8/8/8 w - - 0 51	g6f5 d5d6 f5f6 d6c7	998	97	discoveredAttack endgame rookEndgame
yf3iK	1r6/4NKP1/8/8/2k5/8/8/8 b - - 1 58	c4d4 e7c6 d4d5 c6b8	894	100	endgame fork
yf4UN	r1b2k1r/pp3pp1/6q1/2bN4/B7/3P2B1/PPP1nP1N/R2Q1RK1 w - - 1 18	d1e2 g6g3 g1h1 h8h2	1628	95	kingsideAttack mate mateIn2 pin
yfMYF	r1bq1rk1/1p1p1ppp/p1n2n2/1N2p1B1/1bB1P3/2N5/PPP2PPP/R2QK2R w KQ - 0 9	a2a3 a6b5 a3b4 a8a1 d1a1 b5c4	2024	94	discoveredAttack pin
yhFoz	5r1k/pppq2p1/2npp2P/4p1Q1/4P3/P2P3P/1PP2r2/2KR2R1 b - - 1 20	f8f7 h6g7 f7g7 g5h4 g7h7 h4f2	1947	94	advancedPawn fork
yhI6L	6r1/pp4pk/8/3pR2p/1q6/5P2/PP4R1/5K2 b - - 7 38	b4d4 e5h5	807	99	endgame mate mateIn1 queenRookEndgame
yiHZZ	4R3/7p/8/8/8/5p1P/3k1P1K/4r3 w - - 0 49	e8e1 d2e1 h2g3 e1e2 h3h4 h7h5 g3f4 e2f2	1408	96	endgame quietMove zugzwang
yiUjL	r3r1k1/bp1q1ppp/pnp2n2/5N2/1P1PBB2/P5QP/5PP1/4RRK1 b - - 4 21	f6e4 g3g7	658	100	kingsideAttack mate mateIn1
yim89	4rrk1/6p1/pp1Q4/4P3/6B1/P1P4P/1q3PP1/4R1K1 w - - 2 36	e1e4 b2b1 d6d1 b1e4	2035	92	endgame fork
yjK8h	3r4/3k1ppp/3B4/8/1PQ5/3p1P2/rqbK2PP/1NR4R w - - 2 32	c1c2 b2c2 c4c2 d3c2	1932	92	advancedPawn
yl2fB	2r1r1k1/5p1p/p4Pp1/1p4Q1/4p3/2q4P/P5P1/1R3R1K b - - 3 35	c8c6 b1c1 c3c1 f1c1	1915	86	endgame
ymoGR	r4rk1/p3q1pp/1p3p2/4b3/4Q3/2P2N2/PP4PP/R3K2R w KQ - 0 20	e1g1 e5h2 g1h2 e7e4	1473	94	discoveredAttack kingsideAttack
ynP7q	3rk2r/1pp1ppbp/p5p1/3NP2B/2P5/6Bq/PP3Pb1/R2QK1R1 b Qk - 3 16	g6h5 d5c7 e8f8 d1d8	1181	100	deflection discoveredAttack mate mateIn2
ynTgZ	5r2/pp3kp1/2nq4/3p3Q/3P1r2/P7/1PB2P2/2R1R1K1 b - - 0 30	g7g6 h5h7 f7f6 h7g6	1190	96	mate mateIn2
yoMC5	2kr4/1pp1np1p/p7/8/3n4/PR2PNq1/2P1B3/5Q1K w - - 0 24	f3d4 g3h4 h1g1 d8g8	1834	91	
yohEb	r5k1/p2Q1pp1/2p3bp/2N5/2p2P2/7P/Pq4PK/4R3 b - - 1 29	c4c3 e1e8 a8e8 d7e8 g8h7 c5d7 b2a3 d7f8 a3f8 e8f8	2386	95	endgame quietMove
ypHzV	3rr1k1/pqp2R2/8/n1B1P1p1/2PP2Pn/2P3Q1/7P/5RK1 w - - 1 27	g3d3 b7g2	851	100	mate mateIn1
ypaqb	8/8/2P2k1p/5p2/PP2p3/6rn/2R5/3R1K2 w - - 0 56	c6c7 g3g1 f1e2 g1g2 e2e1 g2c2	1942	96	endgame exposedKing skewer
yqrDy	rr4k1/p1p2pp1/1q5p/3Q4/2N1P3/P1P3bP/1PK2n2/5RR1 b - - 5 24	b6g6 f1f2 b8d8 d5f5 g6f5 f2f5	2302	91	
yrTJS	2k4r/pp2n3/2prpb2/3p1p1P/nq6/2PR1B2/P1QN1P2/KR6 b - - 1 34	b4c4 d2c4 d5c4 d3d6	1270	97	
ysdjQ	8/Rp3kp1/1Pp2p2/2Pp2p1/3P2N1/3rn2P/6PK/8 b - - 1 42	e3g4 h3g4 d3d4 a7b7 f7e6 b7c7	2136	92	endgame
ytLoF	r4rk1/p2q2p1/1p5p/2p3b1/3pP3/1P1P1PQ1/P3B2P/1R3RK1 b - - 0 23	f8f6 f3f4 g5f4 f1f4 f6f4 g3f4	1405	100	
ytyF1	r2q1rk1/4pp1p/P5p1/8/2Pb1P2/1Q2PR2/6PP/R1B3K1 w - - 0 22	e3d4 d8d4 b3e3 d4a1	980	91	fork
yuuQd	2k1rr1b/p7/Qp2q1pP/2p1N3/5P2/1NP5/PP6/5RK1 b - - 5 39	c8b8 b3c5 b6c5 a6e6 e8e6 e5d7 b8c7 d7f8 e6f6 f8h7	2339	88	fork sacrifice
ywLeX	6k1/r7/4p1p1/1p6/1q4PR/1Np2B2/2P1Q3/1K1R4 w - - 0 32	d1h1 a7a1 b1a1 b4a3 a1b1 a3b2	1499	93	attraction mate mateIn3 pin sacrifice
ywNo9	r2q2k1/pppn2pp/5p2/2bPP1Bn/2B1N1b1/3Q4/PPP3PP/R4K1R w - - 0 14	g5e3 d7e5 e4c5 e5d3	1445	87	
ywtV9	r5k1/2pq3r/p1pnR2R/3p1p2/5Q2/2P2P1P/P5P1/6K1 b - - 2 28	h7h6 f4h6 d7h7 e6g6 g8h8 h6g5	2475	97	endgame exposedKing
yxwSb	5rk1/p3Qpbp/2R3p1/8/5q2/5B1P/Pr3PP1/5RK1 w - - 0 21	e7a7 g7e5 g2g3 f4f3	2223	89	quietMove
yyKDB	rnbb1knr/1p3qB1/p2P4/2p5/3N4/2NQ4/PPP2PPP/4RRK1 b - - 0 15	f7g7 d6d7 c8d7 d4e6 d7e6 d3d8	2305	91	advancedPawn discoveredAttack exposedKing fork
yz0y9	8/pp4pk/7B/4b2Q/1P6/P4R1P/2r3P1/4q1K1 w - - 1 33	f3f1 c2g2 g1g2 e1g3 g2h1 g3h2	2037	95	attraction endgame mate mateIn3 sacrifice
z0d0F	5r1k/pp4pp/7q/3rp3/PB3b2/1P1Q3P/1P3P2/3R1R1K w - - 0 32	d3f3 e5e4 f3g2 d5g5	2238	97	clearance
z1k61	4r3/2R1n2N/2p1kpP1/7P/8/5P2/5K2/8 w - - 3 54	c7e7 e6e7 f2e3 e8d8	2446	92	defensiveMove endgame hangingPiece
z2Y1o	r4rk1/pp3q2/3p3p/1Q2bpp1/5p2/3B3P/PPP3P1/1RB3K1 b - - 3 23	f7a2 d3c4 a2c4 b5c4	1037	97	fork
z2lmV	b2r4/4k1p1/p4p2/N1P5/4P2p/1R5P/2P3P1/2K5 b - - 0 32	a8e4 b3e3 f6f5 a5c6 e7d7 c6d8	1517	89	endgame pin
z3OOP	5b2/8/p5p1/1p4B1/3P2p1/P1Pk1pP1/1P3P1P/2K5 w - - 0 41	c1b1 d3e2 g5e3 f8h6 e3h6 e2f2 b1a2 f2e2	2175	93	bishopEndgame defensiveMove deflection endgame sacrifice
z3S2x	1r2rk2/p6Q/2p1p2R/q2p4/2bP4/2N1P3/PP3PP1/1K1R4 b - - 1 22	a5c3 h6f6	1280	98	mate mateIn1
z47mH	8/8/8/3pp3/3P2P1/2k5/4K3/8 b - - 1 41	e5d4 e2d1 c3c4 g4g5	1920	97	defensiveMove endgame pawnEndgame
z5CUP	r6Q/2Bkpp2/8/1q1p2P1/Np1P2b1/1Pp1PN2/2P5/4K3 w - - 1 28	f3e5 d7c7 h8h2 a8h8 e5g4 h8h2	1993	92	hangingPiece
z5DdO	4k3/1p3p2/p5p1/3p4/1P6/P3nP1P/1B4P1/6K1 w - - 0 46	g1f2 e3d1 f2e2 d1b2	820	98	endgame fork
z5SUQ	7r/8/8/5p1P/4kN2/6P1/5PK1/8 b - - 4 66	e4e5 f4g6 e5e6 g6h8	689	100	endgame fork
z6B8C	1R6/5k1p/PB3p2/6p1/8/6PP/4r1PK/4n3 w - - 1 40	a6a7 e1f3 h2h1 e2e1 b6g1 e1g1	1662	87	arabianMate endgame mate mateIn3 pin
z6Oax	2r2rk1/2qnbpp1/p3p3/6P1/2N1b2P/4P3/PBP1B2K/R2Q1R2 w - - 3 22	h2g1 c7g3	907	99	mate mateIn1
z7oBv	4r1k1/1p1r1ppp/pBb2b2/2PN3n/1Pp5/5N2/P4PPP/R3R1K1 b - - 7 18	f6a1 e1e8	855	97	backRankMate hangingPiece mate mateIn1
z8IN6	r3kb1r/pbq1np2/1pN3p1/3p2p1/2pP4/2P5/PPB1QPPP/RN2R1K1 w kq - 0 15	c6e7 c7h2 g1f1 h2h1	1307	95	kingsideAttack mate mateIn2
z8RJN	8/2k3b1/1p3B2/p4Pp1/4PrNp/7P/bP1R3K/8 b - - 0 41	f4g4 f6d8 c7c8 h3g4	1988	94	endgame intermezzo
z8v3K	6rk/ppbb2p1/2n1pnQp/8/1P6/P2BBP2/4K1Rq/3R4 b - - 1 27	h2e5 d1h1 c6d4 e2f2 e5f4 e3f4	2204	95	defensiveMove
z9Ygv	r4k1r/1p3ppp/pq3n2/3p4/5R2/2P4P/P1P1B1P1/R2Q3K b - - 2 17	g7g6 a1b1 b6e6 d1d4	2131	91	
z9rkj	r3k2r/pp2bppp/2b5/7q/8/2P3P1/PPB2P1P/R1B1RQK1 w kq - 0 21	b2b3 h5f3 c2e4 c6e4 e1e4 f3e4	1542	86	
zA0Ob	8/1p4p1/p4p1p/PbkPp3/2N1Pn2/2K4P/1N3PP1/8 b - - 0 39	f4g2 b2d3	1037	100	endgame mate mateIn1
zAcPC	r3r1k1/pbppqppp/1pn5/8/3B4/2PB1P2/P1PQ2PP/R4RK1 b - - 4 15	g8h8 d2h6 e7e3 h6e3 e8e3 d4e3	1993	95	pin
zDKaC	1k6/3p4/1K6/1P6/8/8/8/8 b - - 2 63	b8c8 b6a7 c8c7 b5b6	1196	98	endgame pawnEndgame
zDlQw	2r2B1r/1p5k/p5p1/3Bp3/6P1/5n2/1PP5/1K5R b - - 2 29	f3h4 h1h4	646	100	endgame hangingPiece mate mateIn1
zER4w	r6k/pp4p1/3p1p1p/2p4q/3n4/3BQ3/PP3P1P/3R2RK w - - 4 25	e3e7 h5f3 g1g2 f3d1 g2g1 d1f3	2088	91	deflection fork
zESCI	r1b1k2r/2q5/p2bp1Q1/1pp4p/3n1P2/7B/PPP3PP/R1B2RK1 b kq - 0 18	e8d8 g6f6 c7e7 f6h8	1027	91	fork
zEdXC	br1r2k1/5pbp/4p1p1/2pq4/8/1NP1B1Q1/PP3PPP/1R3RK1 w - - 0 23	b1d1 d5d1 g3b8 d1f1	1314	90	kingsideAttack
zFQIr	8/p2k1pp1/3Pp2p/2P5/R2P1P2/1r2K3/6PP/8 w - - 3 38	e3e4 f7f5 e4e5 b3e3	933	100	endgame mate mateIn2 rookEndgame
zFQOd	1r3r1k/2p3p1/3p3p/p2Bpq2/2P5/P2PQpP1/1P2bP1P/2R1R1K1 w - - 4 24	d5e4 f5h3 e4f3 e2f3	1239	91	
zFlib	6k1/2p3pp/p4q2/3Qp3/P1P5/3PP2P/6PK/r7 b - - 6 34	g8h8 d5a8 f6d8 a8d8	1368	90	backRankMate endgame mate mateIn2
zGLdi	r3k2r/p1b2ppp/1pP2n2/4q1B1/4P3/2N4P/PP2QPP1/R2R2K1 w kq - 3 19	g5f6 e5h2 g1f1 h2h1	745	100	kingsideAttack mate mateIn2
zGjpE	7r/p1q1bkp1/4B3/4PpPp/2P2P1n/3QB3/P6K/1r3R2 b - - 0 31	f7e6 d3d5	1158	100	mate mateIn1
zGooG	r1b1k2r/ppp2p1p/2n5/6p1/4P3/2P1qNK1/PP1Q1nPP/RN3B1R w kq - 2 14	h1g1 f2e4	1327	94	mate mateIn1
zHPPC	8/3B1k2/5P2/2pbP1K1/1p6/8/8/8 b - - 8 56	c5c4 g5f5 c4c3 e5e6 d5e6 d7e6 f7e8 e6b3	2442	92	bishopEndgame defensiveMove endgame exposedKing
zHxVd	8/8/8/2P5/7k/4p3/5rR1/7K b - - 1 38	f2g2 h1g2 e3e2 g2f2 e2e1q f2e1	909	99	endgame
zIF6p	r4rk1/pbp3p1/1p1p3p/3P1n2/2P1N3/P2Q2Pq/5P1P/R1B2RK1 w - - 1 18	c1b2 f5h4 g3h4 h3d3	1740	91	quietMove
zIUMb	5k2/R7/6p1/3p4/P5P1/3K4/7b/8 w - - 0 43	d3d4 h2g1 d4e5 g1a7	1026	100	endgame skewer
zIune	3r1rk1/1p3pp1/1np2np1/p7/Pb1qP1P1/1PNBR2P/1BPQ1P2/R5K1 b - - 5 18	f6e4 e3e4 d4e4 c3e4 b4d2 e4d2	1648	97	
zJ7gl	6k1/5p1p/p2Nprp1/3p4/8/8/PPn3PP/2R3K1 b - - 1 31	c2d4 c1c8 g8g7 d6e8 g7f8 e8f6	1101	100	discoveredAttack endgame fork
zL4S5	2k4r/B1p3p1/p1Pb3p/1p2qp2/P3p3/1B6/1P2QPPP/3R2K1 w - - 1 25	a4b5 e5h2 g1f1 h2h1	682	100	kingsideAttack mate mateIn2
zMHxP	8/8/6p1/1p3p1k/2nKpP2/2P3PP/8/2B5 w - - 1 39	d4c5 e4e3 c1e3 c4e3	1116	96	endgame
zMTOG	3r1kr1/1R3p2/B1Q1p2p/3pP1q1/3P3b/2P4K/PR3P1P/8 w - - 3 31	c6c5 f8g7 c5e7 g5e7 b7e7 h4e7	1634	94	defensiveMove
zMfKm	3r2k1/pp3p1p/1q1bpNp1/3p4/6Q1/1Pr4P/P1P2PP1/3R1RK1 b - - 1 25	g8h8 g4h4 h8g7 f6g4	2443	92	defensiveMove
zMz90	1Q6/8/2K5/b6p/P7/1B6/2pk4/8 w - - 0 59	b8d8 a5d8 b3c2 d2c2 c6d5 c2d3 d5e5 d3e3	2180	94	defensiveMove endgame hangingPiece
zOMoI	r1b2rk1/1p2ppbp/p1np2p1/3Q2N1/2N1n2q/2P1B2P/PP2BPP1/R4RK1 b - - 3 15	e7e6 d5e4 h4e4 g5e4	1393	91	
zOao5	1k6/1p3p2/p2n3p/8/1q4Pp/1P3Q2/P1P2PBP/2K5 w - - 3 28	c1b2 d6c4 b2c1 b4d2 c1b1 d2e1 f3d1 e1d1	2092	92	endgame mate mateIn4 pin
zOeZY	7r/R4pk1/6p1/3p2P1/1ppP1N2/1b2P3/1r1nBPK1/2R5 b - - 1 38	d2e4 f4e6 g7g8 a7a8 g8h7 c1h1	1396	95	mate mateIn3 pin
zPONm	8/5pk1/3R4/Q3P1p1/2pKq3/P2b4/7P/8 w - - 7 62	d4c3 e4e1 c3d4 e1a5	1264	93	endgame skewer
zPQxQ	8/p7/8/4k3/1P1p4/3K3p/P6P/8 w - - 1 45	a2a4 e5d5 b4b5 d5c5 d3e4 c5c4 a4a5 c4b5	2372	92	endgame pawnEndgame zugzwang
zRnOQ	3r2k1/5p2/1q5p/1p4p1/1PpN2P1/2QbPP2/3R4/6K1 b - - 4 43	b6d6 d4f5 d3f5 d2d6	1398	94	discoveredAttack endgame
zRsj8	rnb1k2r/pp2ppbp/3p1np1/q1pP4/5B2/2NQPN2/PPP2PPP/R3KB1R b KQkq - 0 7	f6d5 d3b5 a5b5 f1b5 e8d8 c3d5	1930	94	
zSIdZ	2r1kbQ1/3b1p2/p3p2p/3pP3/P1nP4/5N2/1q1NBPPP/5RK1 w - - 2 19	f1b1 c4d2 f3d2 b2d2	1975	92	
zSnM0	2rkr3/1p3p2/1p1p3Q/pP1P4/P2nP3/4N1P1/5PK1/q6R b - - 1 33	a1c3 h6d6	996	97	mate mateIn1
zSpmM	8/2R3kp/p5p1/1p6/rP4PP/8/6K1/8 b - - 0 47	g7h6 g4g5 h6h5 g2g3 h7h6 c7h7 a4a3 g3f4 a3f3 f4f3	2276	92	endgame rookEndgame
zUJIB	r2q1rk1/3n1pbp/p3p1Pn/3pP1N1/3p1P2/2NQ4/PP4P1/R1B2RK1 b - - 0 17	d4c3 g6f7 f8f7 d3h7	1798	93	advancedPawn discoveredAttack kingsideAttack
zUeeb	8/8/1p2kp2/2p4P/3p1KP1/P7/1P6/8 w - - 0 39	h5h6 e6f7 h6h7 f7g7	1153	89	endgame pawnEndgame
zUiLs	4r1k1/ppp2ppp/2pb4/3q4/4r3/2PN1QP1/PP1P3P/R1BK3R w - - 1 16	h1e1 e4e1 d3e1 e8e1 d1e1 d5f3	1408	96	
zWAQu	8/1p6/2pKN3/pk6/7R/2r5/8/8 b - - 3 49	b7b6 e6c7	1577	98	endgame mate mateIn1
zWDCx	2r3k1/2Pq1p1p/8/1p2R3/p4Q1K/P5P1/7P/8 b - - 6 38	c8c7 f4g5 g8h8 g5f6	2138	92	endgame
zWoRC	1r4k1/2p2p1p/6p1/p7/1q1P4/1r2P1P1/PKBQ2PP/4R2R w - - 0 31	b2c1 b3b1 c2b1 b4b1	834	100	mate mateIn2 queensideAttack sacrifice
zYIJZ	8/p4k2/1p4N1/6K1/2Pn3P/8/7r/6R1 w - - 2 45	h4h5 d4f3 g5g4 f3g1	904	95	endgame fork
zYvem	r2qkb1r/pp3pp1/4pn1p/3p4/3n4/1BNP1Q1P/PPPB1PP1/R4RK1 w kq - 3 12	f3e3 d4b3 a2b3 d5d4	2146	94	
zZNjg	Q7/1p2pk2/2pp1rp1/p4n2/P1P5/KP6/3q4/5R1R w - - 6 36	a8b7 f5e3 f1f6 f7f6	2352	92	endgame
zdIJA	8/8/R4n2/P1p1pkp1/7p/5P1P/1b1K4/8 b - - 0 49	e5e4 a6f6 f5f6 a5a6	1984	92	endgame sacrifice
zdKpI	r1bqk2r/ppppnppp/1b6/3NPnB1/1P4Q1/P7/2P2PPP/R3KB1R b KQkq - 6 12	h7h6 g5e7 f5e7 g4g7 e7d5 g7h8	1963	95	discoveredAttack
zeAiX	2r2rk1/5pp1/8/Q1p4p/3p4/1P3q2/P1PB1PRP/4R2K w - - 0 29	e1g1 h5h4 a5b5 h4h3 b5d3 h3g2	1938	95	advancedPawn quietMove
zfEh0	5Q2/7p/8/4B1K1/8/1kp5/7P/6q1 w - - 1 49	g5h6 g1g6	1105	96	endgame mate mateIn1
zfEs2	8/5pp1/1Q2pq1p/2Pk4/5P1P/6P1/6K1/8 b - - 2 48	f6d4 b6d6 d5e4 d6d4 e4d4 c5c6 d4d5 c6c7	1214	97	advancedPawn endgame queenEndgame
zg16w	3r2k1/pp4p1/2n4p/1Q6/8/5r1P/PP4K1/6R1 b - - 1 23	d8d2 g2f3 c6d4 f3e3 d4b5 e3d2	967	95	endgame hangingPiece
zi59P	8/7p/4N2k/p4Kp1/7r/8/8/2R5 b - - 1 50	h6h5 c1c7 h4f4 e6f4	2319	91	endgame
ziuwm	8/N2q4/6pk/8/5R2/1B2P1Pp/P2r1P2/5RK1 w - - 3 33	f4f7 d7d3 b3e6 h3h2 g1h2 d3f1	2455	92	advancedPawn deflection endgame
zj9WL	r1bq1rk1/ppp1bppp/2n1pn2/6B1/3P4/2PB1N2/PP4PP/RN2QRK1 b - - 6 9	f6d5 d3h7 g8h7 e1h4 h7g8 g5e7 d8e7 f3g5 e7g5 h4g5	2318	91	attraction fork sacrifice
zkI5y	2rr2k1/1b3ppp/p3p1q1/1p6/1P6/PB2PP2/4Q1PP/2R2RK1 b - - 1 22	g6d3 c1c8 b7c8 f1d1 d3d1 b3d1	1888	95	
zkQqi	r1r3k1/1ppR2pp/3N4/2q2p2/p1B1p3/8/P4PPP/5RK1 b - - 3 26	g8f8 d7f7 f8g8 f7f5 c5c4 d6c4	1969	91	discoveredAttack
zkinY	5rk1/p5pp/1p2p3/2pn1r2/2Q1N2q/1P1P3P/P3RPP1/2B2K1R w - - 9 23	e4d6 f5f2 f1g1 h4c4 d3c4 f2e2	2407	88	
zkzDZ	2R1rk2/pp1Q1pp1/4p2p/3pP3/3P1PPb/1P4KP/P4B2/4q3 w - - 12 29	g3h4 e1f2 h4h5 g7g6 h5h6 f2h4	1206	98	endgame hangingPiece mate mateIn3
zmkFm	2r5/2Pk4/1R1P4/1p6/4p3/5p1P/2K5/8 w - - 0 43	c2d2 f3f2 d2e2 c8f8	2363	91	advancedPawn defensiveMove endgame rookEndgame
zmu00	6k1/Q1p3pp/2r1pr2/8/8/5P2/P3nBPq/2R2R1K w - - 0 24	h1h2 f6h6 f2h4 h6h4	795	99	anastasiaMate mate mateIn2
zmyWX	8/4r1b1/8/R7/2P2pk1/4p3/PP4P1/4R1K1 w - - 0 42	b2b3 g7c3 a5d5 c3e1	1452	96	endgame fork
znWTo	8/5pkp/4p1p1/1Q6/5nPP/4qP2/1R6/3R2K1 w - - 2 42	b2f2 f4h3 g1h2 e3f2 h2h3 f2f3	1927	93	deflection endgame exposedKing fork
znuep	2k5/pppqn3/5p2/PP4p1/2QPR3/6b1/8/R1B3Kr w - - 0 25	g1h1 d7h3 h1g1 h3h2 g1f1 h2f2	955	89	exposedKing mate mateIn3
zo3oV	8/8/8/4p3/5p2/3k1P2/5P2/4K3 w - - 22 56	e1f1 d3d2 f1g1 d2e1 g1g2 e1e2	1965	92	endgame pawnEndgame zugzwang
zpTU0	8/2Q3p1/p3ppkp/8/8/2NqB2P/Pr3PP1/6K1 w - - 4 34	c3a4 d3d1 g1h2 d1a4	1829	95	endgame fork
zpWAe	r2qk1r1/pb1p3p/3b1p2/1Bp1nP2/8/2NP1N2/PPP1QPPP/R4RK1 w q - 3 12	b5c4 b7f3 c4g8 f3e2	974	98	pin
zrpHl	3b4/5p2/2p3r1/p3k3/2B1Pp2/5P2/PP4PK/2R5 w - - 0 39	c4f7 g6h6 h2g1 d8b6 g1f1 h6h1 f1e2 h1c1	1068	88	endgame skewer
zrpOV	3rr1k1/pp3ppp/1q6/7b/1b1N3Q/1P2PR1P/P1B3P1/R5K1 b - - 0 20	h5f3 h4h7 g8f8 d4f5 b6e3 f5e3	2173	94	
zrsse	k7/3Q4/1qp5/1p2P3/1Kp5/8/PPP5/8 w - - 0 43	e5e6 c6c5 b4c3 b6a5 b2b4 a5b4	1630	96	endgame mate mateIn3 queenEndgame
zsb3O	8/8/8/4K3/k1p5/2P5/8/8 b - - 2 52	a4a3 e5d5 a3b3 d5d4	1825	93	endgame pawnEndgame zugzwang
zsmAe	r1k4r/p4RQp/bpp5/8/2PP4/KB6/P2q1PPP/8 b - - 8 28	d2c1 a3a4 b6b5 a4b4 c6c5 b4c5 c1a3 c5c6 a6b7 f7b7 a3a6 c6c5 a6b7 g7h8	2436	91	queensideAttack
zt4Me	4R3/1p3ppk/p6p/3P2q1/2n1B1P1/7P/P7/5RK1 b - - 2 29	g7g6 f1f7	826	100	endgame mate mateIn1
zt4ob	2k5/1p2Q3/p1q1p3/P3P3/3p3p/2P2r2/7P/2R3BK w - - 0 34	c3d4 f3c3 d4d5 c6d5	1782	94	discoveredAttack endgame mate mateIn2
ztzGB	8/p2bqp1k/1p5p/2pP1p2/2P5/2BQ3P/P5P1/6K1 b - - 0 32	e7e4 d3g3 e4d4 c3d4	1546	97	endgame quietMove
zuCrv	8/4p1kp/r2q1pp1/1pR5/3P4/1B2PR1P/1P3NP1/6K1 w - - 11 35	c5c2 a6a1 f2d1 a1d1	927	98	endgame
zuPSl	r2q1r1k/pp2b1B1/2np1pP1/5P1Q/2n4P/2N5/PP3P2/R4RK1 b - - 0 20	h8g7 h5h7	683	100	mate mateIn1
zv3Mo	5k2/1r1n1p1p/2q1p1p1/3pP3/NPr2P2/Q7/6PP/1R3R1K b - - 5 31	b7a7 b4b5 c6c5 a4c5 a7a3 c5d7	1181	89	discoveredAttack
zvIlG	2k1r3/ppp2ppp/2nb4/3p4/PP1P3n/2PB1PNq/5P1P/R1BQ2K1 w - - 1 16	d3f1 e8e1 d1e1 h4f3 g1h1 h3h2	1977	93	deflection fork mate mateIn3 pin sacrifice
zvTgC	4rrk1/pp1N2pp/8/2b5/4p3/P1N2p1P/1PnP1Pq1/R1BQKR2 w Q - 0 25	d1c2 c5f2 f1f2 g2h1 f2f1 f3f2 e1d1 h1f1	2547	91	advancedPawn deflection mate mateIn4 sacrifice
zwNFO	r4rk1/1p2ppbp/pn4p1/4n3/P2q4/2N1BQ2/BP4PP/R4RK1 w - - 0 17	e3d4 e5f3 f1f3 g7d4	680	100	discoveredAttack kingsideAttack
zwSKE	8/6kp/3q2p1/4r3/1pPp2P1/1P5P/5Q2/5RK1 b - - 3 39	e5e7 f2f8	1039	99	endgame mate mateIn1
